date,week_start,rank,album_id,title,weekly_streams,units_am,units_am_ts,units_am_overall,units_spotify,units_charts,units_surplus,total_units,track_count,prev_rank,change,rank_change,percentage_change,weeks_on_chart,peak_position,times_at_peak
2025-01-08,2025-01-02,1,the_tortured_poets_department,THE TORTURED POETS DEPARTMENT,63162242,3099040,3099040,0,46459851,7487597,55674645,49558891,28,,NEW,,,1,1,1
2025-01-08,2025-01-02,2,folklore,folklore,59214505,1881560,1881560,0,41450154,0,59214505,43331714,17,,NEW,,,1,2,1
2025-01-08,2025-01-02,3,lover,Lover,39951907,1881560,1881560,0,31879585,13044164,26907743,33761145,17,,NEW,,,1,3,1
2025-01-08,2025-01-02,4,midnights,Midnights,34872574,2434960,2434960,0,24410803,0,34872574,26845763,22,,NEW,,,1,4,1
2025-01-08,2025-01-02,5,reputation,reputation,29188158,1660200,1660200,0,20431710,0,29188158,22091910,15,,NEW,,,1,5,1
2025-01-08,2025-01-02,6,fearless_taylor_s_version,Fearless (Taylor's Version),23127981,2877680,2877680,0,16189589,0,23127981,19067269,26,,NEW,,,1,6,1
2025-01-08,2025-01-02,7,1989_taylor_s_version,1989 (Taylor's Version),24142758,1881560,1881560,0,16899930,0,24142758,18781490,17,,NEW,,,1,7,1
2025-01-08,2025-01-02,8,red_taylor_s_version,Red (Taylor's Version),20812254,3209720,3209720,0,14568580,0,20812254,17778300,29,,NEW,,,1,8,1
2025-01-08,2025-01-02,9,speak_now_taylor_s_version,Speak Now (Taylor's Version),19592429,2434960,2434960,0,13714700,0,19592429,16149660,22,,NEW,,,1,9,1
2025-01-08,2025-01-02,10,1989,1989,22296707,442720,442720,0,15612108,14712,22281995,16054828,4,,NEW,,,1,10,1
2025-01-08,2025-01-02,11,evermore,evermore,18356240,1881560,1881560,0,12849367,0,18356240,14730927,17,,NEW,,,1,11,1
2025-01-08,2025-01-02,12,taylor_swift,Taylor Swift,3785867,1438840,1438840,0,2650109,0,3785867,4088949,13,,NEW,,,1,12,1
2025-01-08,2025-01-02,13,red,Red,3968489,110680,110680,0,2777942,0,3968489,2888622,1,,NEW,,,1,13,1
2025-01-15,2025-01-09,1,the_tortured_poets_department,THE TORTURED POETS DEPARTMENT,63797852,3099040,3099040,0,45557499,2996668,60801184,48656539,28,1,,0,-1.8,2,1,2
2025-01-15,2025-01-09,2,folklore,folklore,61514570,1881560,1881560,0,43060200,0,61514570,44941760,17,2,,0,3.7,2,2,2
2025-01-15,2025-01-09,3,lover,Lover,40143337,1881560,1881560,0,31901914,12671921,27471416,33783474,17,3,,0,0.1,2,3,2
2025-01-15,2025-01-09,4,midnights,Midnights,35127808,2434960,2434960,0,24589465,0,35127808,27024425,22,4,,0,0.7,2,4,2
2025-01-15,2025-01-09,5,reputation,reputation,28784362,1660200,1660200,0,20149051,0,28784362,21809251,15,5,,0,-1.3,2,5,2
2025-01-15,2025-01-09,6,fearless_taylor_s_version,Fearless (Taylor's Version),23546021,2877680,2877680,0,16482214,0,23546021,19359894,26,6,,0,1.5,2,6,2
2025-01-15,2025-01-09,7,1989_taylor_s_version,1989 (Taylor's Version),24705996,1881560,1881560,0,17294197,0,24705996,19175757,17,7,,0,2.1,2,7,2
2025-01-15,2025-01-09,8,red_taylor_s_version,Red (Taylor's Version),21179462,3209720,3209720,0,14825620,0,21179462,18035340,29,8,,0,1.4,2,8,2
2025-01-15,2025-01-09,9,speak_now_taylor_s_version,Speak Now (Taylor's Version),19977690,2434960,2434960,0,13984381,0,19977690,16419341,22,9,,0,1.7,2,9,2
2025-01-15,2025-01-09,10,1989,1989,21952962,442720,442720,0,15367073,0,21952962,15809793,4,10,,0,-1.5,2,10,2
2025-01-15,2025-01-09,11,evermore,evermore,18496551,1881560,1881560,0,12947588,0,18496551,14829148,17,11,,0,0.7,2,11,2
2025-01-15,2025-01-09,12,taylor_swift,Taylor Swift,3724886,1438840,1438840,0,2607419,0,3724886,4046259,13,12,,0,-1.0,2,12,2
2025-01-15,2025-01-09,13,red,Red,4083087,110680,110680,0,2858161,0,4083087,2968841,1,13,,0,2.8,2,13,2
2025-01-22,2025-01-16,1,the_tortured_poets_department,THE TORTURED POETS DEPARTMENT,63476720,3099040,3099040,0,44895276,1538575,61938145,47994316,28,1,,0,-1.4,3,1,3
2025-01-22,2025-01-16,2,folklore,folklore,62034667,1881560,1881560,0,43424268,0,62034667,45305828,17,2,,0,0.8,3,2,3
2025-01-22,2025-01-16,3,lover,Lover,40603874,1881560,1881560,0,32153076,12434552,28169322,34034636,17,3,,0,0.7,3,3,3
2025-01-22,2025-01-16,4,midnights,Midnights,35369257,2434960,2434960,0,24758478,0,35369257,27193438,22,4,,0,0.6,3,4,3
2025-01-22,2025-01-16,5,reputation,reputation,30058597,1660200,1660200,0,21041019,0,30058597,22701219,15,5,,0,4.1,3,5,3
2025-01-22,2025-01-16,6,fearless_taylor_s_version,Fearless (Taylor's Version),24054138,2877680,2877680,0,16837896,0,24054138,19715576,26,6,,0,1.8,3,6,3
2025-01-22,2025-01-16,7,1989_taylor_s_version,1989 (Taylor's Version),24942005,1881560,1881560,0,17459403,0,24942005,19340963,17,7,,0,0.9,3,7,3
2025-01-22,2025-01-16,8,red_taylor_s_version,Red (Taylor's Version),21414800,3209720,3209720,0,14990358,0,21414800,18200078,29,8,,0,0.9,3,8,3
2025-01-22,2025-01-16,9,speak_now_taylor_s_version,Speak Now (Taylor's Version),20219879,2434960,2434960,0,14153915,0,20219879,16588875,22,9,,0,1.0,3,9,3
2025-01-22,2025-01-16,10,1989,1989,22747899,442720,442720,0,15923529,0,22747899,16366249,4,10,,0,3.5,3,10,3
2025-01-22,2025-01-16,11,evermore,evermore,18217065,1881560,1881560,0,12751945,0,18217065,14633505,17,11,,0,-1.3,3,11,3
2025-01-22,2025-01-16,12,taylor_swift,Taylor Swift,3789719,1438840,1438840,0,2652804,0,3789719,4091644,13,12,,0,1.1,3,12,3
2025-01-22,2025-01-16,13,red,Red,4192347,110680,110680,0,2934643,0,4192347,3045323,1,13,,0,2.6,3,13,3
2025-01-29,2025-01-23,1,the_tortured_poets_department,THE TORTURED POETS DEPARTMENT,62174303,3099040,3099040,0,43947577,1418556,60755747,47046617,28,1,,0,-2.0,4,1,4
2025-01-29,2025-01-23,2,folklore,folklore,61772516,1881560,1881560,0,43240762,0,61772516,45122322,17,2,,0,-0.4,4,2,4
2025-01-29,2025-01-23,3,lover,Lover,40797486,1881560,1881560,0,32140784,11941816,28855670,34022344,17,3,,0,-0.0,4,3,4
2025-01-29,2025-01-23,4,midnights,Midnights,35374675,2434960,2434960,0,24762273,0,35374675,27197233,22,4,,0,0.0,4,4,4
2025-01-29,2025-01-23,5,reputation,reputation,30634023,1660200,1660200,0,21443818,0,30634023,23104018,15,5,,0,1.8,4,5,4
2025-01-29,2025-01-23,6,fearless_taylor_s_version,Fearless (Taylor's Version),24212640,2877680,2877680,0,16948846,0,24212640,19826526,26,6,,0,0.6,4,6,4
2025-01-29,2025-01-23,7,1989_taylor_s_version,1989 (Taylor's Version),25287270,1881560,1881560,0,17701089,0,25287270,19582649,17,7,,0,1.2,4,7,4
2025-01-29,2025-01-23,8,red_taylor_s_version,Red (Taylor's Version),21590801,3209720,3209720,0,15113561,0,21590801,18323281,29,8,,0,0.7,4,8,4
2025-01-29,2025-01-23,9,speak_now_taylor_s_version,Speak Now (Taylor's Version),20600063,2434960,2434960,0,14420043,0,20600063,16855003,22,9,,0,1.6,4,9,4
2025-01-29,2025-01-23,10,1989,1989,23149220,442720,442720,0,16204453,0,23149220,16647173,4,10,,0,1.7,4,10,4
2025-01-29,2025-01-23,11,evermore,evermore,18120165,1881560,1881560,0,12684115,0,18120165,14565675,17,11,,0,-0.5,4,11,4
2025-01-29,2025-01-23,12,taylor_swift,Taylor Swift,3846612,1438840,1438840,0,2692629,0,3846612,4131469,13,12,,0,1.0,4,12,4
2025-01-29,2025-01-23,13,red,Red,4244656,110680,110680,0,2971259,0,4244656,3081939,1,13,,0,1.2,4,13,4
2025-02-05,2025-01-30,1,the_tortured_poets_department,THE TORTURED POETS DEPARTMENT,67200174,3099040,3099040,0,48228902,3962608,63237566,51327942,28,1,,0,9.1,5,1,5
2025-02-05,2025-01-30,2,folklore,folklore,61302287,1881560,1881560,0,42911602,0,61302287,44793162,17,2,,0,-0.7,5,2,5
2025-02-05,2025-01-30,3,lover,Lover,39593935,1881560,1881560,0,31071035,11184266,28409669,32952595,17,3,,0,-3.1,5,3,5
2025-02-05,2025-01-30,4,midnights,Midnights,34644990,2434960,2434960,0,24251494,0,34644990,26686454,22,4,,0,-1.9,5,4,5
2025-02-05,2025-01-30,5,reputation,reputation,30359189,1660200,1660200,0,21251431,0,30359189,22911631,15,5,,0,-0.8,5,5,5
2025-02-05,2025-01-30,6,fearless_taylor_s_version,Fearless (Taylor's Version),24270522,2877680,2877680,0,16989364,0,24270522,19867044,26,6,,0,0.2,5,6,5
2025-02-05,2025-01-30,7,1989_taylor_s_version,1989 (Taylor's Version),24975720,1881560,1881560,0,17483003,0,24975720,19364563,17,7,,0,-1.1,5,7,5
2025-02-05,2025-01-30,8,red_taylor_s_version,Red (Taylor's Version),21107505,3209720,3209720,0,14775254,0,21107505,17984974,29,8,,0,-1.8,5,8,5
2025-02-05,2025-01-30,9,1989,1989,23151678,442720,442720,0,16206175,0,23151678,16648895,4,10,,1,0.0,5,9,1
2025-02-05,2025-01-30,10,speak_now_taylor_s_version,Speak Now (Taylor's Version),20210704,2434960,2434960,0,14147494,0,20210704,16582454,22,9,,-1,-1.6,5,9,4
2025-02-05,2025-01-30,11,evermore,evermore,17457076,1881560,1881560,0,12219952,0,17457076,14101512,17,11,,0,-3.2,5,11,5
2025-02-05,2025-01-30,12,taylor_swift,Taylor Swift,3859819,1438840,1438840,0,2701874,0,3859819,4140714,13,12,,0,0.2,5,12,5
2025-02-05,2025-01-30,13,red,Red,4273529,110680,110680,0,2991470,0,4273529,3102150,1,13,,0,0.7,5,13,5
2025-02-12,2025-02-06,1,the_tortured_poets_department,THE TORTURED POETS DEPARTMENT,63431694,3099040,3099040,0,44917549,1717877,61713817,48016589,28,1,,0,-6.5,6,1,6
2025-02-12,2025-02-06,2,folklore,folklore,61190375,1881560,1881560,0,42833261,0,61190375,44714821,17,2,,0,-0.2,6,2,6
2025-02-12,2025-02-06,3,lover,Lover,39216023,1881560,1881560,0,30860265,11363493,27852530,32741825,17,3,,0,-0.6,6,3,6
2025-02-12,2025-02-06,4,midnights,Midnights,33491521,2434960,2434960,0,23444066,0,33491521,25879026,22,4,,0,-3.0,6,4,6
2025-02-12,2025-02-06,5,1989_taylor_s_version,1989 (Taylor's Version),28807637,1992240,1992240,0,20165346,0,28807637,22157586,18,7,,2,14.4,6,5,1
2025-02-12,2025-02-06,6,reputation,reputation,28941473,1660200,1660200,0,20259031,0,28941473,21919231,15,5,,-1,-4.3,6,5,5
2025-02-12,2025-02-06,7,fearless_taylor_s_version,Fearless (Taylor's Version),23849766,2877680,2877680,0,16694834,0,23849766,19572514,26,6,,-1,-1.5,6,6,5
2025-02-12,2025-02-06,8,red_taylor_s_version,Red (Taylor's Version),20674076,3209720,3209720,0,14471855,0,20674076,17681575,29,8,,0,-1.7,6,8,6
2025-02-12,2025-02-06,9,speak_now_taylor_s_version,Speak Now (Taylor's Version),19749806,2434960,2434960,0,13824862,0,19749806,16259822,22,10,,1,-1.9,6,9,5
2025-02-12,2025-02-06,10,1989,1989,19671687,332040,332040,0,13770181,0,19671687,14102221,3,9,,-1,-15.3,6,9,1
2025-02-12,2025-02-06,11,evermore,evermore,16759422,1881560,1881560,0,11731596,0,16759422,13613156,17,11,,0,-3.5,6,11,6
2025-02-12,2025-02-06,12,taylor_swift,Taylor Swift,3769199,1438840,1438840,0,2638440,0,3769199,4077280,13,12,,0,-1.5,6,12,6
2025-02-12,2025-02-06,13,red,Red,4159784,110680,110680,0,2911849,0,4159784,3022529,1,13,,0,-2.6,6,13,6
2025-02-19,2025-02-13,1,the_tortured_poets_department,THE TORTURED POETS DEPARTMENT,56799183,3099040,3099040,0,39837512,260282,56538901,42936552,28,1,,0,-10.6,7,1,7
2025-02-19,2025-02-13,2,folklore,folklore,57627083,1881560,1881560,0,40339800,2809,57624274,42221360,17,2,,0,-5.6,7,2,7
2025-02-19,2025-02-13,3,lover,Lover,39148656,1881560,1881560,0,30960729,11855565,27293091,32842289,17,3,,0,0.3,7,3,7
2025-02-19,2025-02-13,4,midnights,Midnights,32288168,2434960,2434960,0,22601719,0,32288168,25036679,22,4,,0,-3.3,7,4,7
2025-02-19,2025-02-13,5,1989_taylor_s_version,1989 (Taylor's Version),27996058,1992240,1992240,0,19597240,0,27996058,21589480,18,5,,0,-2.6,7,5,2
2025-02-19,2025-02-13,6,reputation,reputation,28301586,1660200,1660200,0,19811112,0,28301586,21471312,15,6,,0,-2.0,7,5,5
2025-02-19,2025-02-13,7,fearless_taylor_s_version,Fearless (Taylor's Version),24286444,2877680,2877680,0,17000510,0,24286444,19878190,26,7,,0,1.6,7,6,5
2025-02-19,2025-02-13,8,red_taylor_s_version,Red (Taylor's Version),20442709,3209720,3209720,0,14309898,0,20442709,17519618,29,8,,0,-0.9,7,8,7
2025-02-19,2025-02-13,9,speak_now_taylor_s_version,Speak Now (Taylor's Version),19712730,2434960,2434960,0,13798911,0,19712730,16233871,22,9,,0,-0.2,7,9,6
2025-02-19,2025-02-13,10,1989,1989,18681146,332040,332040,0,13076803,0,18681146,13408843,3,10,,0,-4.9,7,9,1
2025-02-19,2025-02-13,11,evermore,evermore,16204148,1881560,1881560,0,11342904,0,16204148,13224464,17,11,,0,-2.9,7,11,7
2025-02-19,2025-02-13,12,taylor_swift,Taylor Swift,3695935,1438840,1438840,0,2587155,0,3695935,4025995,13,12,,0,-1.3,7,12,7
2025-02-19,2025-02-13,13,red,Red,4093991,110680,110680,0,2865794,0,4093991,2976474,1,13,,0,-1.5,7,13,7
2025-02-26,2025-02-20,1,folklore,folklore,58288524,1881560,1881560,0,40806386,14733,58273791,42687946,17,2,,1,1.1,8,1,1
2025-02-26,2025-02-20,2,the_tortured_poets_department,THE TORTURED POETS DEPARTMENT,55934473,3099040,3099040,0,39182493,94541,55839932,42281533,28,1,,-1,-1.5,8,1,7
2025-02-26,2025-02-20,3,lover,Lover,37193165,1881560,1881560,0,29111326,10253697,26939468,30992886,17,3,,0,-5.6,8,3,8
2025-02-26,2025-02-20,4,midnights,Midnights,33276175,2434960,2434960,0,23293321,0,33276175,25728281,22,4,,0,2.8,8,4,8
2025-02-26,2025-02-20,5,1989_taylor_s_version,1989 (Taylor's Version),27762953,1992240,1992240,0,19434068,0,27762953,21426308,18,5,,0,-0.8,8,5,3
2025-02-26,2025-02-20,6,reputation,reputation,27547961,1660200,1660200,0,19283573,0,27547961,20943773,15,6,,0,-2.5,8,5,5
2025-02-26,2025-02-20,7,fearless_taylor_s_version,Fearless (Taylor's Version),24054581,2877680,2877680,0,16838207,0,24054581,19715887,26,7,,0,-0.8,8,6,5
2025-02-26,2025-02-20,8,red_taylor_s_version,Red (Taylor's Version),20591244,3209720,3209720,0,14413872,0,20591244,17623592,29,8,,0,0.6,8,8,8
2025-02-26,2025-02-20,9,speak_now_taylor_s_version,Speak Now (Taylor's Version),19935604,2434960,2434960,0,13954923,0,19935604,16389883,22,9,,0,1.0,8,9,7
2025-02-26,2025-02-20,10,evermore,evermore,16786463,1881560,1881560,0,11750523,0,16786463,13632083,17,11,,1,3.1,8,10,1
2025-02-26,2025-02-20,11,1989,1989,18865330,332040,332040,0,13205730,0,18865330,13537770,3,10,,-1,1.0,8,9,1
2025-02-26,2025-02-20,12,taylor_swift,Taylor Swift,3582863,1438840,1438840,0,2508006,0,3582863,3946846,13,12,,0,-2.0,8,12,8
2025-02-26,2025-02-20,13,red,Red,4170333,110680,110680,0,2919233,0,4170333,3029913,1,13,,0,1.8,8,13,8
2025-03-05,2025-02-27,1,folklore,folklore,55670166,1881560,1881560,0,38969118,0,55670166,40850678,17,1,,0,-4.3,9,1,2
2025-03-05,2025-02-27,2,the_tortured_poets_department,THE TORTURED POETS DEPARTMENT,49414065,3099040,3099040,0,34603126,44276,49369789,37702166,28,2,,0,-10.8,9,1,7
2025-03-05,2025-02-27,3,lover,Lover,35197541,1881560,1881560,0,27588188,9833041,25364500,29469748,17,3,,0,-4.9,9,3,9
2025-03-05,2025-02-27,4,midnights,Midnights,30739527,2434960,2434960,0,21517667,0,30739527,23952627,22,4,,0,-6.9,9,4,9
2025-03-05,2025-02-27,5,reputation,reputation,25602105,1660200,1660200,0,17921472,0,25602105,19581672,15,6,,1,-6.5,9,5,6
2025-03-05,2025-02-27,6,fearless_taylor_s_version,Fearless (Taylor's Version),23250697,2877680,2877680,0,16275489,0,23250697,19153169,26,7,,1,-2.9,9,6,6
2025-03-05,2025-02-27,7,1989_taylor_s_version,1989 (Taylor's Version),21871169,1881560,1881560,0,15309818,0,21871169,17191378,17,5,,-2,-19.8,9,5,3
2025-03-05,2025-02-27,8,red_taylor_s_version,Red (Taylor's Version),19813036,3209720,3209720,0,13869126,0,19813036,17078846,29,8,,0,-3.1,9,8,9
2025-03-05,2025-02-27,9,speak_now_taylor_s_version,Speak Now (Taylor's Version),19101094,2434960,2434960,0,13370766,0,19101094,15805726,22,9,,0,-3.6,9,9,8
2025-03-05,2025-02-27,10,1989,1989,21103865,442720,442720,0,14772706,0,21103865,15215426,4,11,,1,12.4,9,9,1
2025-03-05,2025-02-27,11,evermore,evermore,15803743,1881560,1881560,0,11062620,0,15803743,12944180,17,10,,-1,-5.0,9,10,1
2025-03-05,2025-02-27,12,taylor_swift,Taylor Swift,3518278,1438840,1438840,0,2462793,0,3518278,3901633,13,12,,0,-1.1,9,12,9
2025-03-05,2025-02-27,13,red,Red,3976844,110680,110680,0,2783791,0,3976844,2894471,1,13,,0,-4.5,9,13,9
2025-03-12,2025-03-06,1,folklore,folklore,55025260,1881560,1881560,0,38517682,0,55025260,40399242,17,1,,0,-1.1,10,1,3
2025-03-12,2025-03-06,2,the_tortured_poets_department,THE TORTURED POETS DEPARTMENT,51109790,3431080,3431080,0,35782196,17816,51091974,39213276,31,2,,0,4.0,10,1,7
2025-03-12,2025-03-06,3,lover,Lover,36235759,1992240,1992240,0,28355990,9969858,26265901,30348230,18,3,,0,3.0,10,3,10
2025-03-12,2025-03-06,4,midnights,Midnights,30715737,2434960,2434960,0,21501015,0,30715737,23935975,22,4,,0,-0.1,10,4,10
2025-03-12,2025-03-06,5,fearless_taylor_s_version,Fearless (Taylor's Version),23546003,2877680,2877680,0,16482202,0,23546003,19359882,26,6,,1,1.1,10,5,1
2025-03-12,2025-03-06,6,reputation,reputation,25095639,1660200,1660200,0,17566948,0,25095639,19227148,15,5,,-1,-1.8,10,5,6
2025-03-12,2025-03-06,7,1989_taylor_s_version,1989 (Taylor's Version),22051753,1881560,1881560,0,15436223,0,22051753,17317783,17,7,,0,0.7,10,5,3
2025-03-12,2025-03-06,8,red_taylor_s_version,Red (Taylor's Version),19647218,3209720,3209720,0,13753050,0,19647218,16962770,29,8,,0,-0.7,10,8,10
2025-03-12,2025-03-06,9,speak_now_taylor_s_version,Speak Now (Taylor's Version),19166369,2434960,2434960,0,13416457,0,19166369,15851417,22,9,,0,0.3,10,9,9
2025-03-12,2025-03-06,10,1989,1989,21071084,442720,442720,0,14749759,0,21071084,15192479,4,10,,0,-0.2,10,9,1
2025-03-12,2025-03-06,11,evermore,evermore,15390439,1881560,1881560,0,10773307,0,15390439,12654867,17,11,,0,-2.2,10,10,1
2025-03-12,2025-03-06,12,taylor_swift,Taylor Swift,3648309,1438840,1438840,0,2553815,0,3648309,3992655,13,12,,0,2.3,10,12,10
2025-03-12,2025-03-06,13,red,Red,3929884,110680,110680,0,2750919,0,3929884,2861599,1,13,,0,-1.1,10,13,10
2025-03-19,2025-03-13,1,the_tortured_poets_department,THE TORTURED POETS DEPARTMENT,55548603,3431080,3431080,0,38886676,8851,55539752,42317756,31,2,,1,7.9,11,1,8
2025-03-19,2025-03-13,2,folklore,folklore,55474126,1881560,1881560,0,38831889,0,55474126,40713449,17,1,,-1,0.8,11,1,3
2025-03-19,2025-03-13,3,lover,Lover,36441772,1992240,1992240,0,28412400,9677202,26764570,30404640,18,3,,0,0.2,11,3,11
2025-03-19,2025-03-13,4,midnights,Midnights,30938051,2434960,2434960,0,21656633,0,30938051,24091593,22,4,,0,0.7,11,4,11
2025-03-19,2025-03-13,5,reputation,reputation,25709483,1660200,1660200,0,17996640,0,25709483,19656840,15,6,,1,2.2,11,5,7
2025-03-19,2025-03-13,6,fearless_taylor_s_version,Fearless (Taylor's Version),23314896,2877680,2877680,0,16320428,0,23314896,19198108,26,5,,-1,-0.8,11,5,1
2025-03-19,2025-03-13,7,1989_taylor_s_version,1989 (Taylor's Version),23045891,1881560,1881560,0,16132123,0,23045891,18013683,17,7,,0,4.0,11,5,3
2025-03-19,2025-03-13,8,red_taylor_s_version,Red (Taylor's Version),19612689,3209720,3209720,0,13728881,0,19612689,16938601,29,8,,0,-0.1,11,8,11
2025-03-19,2025-03-13,9,speak_now_taylor_s_version,Speak Now (Taylor's Version),19309088,2434960,2434960,0,13516361,0,19309088,15951321,22,9,,0,0.6,11,9,10
2025-03-19,2025-03-13,10,1989,1989,21532256,442720,442720,0,15072579,0,21532256,15515299,4,10,,0,2.1,11,9,1
2025-03-19,2025-03-13,11,evermore,evermore,15412077,1881560,1881560,0,10788453,0,15412077,12670013,17,11,,0,0.1,11,10,1
2025-03-19,2025-03-13,12,taylor_swift,Taylor Swift,3671716,1438840,1438840,0,2570199,0,3671716,4009039,13,12,,0,0.4,11,12,11
2025-03-19,2025-03-13,13,red,Red,3936431,110680,110680,0,2755502,0,3936431,2866182,1,13,,0,0.2,11,13,11
2025-03-26,2025-03-20,1,the_tortured_poets_department,THE TORTURED POETS DEPARTMENT,55379711,3431080,3431080,0,38765800,0,55379711,42196880,31,1,,0,-0.3,12,1,9
2025-03-26,2025-03-20,2,folklore,folklore,55422356,1881560,1881560,0,38795648,0,55422356,40677208,17,2,,0,-0.1,12,1,3
2025-03-26,2025-03-20,3,lover,Lover,36471257,1992240,1992240,0,28469248,9797893,26673364,30461488,18,3,,0,0.2,12,3,12
2025-03-26,2025-03-20,4,midnights,Midnights,30818645,2434960,2434960,0,21573052,0,30818645,24008012,22,4,,0,-0.3,12,4,12
2025-03-26,2025-03-20,5,reputation,reputation,25672408,1660200,1660200,0,17970684,0,25672408,19630884,15,5,,0,-0.1,12,5,8
2025-03-26,2025-03-20,6,fearless_taylor_s_version,Fearless (Taylor's Version),23457791,2877680,2877680,0,16420453,0,23457791,19298133,26,6,,0,0.5,12,5,1
2025-03-26,2025-03-20,7,1989_taylor_s_version,1989 (Taylor's Version),22900207,1881560,1881560,0,16030145,0,22900207,17911705,17,7,,0,-0.6,12,5,3
2025-03-26,2025-03-20,8,red_taylor_s_version,Red (Taylor's Version),19807084,3209720,3209720,0,13864961,0,19807084,17074681,29,8,,0,0.8,12,8,12
2025-03-26,2025-03-20,9,speak_now_taylor_s_version,Speak Now (Taylor's Version),19172767,2434960,2434960,0,13420938,0,19172767,15855898,22,9,,0,-0.6,12,9,11
2025-03-26,2025-03-20,10,1989,1989,21462656,442720,442720,0,15023860,0,21462656,15466580,4,10,,0,-0.3,12,9,1
2025-03-26,2025-03-20,11,evermore,evermore,15311382,1881560,1881560,0,10717967,0,15311382,12599527,17,11,,0,-0.6,12,10,1
2025-03-26,2025-03-20,12,taylor_swift,Taylor Swift,3664666,1438840,1438840,0,2565266,0,3664666,4004106,13,12,,0,-0.1,12,12,12
2025-03-26,2025-03-20,13,red,Red,3920791,110680,110680,0,2744554,0,3920791,2855234,1,13,,0,-0.4,12,13,12
2025-04-02,2025-03-27,1,the_tortured_poets_department,THE TORTURED POETS DEPARTMENT,55061832,3431080,3431080,0,38543284,0,55061832,41974364,31,1,,0,-0.5,13,1,10
2025-04-02,2025-03-27,2,folklore,folklore,53496475,1881560,1881560,0,37447531,0,53496475,39329091,17,2,,0,-3.3,13,1,3
2025-04-02,2025-03-27,3,lover,Lover,35164744,1992240,1992240,0,27504075,9629183,25535561,29496315,18,3,,0,-3.2,13,3,13
2025-04-02,2025-03-27,4,midnights,Midnights,29437872,2434960,2434960,0,20606511,0,29437872,23041471,22,4,,0,-4.0,13,4,13
2025-04-02,2025-03-27,5,reputation,reputation,24945108,1660200,1660200,0,17461576,0,24945108,19121776,15,5,,0,-2.6,13,5,9
2025-04-02,2025-03-27,6,fearless_taylor_s_version,Fearless (Taylor's Version),22652823,2877680,2877680,0,15856974,0,22652823,18734654,26,6,,0,-2.9,13,5,1
2025-04-02,2025-03-27,7,1989_taylor_s_version,1989 (Taylor's Version),22352601,1881560,1881560,0,15646821,0,22352601,17528381,17,7,,0,-2.1,13,5,3
2025-04-02,2025-03-27,8,red_taylor_s_version,Red (Taylor's Version),19194887,3209720,3209720,0,13436421,0,19194887,16646141,29,8,,0,-2.5,13,8,13
2025-04-02,2025-03-27,9,speak_now_taylor_s_version,Speak Now (Taylor's Version),18824950,2434960,2434960,0,13177468,0,18824950,15612428,22,9,,0,-1.5,13,9,12
2025-04-02,2025-03-27,10,1989,1989,20968275,442720,442720,0,14677792,0,20968275,15120512,4,10,,0,-2.2,13,9,1
2025-04-02,2025-03-27,11,evermore,evermore,14905760,1881560,1881560,0,10434032,0,14905760,12315592,17,11,,0,-2.3,13,10,1
2025-04-02,2025-03-27,12,taylor_swift,Taylor Swift,3565690,1438840,1438840,0,2495982,0,3565690,3934822,13,12,,0,-1.7,13,12,13
2025-04-02,2025-03-27,13,red,Red,3839077,110680,110680,0,2687354,0,3839077,2798034,1,13,,0,-2.0,13,13,13
2025-04-09,2025-04-03,1,the_tortured_poets_department,THE TORTURED POETS DEPARTMENT,58604185,3431080,3431080,0,41022929,0,58604185,44454009,31,1,,0,5.9,14,1,11
2025-04-09,2025-04-03,2,folklore,folklore,54404040,1881560,1881560,0,38082827,0,54404040,39964387,17,2,,0,1.6,14,1,3
2025-04-09,2025-04-03,3,lover,Lover,35886692,1992240,1992240,0,28076807,9853744,26032948,30069047,18,3,,0,1.9,14,3,14
2025-04-09,2025-04-03,4,midnights,Midnights,30463917,2434960,2434960,0,21324741,0,30463917,23759701,22,4,,0,3.1,14,4,14
2025-04-09,2025-04-03,5,fearless_taylor_s_version,Fearless (Taylor's Version),23640762,2877680,2877680,0,16548535,0,23640762,19426215,26,6,,1,3.7,14,5,2
2025-04-09,2025-04-03,6,reputation,reputation,25149954,1660200,1660200,0,17604968,0,25149954,19265168,15,5,,-1,0.7,14,5,9
2025-04-09,2025-04-03,7,1989_taylor_s_version,1989 (Taylor's Version),23134922,1881560,1881560,0,16194445,0,23134922,18076005,17,7,,0,3.1,14,5,3
2025-04-09,2025-04-03,8,red_taylor_s_version,Red (Taylor's Version),19831387,3209720,3209720,0,13881975,0,19831387,17091695,29,8,,0,2.7,14,8,14
2025-04-09,2025-04-03,9,speak_now_taylor_s_version,Speak Now (Taylor's Version),19305964,2434960,2434960,0,13514173,0,19305964,15949133,22,9,,0,2.2,14,9,13
2025-04-09,2025-04-03,10,1989,1989,21725222,442720,442720,0,15207656,0,21725222,15650376,4,10,,0,3.5,14,9,1
2025-04-09,2025-04-03,11,evermore,evermore,15217477,1881560,1881560,0,10652233,0,15217477,12533793,17,11,,0,1.8,14,10,1
2025-04-09,2025-04-03,12,taylor_swift,Taylor Swift,3738580,1438840,1438840,0,2617005,0,3738580,4055845,13,12,,0,3.1,14,12,14
2025-04-09,2025-04-03,13,red,Red,3892769,110680,110680,0,2724938,0,3892769,2835618,1,13,,0,1.3,14,13,14
2025-04-16,2025-04-10,1,the_tortured_poets_department,THE TORTURED POETS DEPARTMENT,59059594,3431080,3431080,0,41341713,0,59059594,44772793,31,1,,0,0.7,15,1,12
2025-04-16,2025-04-10,2,folklore,folklore,54155851,1881560,1881560,0,37909096,0,54155851,39790656,17,2,,0,-0.4,15,1,3
2025-04-16,2025-04-10,3,lover,Lover,36139876,1992240,1992240,0,28268789,9902920,26236956,30261029,18,3,,0,0.6,15,3,15
2025-04-16,2025-04-10,4,midnights,Midnights,29978099,2434960,2434960,0,20984671,0,29978099,23419631,22,4,,0,-1.4,15,4,15
2025-04-16,2025-04-10,5,fearless_taylor_s_version,Fearless (Taylor's Version),24057163,2877680,2877680,0,16840013,0,24057163,19717693,26,5,,0,1.5,15,5,3
2025-04-16,2025-04-10,6,reputation,reputation,25027080,1660200,1660200,0,17518956,0,25027080,19179156,15,6,,0,-0.4,15,5,9
2025-04-16,2025-04-10,7,1989_taylor_s_version,1989 (Taylor's Version),23149545,1881560,1881560,0,16204681,0,23149545,18086241,17,7,,0,0.1,15,5,3
2025-04-16,2025-04-10,8,red_taylor_s_version,Red (Taylor's Version),19882648,3209720,3209720,0,13917850,0,19882648,17127570,29,8,,0,0.2,15,8,15
2025-04-16,2025-04-10,9,speak_now_taylor_s_version,Speak Now (Taylor's Version),19343003,2434960,2434960,0,13540102,0,19343003,15975062,22,9,,0,0.2,15,9,14
2025-04-16,2025-04-10,10,1989,1989,21965853,442720,442720,0,15376097,0,21965853,15818817,4,10,,0,1.1,15,9,1
2025-04-16,2025-04-10,11,evermore,evermore,14980021,1881560,1881560,0,10486012,0,14980021,12367572,17,11,,0,-1.3,15,10,1
2025-04-16,2025-04-10,12,taylor_swift,Taylor Swift,3735751,1438840,1438840,0,2615025,0,3735751,4053865,13,12,,0,-0.0,15,12,15
2025-04-16,2025-04-10,13,red,Red,3989878,110680,110680,0,2792915,0,3989878,2903595,1,13,,0,2.4,15,13,15
2025-04-23,2025-04-17,1,the_tortured_poets_department,THE TORTURED POETS DEPARTMENT,65427738,3431080,3431080,0,45799414,0,65427738,49230494,31,1,,0,10.0,16,1,13
2025-04-23,2025-04-17,2,folklore,folklore,53461636,1881560,1881560,0,37423145,0,53461636,39304705,17,2,,0,-1.2,16,1,3
2025-04-23,2025-04-17,3,lover,Lover,34959555,1992240,1992240,0,27293653,9406546,25553009,29285893,18,3,,0,-3.2,16,3,16
2025-04-23,2025-04-17,4,midnights,Midnights,29096956,2434960,2434960,0,20367871,0,29096956,22802831,22,4,,0,-2.6,16,4,16
2025-04-23,2025-04-17,5,fearless_taylor_s_version,Fearless (Taylor's Version),23013834,2877680,2877680,0,16109684,0,23013834,18987364,26,5,,0,-3.7,16,5,4
2025-04-23,2025-04-17,6,reputation,reputation,24597871,1660200,1660200,0,17218511,0,24597871,18878711,15,6,,0,-1.6,16,5,9
2025-04-23,2025-04-17,7,1989_taylor_s_version,1989 (Taylor's Version),22324745,1881560,1881560,0,15627322,0,22324745,17508882,17,7,,0,-3.2,16,5,3
2025-04-23,2025-04-17,8,red_taylor_s_version,Red (Taylor's Version),19336587,3209720,3209720,0,13535610,0,19336587,16745330,29,8,,0,-2.2,16,8,16
2025-04-23,2025-04-17,9,speak_now_taylor_s_version,Speak Now (Taylor's Version),18647962,2434960,2434960,0,13053572,0,18647962,15488532,22,9,,0,-3.0,16,9,15
2025-04-23,2025-04-17,10,1989,1989,21277144,442720,442720,0,14894001,0,21277144,15336721,4,10,,0,-3.0,16,9,1
2025-04-23,2025-04-17,11,evermore,evermore,14590416,1881560,1881560,0,10213292,0,14590416,12094852,17,11,,0,-2.2,16,10,1
2025-04-23,2025-04-17,12,taylor_swift,Taylor Swift,3665999,1438840,1438840,0,2566201,0,3665999,4005041,13,12,,0,-1.2,16,12,16
2025-04-23,2025-04-17,13,red,Red,3909971,110680,110680,0,2736980,0,3909971,2847660,1,13,,0,-1.9,16,13,16
2025-04-30,2025-04-24,1,the_tortured_poets_department,THE TORTURED POETS DEPARTMENT,59236381,3431080,3431080,0,41465465,0,59236381,44896545,31,1,,0,-8.8,17,1,14
2025-04-30,2025-04-24,2,folklore,folklore,55423636,1881560,1881560,0,38796545,0,55423636,40678105,17,2,,0,3.5,17,1,3
2025-04-30,2025-04-24,3,lover,Lover,38020706,1992240,1992240,0,29500525,9620102,28400604,31492765,18,3,,0,7.5,17,3,17
2025-04-30,2025-04-24,4,midnights,Midnights,31108714,2434960,2434960,0,21776098,0,31108714,24211058,22,4,,0,6.2,17,4,17
2025-04-30,2025-04-24,5,fearless_taylor_s_version,Fearless (Taylor's Version),24550381,2877680,2877680,0,17185268,0,24550381,20062948,26,5,,0,5.7,17,5,5
2025-04-30,2025-04-24,6,reputation,reputation,25278961,1660200,1660200,0,17695274,0,25278961,19355474,15,6,,0,2.5,17,5,9
2025-04-30,2025-04-24,7,red_taylor_s_version,Red (Taylor's Version),22235571,3209720,3209720,0,15564901,0,22235571,18774621,29,8,,1,12.1,17,7,1
2025-04-30,2025-04-24,8,1989_taylor_s_version,1989 (Taylor's Version),23379120,1881560,1881560,0,16365385,0,23379120,18246945,17,7,,-1,4.2,17,5,3
2025-04-30,2025-04-24,9,speak_now_taylor_s_version,Speak Now (Taylor's Version),19801799,2434960,2434960,0,13861260,0,19801799,16296220,22,9,,0,5.2,17,9,16
2025-04-30,2025-04-24,10,1989,1989,21849662,442720,442720,0,15294763,0,21849662,15737483,4,10,,0,2.6,17,9,1
2025-04-30,2025-04-24,11,evermore,evermore,15138832,1881560,1881560,0,10597184,0,15138832,12478744,17,11,,0,3.2,17,10,1
2025-04-30,2025-04-24,12,taylor_swift,Taylor Swift,3781259,1438840,1438840,0,2646881,0,3781259,4085721,13,12,,0,2.0,17,12,17
2025-04-30,2025-04-24,13,red,Red,4128379,110680,110680,0,2889865,0,4128379,3000545,1,13,,0,5.4,17,13,17
2025-05-07,2025-05-01,1,the_tortured_poets_department,THE TORTURED POETS DEPARTMENT,54706061,3431080,3431080,0,38294238,0,54706061,41725318,31,1,,0,-7.1,18,1,15
2025-05-07,2025-05-01,2,folklore,folklore,54797632,1881560,1881560,0,38358344,0,54797632,40239904,17,2,,0,-1.1,18,1,3
2025-05-07,2025-05-01,3,lover,Lover,37256619,1992240,1992240,0,28899861,9400760,27855859,30892101,18,3,,0,-1.9,18,3,18
2025-05-07,2025-05-01,4,midnights,Midnights,30225543,2434960,2434960,0,21157879,0,30225543,23592839,22,4,,0,-2.6,18,4,18
2025-05-07,2025-05-01,5,fearless_taylor_s_version,Fearless (Taylor's Version),24635628,2877680,2877680,0,17244941,0,24635628,20122621,26,5,,0,0.3,18,5,6
2025-05-07,2025-05-01,6,reputation,reputation,25001093,1660200,1660200,0,17500766,0,25001093,19160966,15,6,,0,-1.0,18,5,9
2025-05-07,2025-05-01,7,red_taylor_s_version,Red (Taylor's Version),21482932,3209720,3209720,0,15038053,0,21482932,18247773,29,7,,0,-2.8,18,7,2
2025-05-07,2025-05-01,8,1989_taylor_s_version,1989 (Taylor's Version),23029981,1881560,1881560,0,16120987,0,23029981,18002547,17,8,,0,-1.3,18,5,3
2025-05-07,2025-05-01,9,speak_now_taylor_s_version,Speak Now (Taylor's Version),19552704,2434960,2434960,0,13686892,0,19552704,16121852,22,9,,0,-1.1,18,9,17
2025-05-07,2025-05-01,10,1989,1989,21843524,442720,442720,0,15290466,0,21843524,15733186,4,10,,0,-0.0,18,9,1
2025-05-07,2025-05-01,11,evermore,evermore,14804577,1881560,1881560,0,10363206,0,14804577,12244766,17,11,,0,-1.9,18,10,1
2025-05-07,2025-05-01,12,taylor_swift,Taylor Swift,3735604,1438840,1438840,0,2614922,0,3735604,4053762,13,12,,0,-0.8,18,12,18
2025-05-07,2025-05-01,13,red,Red,4000626,110680,110680,0,2800438,0,4000626,2911118,1,13,,0,-3.0,18,13,18
2025-05-14,2025-05-08,1,the_tortured_poets_department,THE TORTURED POETS DEPARTMENT,54511129,3431080,3431080,0,38157791,0,54511129,41588871,31,1,,0,-0.3,19,1,16
2025-05-14,2025-05-08,2,folklore,folklore,56321042,1881560,1881560,0,39424730,0,56321042,41306290,17,2,,0,2.7,19,1,3
2025-05-14,2025-05-08,3,lover,Lover,37219447,1992240,1992240,0,28899627,9486715,27732732,30891867,18,3,,0,-0.0,19,3,19
2025-05-14,2025-05-08,4,midnights,Midnights,30669767,2434960,2434960,0,21468837,0,30669767,23903797,22,4,,0,1.3,19,4,19
2025-05-14,2025-05-08,5,fearless_taylor_s_version,Fearless (Taylor's Version),25111876,2877680,2877680,0,17578313,0,25111876,20455993,26,5,,0,1.7,19,5,7
2025-05-14,2025-05-08,6,reputation,reputation,25268544,1660200,1660200,0,17687982,0,25268544,19348182,15,6,,0,1.0,19,5,9
2025-05-14,2025-05-08,7,1989_taylor_s_version,1989 (Taylor's Version),23129125,1881560,1881560,0,16190387,0,23129125,18071947,17,8,,1,0.4,19,5,3
2025-05-14,2025-05-08,8,red_taylor_s_version,Red (Taylor's Version),21100331,3209720,3209720,0,14770234,0,21100331,17979954,29,7,,-1,-1.5,19,7,2
2025-05-14,2025-05-08,9,speak_now_taylor_s_version,Speak Now (Taylor's Version),19976748,2434960,2434960,0,13983722,0,19976748,16418682,22,9,,0,1.8,19,9,18
2025-05-14,2025-05-08,10,1989,1989,22159807,442720,442720,0,15511864,0,22159807,15954584,4,10,,0,1.4,19,9,1
2025-05-14,2025-05-08,11,evermore,evermore,15066352,1881560,1881560,0,10546444,0,15066352,12428004,17,11,,0,1.5,19,10,1
2025-05-14,2025-05-08,12,taylor_swift,Taylor Swift,3803438,1438840,1438840,0,2662407,0,3803438,4101247,13,12,,0,1.2,19,12,19
2025-05-14,2025-05-08,13,red,Red,3989120,110680,110680,0,2792384,0,3989120,2903064,1,13,,0,-0.3,19,13,19
2025-05-21,2025-05-15,1,folklore,folklore,56017433,1881560,1881560,0,39212204,0,56017433,41093764,17,2,,1,-0.5,20,1,4
2025-05-21,2025-05-15,2,the_tortured_poets_department,THE TORTURED POETS DEPARTMENT,51618662,3431080,3431080,0,36133061,0,51618662,39564141,31,1,,-1,-4.9,20,1,16
2025-05-21,2025-05-15,3,lover,Lover,36867482,1992240,1992240,0,28683096,9586192,27281290,30675336,18,3,,0,-0.7,20,3,20
2025-05-21,2025-05-15,4,midnights,Midnights,29463051,2434960,2434960,0,20624136,0,29463051,23059096,22,4,,0,-3.5,20,4,20
2025-05-21,2025-05-15,5,fearless_taylor_s_version,Fearless (Taylor's Version),24294182,2877680,2877680,0,17005930,0,24294182,19883610,26,5,,0,-2.8,20,5,8
2025-05-21,2025-05-15,6,reputation,reputation,25353885,1660200,1660200,0,17747720,0,25353885,19407920,15,6,,0,0.3,20,5,9
2025-05-21,2025-05-15,7,red_taylor_s_version,Red (Taylor's Version),20780973,3209720,3209720,0,14546679,0,20780973,17756399,29,8,,1,-1.2,20,7,3
2025-05-21,2025-05-15,8,1989_taylor_s_version,1989 (Taylor's Version),22538272,1881560,1881560,0,15776790,0,22538272,17658350,17,7,,-1,-2.3,20,5,3
2025-05-21,2025-05-15,9,speak_now_taylor_s_version,Speak Now (Taylor's Version),19612057,2434960,2434960,0,13728439,0,19612057,16163399,22,9,,0,-1.6,20,9,19
2025-05-21,2025-05-15,10,1989,1989,21829195,442720,442720,0,15280436,0,21829195,15723156,4,10,,0,-1.5,20,9,1
2025-05-21,2025-05-15,11,evermore,evermore,14910013,1881560,1881560,0,10437007,0,14910013,12318567,17,11,,0,-0.9,20,10,1
2025-05-21,2025-05-15,12,taylor_swift,Taylor Swift,3650094,1438840,1438840,0,2555067,0,3650094,3993907,13,12,,0,-2.6,20,12,20
2025-05-21,2025-05-15,13,red,Red,3875818,110680,110680,0,2713073,0,3875818,2823753,1,13,,0,-2.7,20,13,20
2025-05-28,2025-05-22,1,folklore,folklore,55606022,1881560,1881560,0,38924215,0,55606022,40805775,17,1,,0,-0.7,21,1,5
2025-05-28,2025-05-22,2,the_tortured_poets_department,THE TORTURED POETS DEPARTMENT,50233712,3431080,3431080,0,35163598,0,50233712,38594678,31,2,,0,-2.5,21,1,16
2025-05-28,2025-05-22,3,lover,Lover,36809909,1992240,1992240,0,28683940,9723351,27086558,30676180,18,3,,0,0.0,21,3,21
2025-05-28,2025-05-22,4,midnights,Midnights,29443156,2434960,2434960,0,20610210,0,29443156,23045170,22,4,,0,-0.1,21,4,21
2025-05-28,2025-05-22,5,reputation,reputation,28936089,1660200,1660200,0,20255261,0,28936089,21915461,15,6,,1,12.9,21,5,10
2025-05-28,2025-05-22,6,fearless_taylor_s_version,Fearless (Taylor's Version),24504369,2877680,2877680,0,17153059,0,24504369,20030739,26,5,,-1,0.7,21,5,8
2025-05-28,2025-05-22,7,red_taylor_s_version,Red (Taylor's Version),20744221,3209720,3209720,0,14520955,0,20744221,17730675,29,7,,0,-0.1,21,7,4
2025-05-28,2025-05-22,8,1989_taylor_s_version,1989 (Taylor's Version),22421792,1881560,1881560,0,15695254,0,22421792,17576814,17,8,,0,-0.5,21,5,3
2025-05-28,2025-05-22,9,1989,1989,22372961,442720,442720,0,15661073,0,22372961,16103793,4,10,,1,2.4,21,9,2
2025-05-28,2025-05-22,10,speak_now_taylor_s_version,Speak Now (Taylor's Version),19382239,2434960,2434960,0,13567568,0,19382239,16002528,22,9,,-1,-1.0,21,9,19
2025-05-28,2025-05-22,11,evermore,evermore,14849092,1881560,1881560,0,10394364,0,14849092,12275924,17,11,,0,-0.3,21,10,1
2025-05-28,2025-05-22,12,taylor_swift,Taylor Swift,3655808,1438840,1438840,0,2559065,0,3655808,3997905,13,12,,0,0.1,21,12,21
2025-05-28,2025-05-22,13,red,Red,3893080,110680,110680,0,2725156,0,3893080,2835836,1,13,,0,0.4,21,13,21
2025-06-04,2025-05-29,1,folklore,folklore,58970601,1881560,1881560,0,41309306,99623,58870978,43190866,17,1,,0,5.8,22,1,6
2025-06-04,2025-05-29,2,reputation,reputation,53835105,1660200,1660200,0,38221227,1788844,52046261,39881427,15,5,,3,82.0,22,2,1
2025-06-04,2025-05-29,3,the_tortured_poets_department,THE TORTURED POETS DEPARTMENT,51802814,3431080,3431080,0,36264270,7674,51795140,39695350,31,2,,-1,2.9,22,1,16
2025-06-04,2025-05-29,4,lover,Lover,39904614,1992240,1992240,0,30991157,10193095,29711519,32983397,18,3,,-1,7.5,22,3,21
2025-06-04,2025-05-29,5,1989,1989,37018635,996120,996120,0,26776447,2878008,34140627,27772567,9,9,,4,72.5,22,5,1
2025-06-04,2025-05-29,6,midnights,Midnights,32015775,2434960,2434960,0,22411043,0,32015775,24846003,22,4,,-2,7.8,22,4,21
2025-06-04,2025-05-29,7,fearless_taylor_s_version,Fearless (Taylor's Version),31202407,2767000,2767000,0,21841686,0,31202407,24608686,25,6,,-1,22.9,22,5,8
2025-06-04,2025-05-29,8,red_taylor_s_version,Red (Taylor's Version),27297441,3209720,3209720,0,19108211,0,27297441,22317931,29,7,,-1,25.9,22,7,4
2025-06-04,2025-05-29,9,1989_taylor_s_version,1989 (Taylor's Version),22907671,1328160,1328160,0,16035371,0,22907671,17363531,12,8,,-1,-1.2,22,5,3
2025-06-04,2025-05-29,10,speak_now,Speak Now,20143652,1106800,1106800,0,14100557,0,20143652,15207357,10,,NEW,,,1,10,1
2025-06-04,2025-05-29,11,evermore,evermore,15728606,1881560,1881560,0,11010024,0,15728606,12891584,17,11,,0,5.0,22,10,1
2025-06-04,2025-05-29,12,speak_now_taylor_s_version,Speak Now (Taylor's Version),11761722,1328160,1328160,0,8233206,0,11761722,9561366,12,10,,-2,-40.3,22,9,19
2025-06-04,2025-05-29,13,taylor_swift,Taylor Swift,8595899,1438840,1438840,0,6017128,0,8595899,7455968,13,12,,-1,86.5,22,12,21
2025-06-04,2025-05-29,14,red,Red,4461305,110680,110680,0,3122914,0,4461305,3233594,1,13,,-1,14.0,22,13,21
2025-06-04,2025-05-29,15,fearless,Fearless,830494,110680,110680,0,581346,0,830494,692026,1,,NEW,,,1,15,1
2025-06-11,2025-06-05,1,folklore,folklore,54994985,1881560,1881560,0,38496490,0,54994985,40378050,17,1,,0,-6.5,23,1,7
2025-06-11,2025-06-05,2,the_tortured_poets_department,THE TORTURED POETS DEPARTMENT,47062495,3431080,3431080,0,32943746,0,47062495,36374826,31,3,,1,-8.4,23,1,16
2025-06-11,2025-06-05,3,lover,Lover,37507344,1992240,1992240,0,29288925,10112614,27394730,31281165,18,4,,1,-5.2,23,3,22
2025-06-11,2025-06-05,4,reputation,reputation,39954289,1660200,1660200,0,27968003,0,39954289,29628203,15,2,,-2,-25.7,23,2,1
2025-06-11,2025-06-05,5,1989,1989,34167276,885440,885440,0,26141763,7415569,26751707,27027203,8,5,,0,-2.7,23,5,2
2025-06-11,2025-06-05,6,midnights,Midnights,29475868,2434960,2434960,0,20633107,0,29475868,23068067,22,6,,0,-7.2,23,4,21
2025-06-11,2025-06-05,7,fearless_taylor_s_version,Fearless (Taylor's Version),27387542,2877680,2877680,0,19171280,0,27387542,22048960,26,7,,0,-10.4,23,5,8
2025-06-11,2025-06-05,8,red_taylor_s_version,Red (Taylor's Version),20156089,3099040,3099040,0,14109263,0,20156089,17208303,28,8,,0,-22.9,23,7,4
2025-06-11,2025-06-05,9,1989_taylor_s_version,1989 (Taylor's Version),19151272,1438840,1438840,0,13405891,0,19151272,14844731,13,9,,0,-14.5,23,5,3
2025-06-11,2025-06-05,10,speak_now_taylor_s_version,Speak Now (Taylor's Version),17545872,1992240,1992240,0,12282111,0,17545872,14274351,18,12,,2,49.3,23,9,19
2025-06-11,2025-06-05,11,evermore,evermore,13953825,1881560,1881560,0,9767678,0,13953825,11649238,17,11,,0,-9.6,23,10,1
2025-06-11,2025-06-05,12,speak_now,Speak Now,7468273,442720,442720,0,5227791,0,7468273,5670511,4,10,,-2,-62.7,2,10,1
2025-06-11,2025-06-05,13,taylor_swift,Taylor Swift,5416506,1438840,1438840,0,3791553,0,5416506,5230393,13,13,,0,-29.8,23,12,21
2025-06-11,2025-06-05,14,red,Red,7143387,221360,221360,0,5000371,0,7143387,5221731,2,14,,0,61.5,23,13,21
2025-06-18,2025-06-12,1,folklore,folklore,55710017,1881560,1881560,0,38997012,0,55710017,40878572,17,1,,0,1.2,24,1,8
2025-06-18,2025-06-12,2,the_tortured_poets_department,THE TORTURED POETS DEPARTMENT,44739497,3431080,3431080,0,31317648,0,44739497,34748728,31,2,,0,-4.5,24,1,16
2025-06-18,2025-06-12,3,lover,Lover,37382682,1992240,1992240,0,29215231,10157848,27224834,31207471,18,3,,0,-0.2,24,3,23
2025-06-18,2025-06-12,4,reputation,reputation,31745625,1660200,1660200,0,22221938,0,31745625,23882138,15,4,,0,-19.4,24,2,1
2025-06-18,2025-06-12,5,midnights,Midnights,27903760,2434960,2434960,0,19532632,0,27903760,21967592,22,6,,1,-4.8,24,4,21
2025-06-18,2025-06-12,6,fearless_taylor_s_version,Fearless (Taylor's Version),25601225,2877680,2877680,0,17920859,0,25601225,20798539,26,7,,1,-5.7,24,5,8
2025-06-18,2025-06-12,7,1989,1989,25777380,553400,553400,0,18386558,1141309,24636071,18939958,5,5,,-2,-29.9,24,5,2
2025-06-18,2025-06-12,8,red_taylor_s_version,Red (Taylor's Version),19585497,3099040,3099040,0,13709849,0,19585497,16808889,28,8,,0,-2.3,24,7,4
2025-06-18,2025-06-12,9,1989_taylor_s_version,1989 (Taylor's Version),21373239,1770880,1770880,0,14961269,0,21373239,16732149,16,9,,0,12.7,24,5,3
2025-06-18,2025-06-12,10,speak_now_taylor_s_version,Speak Now (Taylor's Version),16468468,2102920,2102920,0,11527929,0,16468468,13630849,19,10,,0,-4.5,24,9,19
2025-06-18,2025-06-12,11,evermore,evermore,13598762,1881560,1881560,0,9519133,0,13598762,11400693,17,11,,0,-2.1,24,10,1
2025-06-18,2025-06-12,12,red,Red,6782495,221360,221360,0,4747746,0,6782495,4969106,2,14,,2,-4.8,24,12,1
2025-06-18,2025-06-12,13,taylor_swift,Taylor Swift,4448631,1438840,1438840,0,3114041,0,4448631,4552881,13,13,,0,-13.0,24,12,21
2025-06-18,2025-06-12,14,speak_now,Speak Now,5241349,332040,332040,0,3668944,0,5241349,4000984,3,12,,-2,-29.4,3,10,1
2025-06-25,2025-06-19,1,folklore,folklore,53713645,1881560,1881560,0,37599551,0,53713645,39481111,17,1,,0,-3.4,25,1,9
2025-06-25,2025-06-19,2,the_tortured_poets_department,THE TORTURED POETS DEPARTMENT,42503037,3431080,3431080,0,29752125,0,42503037,33183205,31,2,,0,-4.5,25,1,16
2025-06-25,2025-06-19,3,lover,Lover,36246908,1992240,1992240,0,28325476,9842131,26404777,30317716,18,3,,0,-2.9,25,3,24
2025-06-25,2025-06-19,4,reputation,reputation,29599533,1660200,1660200,0,20719674,0,29599533,22379874,15,4,,0,-6.3,25,2,1
2025-06-25,2025-06-19,5,midnights,Midnights,26864199,2434960,2434960,0,18804939,0,26864199,21239899,22,5,,0,-3.3,25,4,21
2025-06-25,2025-06-19,6,fearless_taylor_s_version,Fearless (Taylor's Version),24651977,2877680,2877680,0,17256385,0,24651977,20134065,26,6,,0,-3.2,25,5,8
2025-06-25,2025-06-19,7,1989,1989,25588371,553400,553400,0,17911859,0,25588371,18465259,5,7,,0,-2.5,25,5,2
2025-06-25,2025-06-19,8,1989_taylor_s_version,1989 (Taylor's Version),20356334,1770880,1770880,0,14249434,0,20356334,16020314,16,9,,1,-4.3,25,5,3
2025-06-25,2025-06-19,9,red_taylor_s_version,Red (Taylor's Version),18380403,3099040,3099040,0,12866279,0,18380403,15965319,28,8,,-1,-5.0,25,7,4
2025-06-25,2025-06-19,10,speak_now_taylor_s_version,Speak Now (Taylor's Version),15519813,2102920,2102920,0,10863867,0,15519813,12966787,19,10,,0,-4.9,25,9,19
2025-06-25,2025-06-19,11,evermore,evermore,13078575,1881560,1881560,0,9155002,0,13078575,11036562,17,11,,0,-3.2,25,10,1
2025-06-25,2025-06-19,12,red,Red,6808106,221360,221360,0,4765674,0,6808106,4987034,2,12,,0,0.4,25,12,2
2025-06-25,2025-06-19,13,taylor_swift,Taylor Swift,4225576,1438840,1438840,0,2957904,0,4225576,4396744,13,13,,0,-3.4,25,12,21
2025-06-25,2025-06-19,14,speak_now,Speak Now,5007702,332040,332040,0,3505391,0,5007702,3837431,3,14,,0,-4.1,4,10,1
2025-07-02,2025-06-26,1,folklore,folklore,52649224,1881560,1881560,0,36854457,0,52649224,38736017,17,1,,0,-1.9,26,1,10
2025-07-02,2025-06-26,2,the_tortured_poets_department,THE TORTURED POETS DEPARTMENT,42051228,3431080,3431080,0,29435859,0,42051228,32866939,31,2,,0,-1.0,26,1,16
2025-07-02,2025-06-26,3,lover,Lover,34766029,1992240,1992240,0,27216978,9602520,25163509,29209218,18,3,,0,-3.7,26,3,25
2025-07-02,2025-06-26,4,reputation,reputation,27915405,1660200,1660200,0,19540784,0,27915405,21200984,15,4,,0,-5.3,26,2,1
2025-07-02,2025-06-26,5,midnights,Midnights,26368230,2434960,2434960,0,18457762,0,26368230,20892722,22,5,,0,-1.6,26,4,21
2025-07-02,2025-06-26,6,fearless_taylor_s_version,Fearless (Taylor's Version),23992563,2877680,2877680,0,16794794,0,23992563,19672474,26,6,,0,-2.3,26,5,8
2025-07-02,2025-06-26,7,1989,1989,24950299,553400,553400,0,17465210,0,24950299,18018610,5,7,,0,-2.4,26,5,2
2025-07-02,2025-06-26,8,1989_taylor_s_version,1989 (Taylor's Version),19619072,1770880,1770880,0,13733350,0,19619072,15504230,16,8,,0,-3.2,26,5,3
2025-07-02,2025-06-26,9,red_taylor_s_version,Red (Taylor's Version),17465925,3099040,3099040,0,12226148,0,17465925,15325188,28,9,,0,-4.0,26,7,4
2025-07-02,2025-06-26,10,speak_now_taylor_s_version,Speak Now (Taylor's Version),15026600,2102920,2102920,0,10518621,0,15026600,12621541,19,10,,0,-2.7,26,9,19
2025-07-02,2025-06-26,11,evermore,evermore,12882338,1881560,1881560,0,9017637,0,12882338,10899197,17,11,,0,-1.2,26,10,1
2025-07-02,2025-06-26,12,red,Red,6512327,221360,221360,0,4558629,0,6512327,4779989,2,12,,0,-4.2,26,12,3
2025-07-02,2025-06-26,13,taylor_swift,Taylor Swift,4004701,1438840,1438840,0,2803290,0,4004701,4242130,13,13,,0,-3.5,26,12,21
2025-07-02,2025-06-26,14,speak_now,Speak Now,4667612,332040,332040,0,3267329,0,4667612,3599369,3,14,,0,-6.2,5,10,1
2025-07-09,2025-07-03,1,folklore,folklore,53247997,1881560,1881560,0,37273598,0,53247997,39155158,17,1,,0,1.1,27,1,11
2025-07-09,2025-07-03,2,the_tortured_poets_department,THE TORTURED POETS DEPARTMENT,40321390,3431080,3431080,0,28224972,0,40321390,31656052,31,2,,0,-3.7,27,1,16
2025-07-09,2025-07-03,3,lover,Lover,34533034,1992240,1992240,0,27111808,9795613,24737421,29104048,18,3,,0,-0.4,27,3,26
2025-07-09,2025-07-03,4,midnights,Midnights,25365320,2434960,2434960,0,17755725,0,25365320,20190685,22,5,,1,-3.4,27,4,22
2025-07-09,2025-07-03,5,reputation,reputation,26335919,1660200,1660200,0,18435142,0,26335919,20095342,15,4,,-1,-5.2,27,2,1
2025-07-09,2025-07-03,6,fearless_taylor_s_version,Fearless (Taylor's Version),24154527,2877680,2877680,0,16908169,0,24154527,19785849,26,6,,0,0.6,27,5,8
2025-07-09,2025-07-03,7,1989,1989,24752529,553400,553400,0,17326769,0,24752529,17880169,5,7,,0,-0.8,27,5,2
2025-07-09,2025-07-03,8,red_taylor_s_version,Red (Taylor's Version),17161924,3099040,3099040,0,12013346,0,17161924,15112386,28,9,,1,-1.4,27,7,4
2025-07-09,2025-07-03,9,1989_taylor_s_version,1989 (Taylor's Version),18660306,1770880,1770880,0,13062213,0,18660306,14833093,16,8,,-1,-4.3,27,5,3
2025-07-09,2025-07-03,10,speak_now_taylor_s_version,Speak Now (Taylor's Version),15928018,2102920,2102920,0,11149612,0,15928018,13252532,19,10,,0,5.0,27,9,19
2025-07-09,2025-07-03,11,evermore,evermore,12723531,1881560,1881560,0,8906473,0,12723531,10788033,17,11,,0,-1.0,27,10,1
2025-07-09,2025-07-03,12,red,Red,6530634,221360,221360,0,4571444,0,6530634,4792804,2,12,,0,0.3,27,12,4
2025-07-09,2025-07-03,13,taylor_swift,Taylor Swift,3820059,1438840,1438840,0,2674041,0,3820059,4112881,13,13,,0,-3.0,27,12,21
2025-07-09,2025-07-03,14,speak_now,Speak Now,4702719,332040,332040,0,3291903,0,4702719,3623943,3,14,,0,0.7,6,10,1
2025-07-16,2025-07-10,1,folklore,folklore,54128850,1881560,1881560,0,37890197,0,54128850,39771757,17,1,,0,1.6,28,1,12
2025-07-16,2025-07-10,2,the_tortured_poets_department,THE TORTURED POETS DEPARTMENT,40886203,3431080,3431080,0,28620341,0,40886203,32051421,31,2,,0,1.2,28,1,16
2025-07-16,2025-07-10,3,lover,Lover,35265517,1992240,1992240,0,27695692,10032768,25232749,29687932,18,3,,0,2.0,28,3,27
2025-07-16,2025-07-10,4,midnights,Midnights,25989244,2434960,2434960,0,18192473,0,25989244,20627433,22,4,,0,2.2,28,4,23
2025-07-16,2025-07-10,5,reputation,reputation,26557961,1660200,1660200,0,18590572,0,26557961,20250772,15,5,,0,0.8,28,2,1
2025-07-16,2025-07-10,6,fearless_taylor_s_version,Fearless (Taylor's Version),24311666,2877680,2877680,0,17018165,0,24311666,19895845,26,6,,0,0.6,28,5,8
2025-07-16,2025-07-10,7,1989,1989,24941961,553400,553400,0,17459373,0,24941961,18012773,5,7,,0,0.7,28,5,2
2025-07-16,2025-07-10,8,red_taylor_s_version,Red (Taylor's Version),17365275,3099040,3099040,0,12155694,0,17365275,15254734,28,8,,0,0.9,28,7,4
2025-07-16,2025-07-10,9,1989_taylor_s_version,1989 (Taylor's Version),18853514,1770880,1770880,0,13197459,0,18853514,14968339,16,9,,0,0.9,28,5,3
2025-07-16,2025-07-10,10,speak_now_taylor_s_version,Speak Now (Taylor's Version),15748844,2102920,2102920,0,11024190,0,15748844,13127110,19,10,,0,-0.9,28,9,19
2025-07-16,2025-07-10,11,evermore,evermore,13070061,1881560,1881560,0,9149043,0,13070061,11030603,17,11,,0,2.2,28,10,1
2025-07-16,2025-07-10,12,red,Red,6584818,221360,221360,0,4609373,0,6584818,4830733,2,12,,0,0.8,28,12,5
2025-07-16,2025-07-10,13,taylor_swift,Taylor Swift,3741363,1438840,1438840,0,2618954,0,3741363,4057794,13,13,,0,-1.3,28,12,21
2025-07-16,2025-07-10,14,speak_now,Speak Now,4756448,332040,332040,0,3329514,0,4756448,3661554,3,14,,0,1.0,7,10,1
2025-07-23,2025-07-17,1,folklore,folklore,58485114,1881560,1881560,0,40939582,0,58485114,42821142,17,1,,0,7.7,29,1,13
2025-07-23,2025-07-17,2,the_tortured_poets_department,THE TORTURED POETS DEPARTMENT,41578335,3431080,3431080,0,29104837,0,41578335,32535917,31,2,,0,1.5,29,1,16
2025-07-23,2025-07-17,3,lover,Lover,36593837,1992240,1992240,0,28651159,10118244,26475593,30643399,18,3,,0,3.2,29,3,28
2025-07-23,2025-07-17,4,midnights,Midnights,28004937,2434960,2434960,0,19603455,0,28004937,22038415,22,4,,0,6.8,29,4,24
2025-07-23,2025-07-17,5,reputation,reputation,27390607,1660200,1660200,0,19173425,0,27390607,20833625,15,5,,0,2.9,29,2,1
2025-07-23,2025-07-17,6,fearless_taylor_s_version,Fearless (Taylor's Version),24860304,2877680,2877680,0,17402217,0,24860304,20279897,26,6,,0,1.9,29,5,8
2025-07-23,2025-07-17,7,1989,1989,25153802,553400,553400,0,17607661,0,25153802,18161061,5,7,,0,0.8,29,5,2
2025-07-23,2025-07-17,8,red_taylor_s_version,Red (Taylor's Version),18903864,3099040,3099040,0,13232706,0,18903864,16331746,28,8,,0,7.1,29,7,4
2025-07-23,2025-07-17,9,1989_taylor_s_version,1989 (Taylor's Version),19640347,1770880,1770880,0,13748242,0,19640347,15519122,16,9,,0,3.7,29,5,3
2025-07-23,2025-07-17,10,speak_now_taylor_s_version,Speak Now (Taylor's Version),15479174,2102920,2102920,0,10835423,0,15479174,12938343,19,10,,0,-1.4,29,9,19
2025-07-23,2025-07-17,11,evermore,evermore,13403026,1881560,1881560,0,9382117,0,13403026,11263677,17,11,,0,2.1,29,10,1
2025-07-23,2025-07-17,12,red,Red,6533439,221360,221360,0,4573408,0,6533439,4794768,2,12,,0,-0.7,29,12,6
2025-07-23,2025-07-17,13,taylor_swift,Taylor Swift,3827705,1438840,1438840,0,2679394,0,3827705,4118234,13,13,,0,1.5,29,12,21
2025-07-23,2025-07-17,14,speak_now,Speak Now,4930296,332040,332040,0,3451207,0,4930296,3783247,3,14,,0,3.3,8,10,1
2025-07-30,2025-07-24,1,folklore,folklore,64639485,1881560,1881560,0,45247638,0,64639485,47129198,17,1,,0,10.1,30,1,14
2025-07-30,2025-07-24,2,the_tortured_poets_department,THE TORTURED POETS DEPARTMENT,42469721,3431080,3431080,0,29728805,0,42469721,33159885,31,2,,0,1.9,30,1,16
2025-07-30,2025-07-24,3,lover,Lover,37537099,1992240,1992240,0,29374267,10327664,27209435,31366507,18,3,,0,2.4,30,3,29
2025-07-30,2025-07-24,4,midnights,Midnights,28120241,2434960,2434960,0,19684168,0,28120241,22119128,22,4,,0,0.4,30,4,25
2025-07-30,2025-07-24,5,reputation,reputation,27653891,1660200,1660200,0,19357722,0,27653891,21017922,15,5,,0,0.9,30,2,1
2025-07-30,2025-07-24,6,fearless_taylor_s_version,Fearless (Taylor's Version),25186587,2877680,2877680,0,17630610,0,25186587,20508290,26,6,,0,1.1,30,5,8
2025-07-30,2025-07-24,7,1989,1989,26022728,553400,553400,0,18215910,0,26022728,18769310,5,7,,0,3.3,30,5,2
2025-07-30,2025-07-24,8,red_taylor_s_version,Red (Taylor's Version),19113216,3099040,3099040,0,13379251,0,19113216,16478291,28,8,,0,0.9,30,7,4
2025-07-30,2025-07-24,9,1989_taylor_s_version,1989 (Taylor's Version),19613335,1770880,1770880,0,13729335,0,19613335,15500215,16,9,,0,-0.1,30,5,3
2025-07-30,2025-07-24,10,speak_now_taylor_s_version,Speak Now (Taylor's Version),15342345,2102920,2102920,0,10739640,0,15342345,12842560,19,10,,0,-0.7,30,9,19
2025-07-30,2025-07-24,11,evermore,evermore,14330681,1881560,1881560,0,10031477,0,14330681,11913037,17,11,,0,5.8,30,10,1
2025-07-30,2025-07-24,12,red,Red,6665373,221360,221360,0,4665761,0,6665373,4887121,2,12,,0,1.9,30,12,7
2025-07-30,2025-07-24,13,taylor_swift,Taylor Swift,3778383,1438840,1438840,0,2644869,0,3778383,4083709,13,13,,0,-0.8,30,12,21
2025-07-30,2025-07-24,14,speak_now,Speak Now,4892052,332040,332040,0,3424436,0,4892052,3756476,3,14,,0,-0.7,9,10,1
2025-08-06,2025-07-31,1,folklore,folklore,92198257,1881560,1881560,0,69910174,17904654,74293603,71791734,17,1,,0,52.3,31,1,15
2025-08-06,2025-07-31,2,the_tortured_poets_department,THE TORTURED POETS DEPARTMENT,42710461,3431080,3431080,0,29897322,0,42710461,33328402,31,2,,0,0.5,31,1,16
2025-08-06,2025-07-31,3,lover,Lover,37480388,1992240,1992240,0,29236032,9999211,27481177,31228272,18,3,,0,-0.4,31,3,30
2025-08-06,2025-07-31,4,midnights,Midnights,28443200,2434960,2434960,0,19910240,0,28443200,22345200,22,4,,0,1.0,31,4,26
2025-08-06,2025-07-31,5,fearless_taylor_s_version,Fearless (Taylor's Version),25655137,2877680,2877680,0,17958597,0,25655137,20836277,26,6,,1,1.6,31,5,9
2025-08-06,2025-07-31,6,reputation,reputation,27272625,1660200,1660200,0,19090838,0,27272625,20751038,15,5,,-1,-1.3,31,2,1
2025-08-06,2025-07-31,7,1989,1989,25898405,553400,553400,0,18128884,0,25898405,18682284,5,7,,0,-0.5,31,5,2
2025-08-06,2025-07-31,8,red_taylor_s_version,Red (Taylor's Version),18840493,3099040,3099040,0,13188343,0,18840493,16287383,28,8,,0,-1.2,31,7,4
2025-08-06,2025-07-31,9,1989_taylor_s_version,1989 (Taylor's Version),19601392,1770880,1770880,0,13720972,0,19601392,15491852,16,9,,0,-0.1,31,5,3
2025-08-06,2025-07-31,10,speak_now_taylor_s_version,Speak Now (Taylor's Version),15157584,2102920,2102920,0,10610308,0,15157584,12713228,19,10,,0,-1.0,31,9,19
2025-08-06,2025-07-31,11,evermore,evermore,15141068,1881560,1881560,0,10598747,0,15141068,12480307,17,11,,0,4.8,31,10,1
2025-08-06,2025-07-31,12,red,Red,6642058,221360,221360,0,4649440,0,6642058,4870800,2,12,,0,-0.3,31,12,8
2025-08-06,2025-07-31,13,taylor_swift,Taylor Swift,3686346,1438840,1438840,0,2580442,0,3686346,4019282,13,13,,0,-1.6,31,12,21
2025-08-06,2025-07-31,14,speak_now,Speak Now,4817456,332040,332040,0,3372220,0,4817456,3704260,3,14,,0,-1.4,10,10,1
2025-08-13,2025-08-07,1,folklore,folklore,78039030,1881560,1881560,0,58183144,11852737,66186293,60064704,17,1,,0,-16.3,32,1,16
2025-08-13,2025-08-07,2,the_tortured_poets_department,THE TORTURED POETS DEPARTMENT,47657338,3431080,3431080,0,33360138,0,47657338,36791218,31,2,,0,10.4,32,1,16
2025-08-13,2025-08-07,3,lover,Lover,39336028,1992240,1992240,0,30559148,10079765,29256263,32551388,18,3,,0,4.2,32,3,31
2025-08-13,2025-08-07,4,1989,1989,32207925,885440,885440,0,24060124,5048587,27159338,24945564,8,7,,3,33.5,32,4,1
2025-08-13,2025-08-07,5,reputation,reputation,32211505,1660200,1660200,0,22952733,1348930,30862575,24612933,15,6,,1,18.6,32,2,1
2025-08-13,2025-08-07,6,midnights,Midnights,31020831,2434960,2434960,0,21714582,0,31020831,24149542,22,4,,-2,8.1,32,4,26
2025-08-13,2025-08-07,7,fearless_taylor_s_version,Fearless (Taylor's Version),26159804,2877680,2877680,0,18311859,0,26159804,21189539,26,5,,-2,1.7,32,5,9
2025-08-13,2025-08-07,8,red_taylor_s_version,Red (Taylor's Version),21080614,3099040,3099040,0,14756429,0,21080614,17855469,28,8,,0,9.6,32,7,4
2025-08-13,2025-08-07,9,1989_taylor_s_version,1989 (Taylor's Version),18701143,1438840,1438840,0,13090799,0,18701143,14529639,13,9,,0,-6.2,32,5,3
2025-08-13,2025-08-07,10,speak_now_taylor_s_version,Speak Now (Taylor's Version),16047824,2102920,2102920,0,11233474,0,16047824,13336394,19,10,,0,4.9,32,9,19
2025-08-13,2025-08-07,11,evermore,evermore,15289953,1881560,1881560,0,10702965,0,15289953,12584525,17,11,,0,0.8,32,10,1
2025-08-13,2025-08-07,12,red,Red,7544631,221360,221360,0,5281242,0,7544631,5502602,2,12,,0,13.0,32,12,9
2025-08-13,2025-08-07,13,taylor_swift,Taylor Swift,3924086,1438840,1438840,0,2746858,0,3924086,4185698,13,13,,0,4.1,32,12,21
2025-08-13,2025-08-07,14,speak_now,Speak Now,5189911,332040,332040,0,3632937,0,5189911,3964977,3,14,,0,7.0,11,10,1
2025-08-20,2025-08-14,1,folklore,folklore,80883082,1881560,1881560,0,59883861,10885675,69997407,61765421,17,1,,0,2.8,33,1,17
2025-08-20,2025-08-14,2,the_tortured_poets_department,THE TORTURED POETS DEPARTMENT,56968513,3431080,3431080,0,39968523,301874,56666639,43399603,31,2,,0,18.0,33,1,16
2025-08-20,2025-08-14,3,lover,Lover,50213219,1992240,1992240,0,39693355,15147004,35066215,41685595,18,3,,0,28.1,33,3,32
2025-08-20,2025-08-14,4,1989,1989,40621715,996120,996120,0,33910929,18252428,22369287,34907049,9,4,,0,39.9,33,4,2
2025-08-20,2025-08-14,5,reputation,reputation,41013582,1660200,1660200,0,29212836,1677772,39335810,30873036,15,5,,0,25.4,33,2,1
2025-08-20,2025-08-14,6,midnights,Midnights,38138382,2434960,2434960,0,26696868,0,38138382,29131828,22,6,,0,20.6,33,4,26
2025-08-20,2025-08-14,7,fearless_taylor_s_version,Fearless (Taylor's Version),29263642,2877680,2877680,0,20484549,0,29263642,23362229,26,7,,0,10.3,33,5,9
2025-08-20,2025-08-14,8,red_taylor_s_version,Red (Taylor's Version),25239413,3099040,3099040,0,17667588,0,25239413,20766628,28,8,,0,16.3,33,7,4
2025-08-20,2025-08-14,9,1989_taylor_s_version,1989 (Taylor's Version),21161044,1328160,1328160,0,14812729,0,21161044,16140889,12,9,,0,11.1,33,5,3
2025-08-20,2025-08-14,10,speak_now_taylor_s_version,Speak Now (Taylor's Version),18272719,2102920,2102920,0,12790902,0,18272719,14893822,19,10,,0,11.7,33,9,19
2025-08-20,2025-08-14,11,evermore,evermore,17128319,1881560,1881560,0,11989822,0,17128319,13871382,17,11,,0,10.2,33,10,1
2025-08-20,2025-08-14,12,red,Red,9271374,221360,221360,0,6489962,0,9271374,6711322,2,12,,0,22.0,33,12,10
2025-08-20,2025-08-14,13,taylor_swift,Taylor Swift,4540139,1438840,1438840,0,3178098,0,4540139,4616938,13,13,,0,10.3,33,12,21
2025-08-20,2025-08-14,14,speak_now,Speak Now,5824948,332040,332040,0,4077464,0,5824948,4409504,3,14,,0,11.2,12,10,1
2025-08-27,2025-08-21,1,folklore,folklore,83491257,1881560,1881560,0,63110472,15555305,67935952,64992032,17,1,,0,5.2,34,1,18
2025-08-27,2025-08-21,2,the_tortured_poets_department,THE TORTURED POETS DEPARTMENT,60212193,3431080,3431080,0,42679883,1771159,58441034,46110963,31,2,,0,6.2,34,1,16
2025-08-27,2025-08-21,3,lover,Lover,47244784,1992240,1992240,0,36741780,12234766,35010018,38734020,18,3,,0,-7.1,34,3,33
2025-08-27,2025-08-21,4,midnights,Midnights,36078080,2434960,2434960,0,25254654,0,36078080,27689614,22,6,,2,-5.0,34,4,27
2025-08-27,2025-08-21,5,reputation,reputation,34669621,1660200,1660200,0,24268735,0,34669621,25928935,15,5,,0,-16.0,34,2,1
2025-08-27,2025-08-21,6,1989,1989,31953048,774760,774760,0,23473858,3689082,28263966,24248618,7,4,,-2,-30.5,34,4,2
2025-08-27,2025-08-21,7,fearless_taylor_s_version,Fearless (Taylor's Version),29853416,2877680,2877680,0,20897392,0,29853416,23775072,26,7,,0,1.8,34,5,9
2025-08-27,2025-08-21,8,red_taylor_s_version,Red (Taylor's Version),24424486,3099040,3099040,0,17097136,0,24424486,20196176,28,8,,0,-2.7,34,7,4
2025-08-27,2025-08-21,9,1989_taylor_s_version,1989 (Taylor's Version),22426880,1549520,1549520,0,15698816,0,22426880,17248336,14,9,,0,6.9,34,5,3
2025-08-27,2025-08-21,10,speak_now_taylor_s_version,Speak Now (Taylor's Version),18024228,2102920,2102920,0,12616957,0,18024228,14719877,19,10,,0,-1.2,34,9,19
2025-08-27,2025-08-21,11,evermore,evermore,17247843,1881560,1881560,0,12073491,0,17247843,13955051,17,11,,0,0.6,34,10,1
2025-08-27,2025-08-21,12,red,Red,7879048,221360,221360,0,5515334,0,7879048,5736694,2,12,,0,-14.5,34,12,11
2025-08-27,2025-08-21,13,taylor_swift,Taylor Swift,4304154,1438840,1438840,0,3012908,0,4304154,4451748,13,13,,0,-3.6,34,12,21
2025-08-27,2025-08-21,14,speak_now,Speak Now,5747949,332040,332040,0,4023565,0,5747949,4355605,3,14,,0,-1.2,13,10,1
2025-09-03,2025-08-28,1,folklore,folklore,94065207,1881560,1881560,0,73219252,24578691,69486516,75100812,17,1,,0,15.6,35,1,19
2025-09-03,2025-08-28,2,the_tortured_poets_department,THE TORTURED POETS DEPARTMENT,57141430,3431080,3431080,0,39998998,0,57141430,43430078,31,2,,0,-5.8,35,1,16
2025-09-03,2025-08-28,3,lover,Lover,47663316,1992240,1992240,0,38362307,16659948,31003368,40354547,18,3,,0,4.2,35,3,34
2025-09-03,2025-08-28,4,midnights,Midnights,33740807,2434960,2434960,0,23618567,0,33740807,26053527,22,4,,0,-5.9,35,4,28
2025-09-03,2025-08-28,5,reputation,reputation,33147254,1660200,1660200,0,23203079,0,33147254,24863279,15,5,,0,-4.1,35,2,1
2025-09-03,2025-08-28,6,fearless_taylor_s_version,Fearless (Taylor's Version),31182290,2877680,2877680,0,21827604,0,31182290,24705284,26,7,,1,3.9,35,5,9
2025-09-03,2025-08-28,7,1989,1989,30301968,553400,553400,0,23383918,7241800,23060168,23937318,5,6,,-1,-1.3,35,4,2
2025-09-03,2025-08-28,8,red_taylor_s_version,Red (Taylor's Version),23189958,3099040,3099040,0,16232971,0,23189958,19332011,28,8,,0,-4.3,35,7,4
2025-09-03,2025-08-28,9,1989_taylor_s_version,1989 (Taylor's Version),23984705,1770880,1770880,0,16789293,0,23984705,18560173,16,9,,0,7.6,35,5,3
2025-09-03,2025-08-28,10,speak_now_taylor_s_version,Speak Now (Taylor's Version),17681431,2102920,2102920,0,12377001,0,17681431,14479921,19,10,,0,-1.6,35,9,19
2025-09-03,2025-08-28,11,evermore,evermore,17025585,1881560,1881560,0,11917909,0,17025585,13799469,17,11,,0,-1.1,35,10,1
2025-09-03,2025-08-28,12,red,Red,8066573,221360,221360,0,5646601,0,8066573,5867961,2,12,,0,2.3,35,12,12
2025-09-03,2025-08-28,13,speak_now,Speak Now,5724326,332040,332040,0,4007029,0,5724326,4339069,3,14,,1,-0.4,14,10,1
2025-09-03,2025-08-28,14,taylor_swift,Taylor Swift,4097989,1438840,1438840,0,2868593,0,4097989,4307433,13,13,,-1,-3.2,35,12,21
2025-09-10,2025-09-04,1,folklore,folklore,82675084,1881560,1881560,0,64098077,20751729,61923355,65979637,17,1,,0,-12.1,36,1,20
2025-09-10,2025-09-04,2,the_tortured_poets_department,THE TORTURED POETS DEPARTMENT,48216211,3431080,3431080,0,33751347,0,48216211,37182427,31,2,,0,-14.4,36,1,16
2025-09-10,2025-09-04,3,lover,Lover,41015700,1992240,1992240,0,31747848,10122860,30892840,33740088,18,3,,0,-16.4,36,3,35
2025-09-10,2025-09-04,4,midnights,Midnights,30764451,2434960,2434960,0,21535116,0,30764451,23970076,22,4,,0,-8.0,36,4,29
2025-09-10,2025-09-04,5,fearless_taylor_s_version,Fearless (Taylor's Version),27926752,2877680,2877680,0,19548728,0,27926752,22426408,26,6,,1,-9.2,36,5,10
2025-09-10,2025-09-04,6,reputation,reputation,28643603,1660200,1660200,0,20050524,0,28643603,21710724,15,5,,-1,-12.7,36,2,1
2025-09-10,2025-09-04,7,1989,1989,27537584,553400,553400,0,19276309,0,27537584,19829709,5,7,,0,-17.2,36,4,2
2025-09-10,2025-09-04,8,red_taylor_s_version,Red (Taylor's Version),21410153,3099040,3099040,0,14987108,0,21410153,18086148,28,8,,0,-6.4,36,7,4
2025-09-10,2025-09-04,9,1989_taylor_s_version,1989 (Taylor's Version),21203796,1770880,1770880,0,14842656,0,21203796,16613536,16,9,,0,-10.5,36,5,3
2025-09-10,2025-09-04,10,evermore,evermore,16592449,1881560,1881560,0,11614714,0,16592449,13496274,17,11,,1,-2.2,36,10,2
2025-09-10,2025-09-04,11,speak_now_taylor_s_version,Speak Now (Taylor's Version),15546118,2102920,2102920,0,10882284,0,15546118,12985204,19,10,,-1,-10.3,36,9,19
2025-09-10,2025-09-04,12,red,Red,7228825,221360,221360,0,5060177,0,7228825,5281537,2,12,,0,-10.0,36,12,13
2025-09-10,2025-09-04,13,taylor_swift,Taylor Swift,3554220,1438840,1438840,0,2487955,0,3554220,3926795,13,14,,1,-8.8,36,12,21
2025-09-10,2025-09-04,14,speak_now,Speak Now,5011356,332040,332040,0,3507949,0,5011356,3839989,3,13,,-1,-11.5,15,10,1
2025-09-17,2025-09-11,1,folklore,folklore,78162541,1881560,1881560,0,60189878,18253673,59908868,62071438,17,1,,0,-5.9,37,1,21
2025-09-17,2025-09-11,2,the_tortured_poets_department,THE TORTURED POETS DEPARTMENT,45123230,3431080,3431080,0,31586260,0,45123230,35017340,31,2,,0,-5.8,37,1,16
2025-09-17,2025-09-11,3,lover,Lover,38535451,1992240,1992240,0,29730901,9186948,29348503,31723141,18,3,,0,-6.0,37,3,36
2025-09-17,2025-09-11,4,midnights,Midnights,30295994,2434960,2434960,0,21207196,0,30295994,23642156,22,4,,0,-1.4,37,4,30
2025-09-17,2025-09-11,5,fearless_taylor_s_version,Fearless (Taylor's Version),26736023,2877680,2877680,0,18715215,0,26736023,21592895,26,5,,0,-3.7,37,5,11
2025-09-17,2025-09-11,6,reputation,reputation,27811092,1660200,1660200,0,19467764,0,27811092,21127964,15,6,,0,-2.7,37,2,1
2025-09-17,2025-09-11,7,1989,1989,26603118,553400,553400,0,18622182,0,26603118,19175582,5,7,,0,-3.3,37,4,2
2025-09-17,2025-09-11,8,red_taylor_s_version,Red (Taylor's Version),20606818,3099040,3099040,0,14424776,0,20606818,17523816,28,8,,0,-3.1,37,7,4
2025-09-17,2025-09-11,9,1989_taylor_s_version,1989 (Taylor's Version),20825651,1770880,1770880,0,14577955,0,20825651,16348835,16,9,,0,-1.6,37,5,3
2025-09-17,2025-09-11,10,evermore,evermore,16169393,1881560,1881560,0,11318575,0,16169393,13200135,17,10,,0,-2.2,37,10,3
2025-09-17,2025-09-11,11,speak_now_taylor_s_version,Speak Now (Taylor's Version),14760380,2102920,2102920,0,10332267,0,14760380,12435187,19,11,,0,-4.2,37,9,19
2025-09-17,2025-09-11,12,red,Red,6967129,221360,221360,0,4876990,0,6967129,5098350,2,12,,0,-3.5,37,12,14
2025-09-17,2025-09-11,13,taylor_swift,Taylor Swift,3413374,1438840,1438840,0,2389362,0,3413374,3828202,13,13,,0,-2.5,37,12,21
2025-09-17,2025-09-11,14,speak_now,Speak Now,4692835,332040,332040,0,3284984,0,4692835,3617024,3,14,,0,-5.8,16,10,1
2025-09-24,2025-09-18,1,folklore,folklore,80556555,1881560,1881560,0,62005445,18719518,61837037,63887005,17,1,,0,2.9,38,1,22
2025-09-24,2025-09-18,2,the_tortured_poets_department,THE TORTURED POETS DEPARTMENT,47168717,3431080,3431080,0,33018099,0,47168717,36449179,31,2,,0,4.1,38,1,16
2025-09-24,2025-09-18,3,lover,Lover,42051172,1992240,1992240,0,32387647,9839419,32211753,34379887,18,3,,0,8.4,38,3,37
2025-09-24,2025-09-18,4,reputation,reputation,39800999,1660200,1660200,0,30688277,9425262,30375737,32348477,15,6,,2,53.1,38,2,1
2025-09-24,2025-09-18,5,midnights,Midnights,32172596,2434960,2434960,0,22520819,0,32172596,24955779,22,4,,-1,5.6,38,4,30
2025-09-24,2025-09-18,6,fearless_taylor_s_version,Fearless (Taylor's Version),28749530,2877680,2877680,0,20124674,0,28749530,23002354,26,5,,-1,6.5,38,5,11
2025-09-24,2025-09-18,7,1989,1989,27260803,553400,553400,0,19082561,0,27260803,19635961,5,7,,0,2.4,38,4,2
2025-09-24,2025-09-18,8,1989_taylor_s_version,1989 (Taylor's Version),24931198,1770880,1770880,0,17451839,0,24931198,19222719,16,9,,1,17.6,38,5,3
2025-09-24,2025-09-18,9,red_taylor_s_version,Red (Taylor's Version),22137917,3099040,3099040,0,15496542,0,22137917,18595582,28,8,,-1,6.1,38,7,4
2025-09-24,2025-09-18,10,evermore,evermore,16665230,1881560,1881560,0,11665660,0,16665230,13547220,17,10,,0,2.6,38,10,4
2025-09-24,2025-09-18,11,speak_now_taylor_s_version,Speak Now (Taylor's Version),15750783,2102920,2102920,0,11025550,0,15750783,13128470,19,11,,0,5.6,38,9,19
2025-09-24,2025-09-18,12,red,Red,7000783,221360,221360,0,4900548,0,7000783,5121908,2,12,,0,0.5,38,12,15
2025-09-24,2025-09-18,13,taylor_swift,Taylor Swift,4298058,1438840,1438840,0,3008640,0,4298058,4447480,13,13,,0,16.2,38,12,21
2025-09-24,2025-09-18,14,speak_now,Speak Now,4990449,332040,332040,0,3493315,0,4990449,3825355,3,14,,0,5.8,17,10,1
2025-10-01,2025-09-25,1,folklore,folklore,76227420,1881560,1881560,0,57100606,12471367,63756053,58982166,17,1,,0,-7.7,39,1,23
2025-10-01,2025-09-25,2,the_tortured_poets_department,THE TORTURED POETS DEPARTMENT,49429432,3431080,3431080,0,34600602,0,49429432,38031682,31,2,,0,4.3,39,1,16
2025-10-01,2025-09-25,3,lover,Lover,39638514,1992240,1992240,0,30521709,9249161,30389353,32513949,18,3,,0,-5.4,39,3,38
2025-10-01,2025-09-25,4,reputation,reputation,37179384,1660200,1660200,0,26835399,2699436,34479948,28495599,15,4,,0,-11.9,39,2,1
2025-10-01,2025-09-25,5,midnights,Midnights,32861789,2434960,2434960,0,23003252,0,32861789,25438212,22,5,,0,1.9,39,4,30
2025-10-01,2025-09-25,6,fearless_taylor_s_version,Fearless (Taylor's Version),26710709,2877680,2877680,0,18697495,0,26710709,21575175,26,6,,0,-6.2,39,5,11
2025-10-01,2025-09-25,7,1989,1989,27517983,553400,553400,0,19262588,0,27517983,19815988,5,7,,0,0.9,39,4,2
2025-10-01,2025-09-25,8,red_taylor_s_version,Red (Taylor's Version),21761970,3099040,3099040,0,15233380,0,21761970,18332420,28,9,,1,-1.4,39,7,4
2025-10-01,2025-09-25,9,1989_taylor_s_version,1989 (Taylor's Version),23610821,1770880,1770880,0,16527575,0,23610821,18298455,16,8,,-1,-4.8,39,5,3
2025-10-01,2025-09-25,10,evermore,evermore,17814927,1881560,1881560,0,12470445,0,17814927,14352005,17,10,,0,5.9,39,10,5
2025-10-01,2025-09-25,11,speak_now_taylor_s_version,Speak Now (Taylor's Version),15043437,2102920,2102920,0,10530404,0,15043437,12633324,19,11,,0,-3.8,39,9,19
2025-10-01,2025-09-25,12,red,Red,7114805,221360,221360,0,4980363,0,7114805,5201723,2,12,,0,1.6,39,12,16
2025-10-01,2025-09-25,13,taylor_swift,Taylor Swift,3696635,1438840,1438840,0,2587646,0,3696635,4026486,13,13,,0,-9.5,39,12,21
2025-10-01,2025-09-25,14,speak_now,Speak Now,4728250,332040,332040,0,3309775,0,4728250,3641815,3,14,,0,-4.8,18,10,1
2025-10-08,2025-10-02,1,the_life_of_a_showgirl,The Life of a Showgirl,809328117,1328160,1328160,0,806529470,799999297,9328820,807857630,12,,NEW,,,1,1,1
2025-10-08,2025-10-02,2,folklore,folklore,80866434,1881560,1881560,0,61220237,15379106,65487328,63101797,17,1,,-1,7.0,40,1,23
2025-10-08,2025-10-02,3,the_tortured_poets_department,THE TORTURED POETS DEPARTMENT,52086241,3431080,3431080,0,36559927,331863,51754378,39991007,31,2,,-1,5.2,40,1,16
2025-10-08,2025-10-02,4,lover,Lover,38861363,1992240,1992240,0,30060021,9523561,29337802,32052261,18,3,,-1,-1.4,40,3,38
2025-10-08,2025-10-02,5,reputation,reputation,34405011,1660200,1660200,0,24209977,421565,33983446,25870177,15,4,,-1,-9.2,40,2,1
2025-10-08,2025-10-02,6,midnights,Midnights,33002992,2434960,2434960,0,23198424,321096,32681896,25633384,22,5,,-1,0.8,40,4,30
2025-10-08,2025-10-02,7,fearless_taylor_s_version,Fearless (Taylor's Version),23442611,2877680,2877680,0,16409827,0,23442611,19287507,26,6,,-1,-10.6,40,5,11
2025-10-08,2025-10-02,8,1989_taylor_s_version,1989 (Taylor's Version),24688318,1770880,1770880,0,17281821,0,24688318,19052701,16,9,,1,4.1,40,5,3
2025-10-08,2025-10-02,9,1989,1989,26301081,553400,553400,0,18415988,17435,26283646,18969388,5,7,,-2,-4.3,40,4,2
2025-10-08,2025-10-02,10,red_taylor_s_version,Red (Taylor's Version),19114432,3099040,3099040,0,13380103,0,19114432,16479143,28,8,,-2,-10.1,40,7,4
2025-10-08,2025-10-02,11,evermore,evermore,17741847,1881560,1881560,0,12419293,0,17741847,14300853,17,10,,-1,-0.4,40,10,5
2025-10-08,2025-10-02,12,speak_now_taylor_s_version,Speak Now (Taylor's Version),12897375,2102920,2102920,0,9028161,0,12897375,11131081,19,11,,-1,-11.9,40,9,19
2025-10-08,2025-10-02,13,red,Red,6824296,221360,221360,0,4777007,0,6824296,4998367,2,12,,-1,-3.9,40,12,16
2025-10-08,2025-10-02,14,taylor_swift,Taylor Swift,3315909,1438840,1438840,0,2321136,0,3315909,3759976,13,13,,-1,-6.6,40,12,21
2025-10-08,2025-10-02,15,speak_now,Speak Now,4040609,332040,332040,0,2828426,0,4040609,3160466,3,14,,-1,-13.2,19,10,1
2025-10-15,2025-10-09,1,the_life_of_a_showgirl,The Life of a Showgirl,486949692,1328160,1328160,0,485046951,480607226,6342466,486375111,12,1,,0,-39.8,2,1,2
2025-10-15,2025-10-09,2,folklore,folklore,66655843,1881560,1881560,0,46659092,0,66655843,48540652,17,2,,0,-23.1,41,1,23
2025-10-15,2025-10-09,3,the_tortured_poets_department,THE TORTURED POETS DEPARTMENT,44534274,3431080,3431080,0,31173991,0,44534274,34605071,31,3,,0,-13.5,41,1,16
2025-10-15,2025-10-09,4,lover,Lover,35216837,1992240,1992240,0,25368789,2390015,32826822,27361029,18,4,,0,-14.6,41,3,38
2025-10-15,2025-10-09,5,reputation,reputation,31325441,1660200,1660200,0,21927811,0,31325441,23588011,15,5,,0,-8.8,41,2,1
2025-10-15,2025-10-09,6,midnights,Midnights,29284298,2434960,2434960,0,20499007,0,29284298,22933967,22,6,,0,-10.5,41,4,30
2025-10-15,2025-10-09,7,fearless_taylor_s_version,Fearless (Taylor's Version),22000769,2877680,2877680,0,15400538,0,22000769,18278218,26,7,,0,-5.2,41,5,11
2025-10-15,2025-10-09,8,1989,1989,25152047,553400,553400,0,17606433,0,25152047,18159833,5,9,,1,-4.3,41,4,2
2025-10-15,2025-10-09,9,1989_taylor_s_version,1989 (Taylor's Version),22270327,1770880,1770880,0,15589230,0,22270327,17360110,16,8,,-1,-8.9,41,5,3
2025-10-15,2025-10-09,10,red_taylor_s_version,Red (Taylor's Version),17715639,3099040,3099040,0,12400948,0,17715639,15499988,28,10,,0,-5.9,41,7,4
2025-10-15,2025-10-09,11,evermore,evermore,15585666,1881560,1881560,0,10909966,0,15585666,12791526,17,11,,0,-10.6,41,10,5
2025-10-15,2025-10-09,12,speak_now_taylor_s_version,Speak Now (Taylor's Version),11980218,2102920,2102920,0,8386152,0,11980218,10489072,19,12,,0,-5.8,41,9,19
2025-10-15,2025-10-09,13,red,Red,6813915,221360,221360,0,4769740,0,6813915,4991100,2,13,,0,-0.1,41,12,16
2025-10-15,2025-10-09,14,taylor_swift,Taylor Swift,3071953,1438840,1438840,0,2150367,0,3071953,3589207,13,14,,0,-4.5,41,12,21
2025-10-15,2025-10-09,15,speak_now,Speak Now,3714954,332040,332040,0,2600468,0,3714954,2932508,3,15,,0,-7.2,20,10,1
2025-10-22,2025-10-16,1,the_life_of_a_showgirl,The Life of a Showgirl,326281322,1328160,1328160,0,324930055,321777102,4504220,326258215,12,1,,0,-32.9,3,1,3
2025-10-22,2025-10-16,2,folklore,folklore,64464740,1881560,1881560,0,45125317,0,64464740,47006877,17,2,,0,-3.2,42,1,23
2025-10-22,2025-10-16,3,the_tortured_poets_department,THE TORTURED POETS DEPARTMENT,41760723,3431080,3431080,0,29232507,0,41760723,32663587,31,3,,0,-5.6,42,1,16
2025-10-22,2025-10-16,4,lover,Lover,33789879,1992240,1992240,0,23652913,0,33789879,25645153,18,4,,0,-6.3,42,3,38
2025-10-22,2025-10-16,5,reputation,reputation,30085987,1660200,1660200,0,21060192,0,30085987,22720392,15,5,,0,-3.7,42,2,1
2025-10-22,2025-10-16,6,midnights,Midnights,28445126,2434960,2434960,0,19911589,0,28445126,22346549,22,6,,0,-2.6,42,4,30
2025-10-22,2025-10-16,7,fearless_taylor_s_version,Fearless (Taylor's Version),21457569,2877680,2877680,0,15020296,0,21457569,17897976,26,7,,0,-2.1,42,5,11
2025-10-22,2025-10-16,8,1989,1989,24445384,553400,553400,0,17111769,0,24445384,17665169,5,8,,0,-2.7,42,4,2
2025-10-22,2025-10-16,9,1989_taylor_s_version,1989 (Taylor's Version),20121166,1770880,1770880,0,14084815,0,20121166,15855695,16,9,,0,-8.7,42,5,3
2025-10-22,2025-10-16,10,red_taylor_s_version,Red (Taylor's Version),17517312,3099040,3099040,0,12262117,0,17517312,15361157,28,10,,0,-0.9,42,7,4
2025-10-22,2025-10-16,11,evermore,evermore,15643829,1881560,1881560,0,10950680,0,15643829,12832240,17,11,,0,0.3,42,10,5
2025-10-22,2025-10-16,12,speak_now_taylor_s_version,Speak Now (Taylor's Version),11920174,2102920,2102920,0,8344123,0,11920174,10447043,19,12,,0,-0.4,42,9,19
2025-10-22,2025-10-16,13,red,Red,6490841,221360,221360,0,4543588,0,6490841,4764948,2,13,,0,-4.5,42,12,16
2025-10-22,2025-10-16,14,taylor_swift,Taylor Swift,2896249,1438840,1438840,0,2027375,0,2896249,3466215,13,14,,0,-3.4,42,12,21
2025-10-22,2025-10-16,15,speak_now,Speak Now,3663142,332040,332040,0,2564199,0,3663142,2896239,3,15,,0,-1.2,21,10,1
2025-10-29,2025-10-23,1,the_life_of_a_showgirl,The Life of a Showgirl,255098765,1328160,1328160,0,254131812,251875591,3223174,255459972,12,1,,0,-21.7,4,1,4
2025-10-29,2025-10-23,2,folklore,folklore,61908021,1881560,1881560,0,43335614,0,61908021,45217174,17,2,,0,-3.8,43,1,23
2025-10-29,2025-10-23,3,the_tortured_poets_department,THE TORTURED POETS DEPARTMENT,39298044,3431080,3431080,0,27508632,0,39298044,30939712,31,3,,0,-5.3,43,1,16
2025-10-29,2025-10-23,4,lover,Lover,33316343,1992240,1992240,0,23321440,0,33316343,25313680,18,4,,0,-1.3,43,3,38
2025-10-29,2025-10-23,5,midnights,Midnights,28114138,2434960,2434960,0,19679895,0,28114138,22114855,22,6,,1,-1.0,43,4,30
2025-10-29,2025-10-23,6,reputation,reputation,28843797,1660200,1660200,0,20190659,0,28843797,21850859,15,5,,-1,-3.8,43,2,1
2025-10-29,2025-10-23,7,1989,1989,25168893,553400,553400,0,17618226,0,25168893,18171626,5,8,,1,2.9,43,4,2
2025-10-29,2025-10-23,8,fearless_taylor_s_version,Fearless (Taylor's Version),21182694,2877680,2877680,0,14827883,0,21182694,17705563,26,7,,-1,-1.1,43,5,11
2025-10-29,2025-10-23,9,red_taylor_s_version,Red (Taylor's Version),17540063,3099040,3099040,0,12278043,0,17540063,15377083,28,10,,1,0.1,43,7,4
2025-10-29,2025-10-23,10,1989_taylor_s_version,1989 (Taylor's Version),18959039,1770880,1770880,0,13271328,0,18959039,15042208,16,9,,-1,-5.1,43,5,3
2025-10-29,2025-10-23,11,evermore,evermore,15627977,1881560,1881560,0,10939583,0,15627977,12821143,17,11,,0,-0.1,43,10,5
2025-10-29,2025-10-23,12,speak_now_taylor_s_version,Speak Now (Taylor's Version),11935396,2102920,2102920,0,8354777,0,11935396,10457697,19,12,,0,0.1,43,9,19
2025-10-29,2025-10-23,13,red,Red,6262481,221360,221360,0,4383736,0,6262481,4605096,2,13,,0,-3.4,43,12,16
2025-10-29,2025-10-23,14,taylor_swift,Taylor Swift,2967134,1438840,1438840,0,2076993,0,2967134,3515833,13,14,,0,1.4,43,12,21
2025-10-29,2025-10-23,15,speak_now,Speak Now,3633047,332040,332040,0,2543133,0,3633047,2875173,3,15,,0,-0.7,22,10,1
2025-11-05,2025-10-30,1,the_life_of_a_showgirl,The Life of a Showgirl,212817001,1328160,1328160,0,211058116,206954047,5862954,212386276,12,1,,0,-16.9,5,1,5
2025-11-05,2025-10-30,2,folklore,folklore,57594538,1881560,1881560,0,40316177,0,57594538,42197737,17,2,,0,-6.7,44,1,23
2025-11-05,2025-10-30,3,the_tortured_poets_department,THE TORTURED POETS DEPARTMENT,37002417,3431080,3431080,0,25901691,0,37002417,29332771,31,3,,0,-5.2,44,1,16
2025-11-05,2025-10-30,4,lover,Lover,32087062,1992240,1992240,0,22460943,0,32087062,24453183,18,4,,0,-3.4,44,3,38
2025-11-05,2025-10-30,5,reputation,reputation,27730541,1660200,1660200,0,19411379,0,27730541,21071579,15,6,,1,-3.6,44,2,1
2025-11-05,2025-10-30,6,midnights,Midnights,25779955,2434960,2434960,0,18045968,0,25779955,20480928,22,5,,-1,-7.4,44,4,30
2025-11-05,2025-10-30,7,1989,1989,24788114,553400,553400,0,17351679,0,24788114,17905079,5,7,,0,-1.5,44,4,2
2025-11-05,2025-10-30,8,fearless_taylor_s_version,Fearless (Taylor's Version),20375001,2877680,2877680,0,14262498,0,20375001,17140178,26,8,,0,-3.2,44,5,11
2025-11-05,2025-10-30,9,red_taylor_s_version,Red (Taylor's Version),16568487,3099040,3099040,0,11597940,0,16568487,14696980,28,9,,0,-4.4,44,7,4
2025-11-05,2025-10-30,10,1989_taylor_s_version,1989 (Taylor's Version),18213748,1770880,1770880,0,12749623,0,18213748,14520503,16,10,,0,-3.5,44,5,3
2025-11-05,2025-10-30,11,evermore,evermore,16255399,1881560,1881560,0,11378777,0,16255399,13260337,17,11,,0,3.4,44,10,5
2025-11-05,2025-10-30,12,speak_now_taylor_s_version,Speak Now (Taylor's Version),11502151,2102920,2102920,0,8051506,0,11502151,10154426,19,12,,0,-2.9,44,9,19
2025-11-05,2025-10-30,13,red,Red,6388472,221360,221360,0,4471930,0,6388472,4693290,2,13,,0,1.9,44,12,16
2025-11-05,2025-10-30,14,taylor_swift,Taylor Swift,2783207,1438840,1438840,0,1948243,0,2783207,3387083,13,14,,0,-3.7,44,12,21
2025-11-05,2025-10-30,15,speak_now,Speak Now,3493239,332040,332040,0,2445268,0,3493239,2777308,3,15,,0,-3.4,23,10,1
2025-11-12,2025-11-06,1,the_life_of_a_showgirl,The Life of a Showgirl,181196472,1328160,1328160,0,177657034,169398341,11798131,178985194,12,1,,0,-15.7,6,1,6
2025-11-12,2025-11-06,2,folklore,folklore,56053172,1881560,1881560,0,39237218,0,56053172,41118778,17,2,,0,-2.6,45,1,23
2025-11-12,2025-11-06,3,the_tortured_poets_department,THE TORTURED POETS DEPARTMENT,36093963,3431080,3431080,0,25265774,0,36093963,28696854,31,3,,0,-2.2,45,1,16
2025-11-12,2025-11-06,4,lover,Lover,31249556,1992240,1992240,0,21874689,0,31249556,23866929,18,4,,0,-2.4,45,3,38
2025-11-12,2025-11-06,5,reputation,reputation,26292605,1660200,1660200,0,18404824,0,26292605,20065024,15,5,,0,-4.8,45,2,1
2025-11-12,2025-11-06,6,midnights,Midnights,24405967,2434960,2434960,0,17084177,0,24405967,19519137,22,6,,0,-4.7,45,4,30
2025-11-12,2025-11-06,7,1989,1989,24723874,553400,553400,0,17306712,0,24723874,17860112,5,7,,0,-0.3,45,4,2
2025-11-12,2025-11-06,8,fearless_taylor_s_version,Fearless (Taylor's Version),20123439,2877680,2877680,0,14086407,0,20123439,16964087,26,8,,0,-1.0,45,5,11
2025-11-12,2025-11-06,9,red_taylor_s_version,Red (Taylor's Version),16548681,3099040,3099040,0,11584075,0,16548681,14683115,28,9,,0,-0.1,45,7,4
2025-11-12,2025-11-06,10,1989_taylor_s_version,1989 (Taylor's Version),18304338,1770880,1770880,0,12813038,0,18304338,14583918,16,10,,0,0.4,45,5,3
2025-11-12,2025-11-06,11,evermore,evermore,15438441,1881560,1881560,0,10806908,0,15438441,12688468,17,11,,0,-4.3,45,10,5
2025-11-12,2025-11-06,12,speak_now_taylor_s_version,Speak Now (Taylor's Version),11486269,2102920,2102920,0,8040388,0,11486269,10143308,19,12,,0,-0.1,45,9,19
2025-11-12,2025-11-06,13,red,Red,6300774,221360,221360,0,4410542,0,6300774,4631902,2,13,,0,-1.3,45,12,16
2025-11-12,2025-11-06,14,taylor_swift,Taylor Swift,2726823,1438840,1438840,0,1908776,0,2726823,3347616,13,14,,0,-1.2,45,12,21
2025-11-12,2025-11-06,15,speak_now,Speak Now,3527398,332040,332040,0,2469178,0,3527398,2801218,3,15,,0,0.9,24,10,1
2025-11-19,2025-11-13,1,the_life_of_a_showgirl,The Life of a Showgirl,160762802,1328160,1328160,0,152985030,134836898,25925904,154313190,12,1,,0,-13.8,7,1,7
2025-11-19,2025-11-13,2,folklore,folklore,57170467,1881560,1881560,0,40019328,0,57170467,41900888,17,2,,0,1.9,46,1,23
2025-11-19,2025-11-13,3,the_tortured_poets_department,THE TORTURED POETS DEPARTMENT,36466767,3431080,3431080,0,25526734,0,36466767,28957814,31,3,,0,0.9,46,1,16
2025-11-19,2025-11-13,4,lover,Lover,30882477,1992240,1992240,0,21617733,0,30882477,23609973,18,4,,0,-1.1,46,3,38
2025-11-19,2025-11-13,5,midnights,Midnights,24676925,2434960,2434960,0,17273846,0,24676925,19708806,22,6,,1,1.0,46,4,30
2025-11-19,2025-11-13,6,reputation,reputation,25444083,1660200,1660200,0,17810857,0,25444083,19471057,15,5,,-1,-3.0,46,2,1
2025-11-19,2025-11-13,7,1989,1989,26091514,553400,553400,0,18264060,0,26091514,18817460,5,7,,0,5.4,46,4,2
2025-11-19,2025-11-13,8,fearless_taylor_s_version,Fearless (Taylor's Version),20348145,2877680,2877680,0,14243702,0,20348145,17121382,26,8,,0,0.9,46,5,11
2025-11-19,2025-11-13,9,red_taylor_s_version,Red (Taylor's Version),16096960,3099040,3099040,0,11267875,0,16096960,14366915,28,9,,0,-2.2,46,7,4
2025-11-19,2025-11-13,10,1989_taylor_s_version,1989 (Taylor's Version),17406904,1770880,1770880,0,12184834,0,17406904,13955714,16,10,,0,-4.3,46,5,3
2025-11-19,2025-11-13,11,evermore,evermore,15503320,1881560,1881560,0,10852324,0,15503320,12733884,17,11,,0,0.4,46,10,5
2025-11-19,2025-11-13,12,speak_now_taylor_s_version,Speak Now (Taylor's Version),11706307,2102920,2102920,0,8194415,0,11706307,10297335,19,12,,0,1.5,46,9,19
2025-11-19,2025-11-13,13,red,Red,5814549,221360,221360,0,4070185,0,5814549,4291545,2,13,,0,-7.3,46,12,16
2025-11-19,2025-11-13,14,taylor_swift,Taylor Swift,2746685,1438840,1438840,0,1922681,0,2746685,3361521,13,14,,0,0.4,46,12,21
2025-11-19,2025-11-13,15,speak_now,Speak Now,3613162,332040,332040,0,2529213,0,3613162,2861253,3,15,,0,2.1,25,10,1
2025-11-26,2025-11-20,1,the_life_of_a_showgirl,The Life of a Showgirl,144829041,1328160,1328160,0,134932975,111842155,32986886,136261135,12,1,,0,-11.7,8,1,8
2025-11-26,2025-11-20,2,folklore,folklore,54992217,1881560,1881560,0,38494551,0,54992217,40376111,17,2,,0,-3.6,47,1,23
2025-11-26,2025-11-20,3,the_tortured_poets_department,THE TORTURED POETS DEPARTMENT,35736033,3431080,3431080,0,25015222,0,35736033,28446302,31,3,,0,-1.8,47,1,16
2025-11-26,2025-11-20,4,lover,Lover,29431698,1992240,1992240,0,20602189,0,29431698,22594429,18,4,,0,-4.3,47,3,38
2025-11-26,2025-11-20,5,midnights,Midnights,24329370,2434960,2434960,0,17030558,0,24329370,19465518,22,5,,0,-1.2,47,4,30
2025-11-26,2025-11-20,6,reputation,reputation,23873953,1660200,1660200,0,16711768,0,23873953,18371968,15,6,,0,-5.6,47,2,1
2025-11-26,2025-11-20,7,1989,1989,24850231,553400,553400,0,17395161,0,24850231,17948561,5,7,,0,-4.6,47,4,2
2025-11-26,2025-11-20,8,fearless_taylor_s_version,Fearless (Taylor's Version),19857068,2877680,2877680,0,13899949,0,19857068,16777629,26,8,,0,-2.0,47,5,11
2025-11-26,2025-11-20,9,red_taylor_s_version,Red (Taylor's Version),15966877,3099040,3099040,0,11176815,0,15966877,14275855,28,9,,0,-0.6,47,7,4
2025-11-26,2025-11-20,10,1989_taylor_s_version,1989 (Taylor's Version),17247932,1770880,1770880,0,12073554,0,17247932,13844434,16,10,,0,-0.8,47,5,3
2025-11-26,2025-11-20,11,evermore,evermore,15360829,1881560,1881560,0,10752581,0,15360829,12634141,17,11,,0,-0.8,47,10,5
2025-11-26,2025-11-20,12,speak_now_taylor_s_version,Speak Now (Taylor's Version),7816576,1992240,1992240,0,5471605,0,7816576,7463845,18,12,,0,-27.5,47,9,19
2025-11-26,2025-11-20,13,speak_now,Speak Now,7352116,442720,442720,0,5146481,0,7352116,5589201,4,15,,2,95.3,26,10,1
2025-11-26,2025-11-20,14,red,Red,5962087,221360,221360,0,4173461,0,5962087,4394821,2,13,,-1,2.4,47,12,16
2025-11-26,2025-11-20,15,taylor_swift,Taylor Swift,2793833,1438840,1438840,0,1955684,0,2793833,3394524,13,14,,-1,1.0,47,12,21
2025-12-03,2025-11-27,1,the_life_of_a_showgirl,The Life of a Showgirl,127412470,1328160,1328160,0,114079691,81960797,45884134,115407851,12,1,,0,-15.3,9,1,9
2025-12-03,2025-11-27,2,folklore,folklore,50854588,1881560,1881560,0,35598211,0,50854588,37479771,17,2,,0,-7.2,48,1,23
2025-12-03,2025-11-27,3,the_tortured_poets_department,THE TORTURED POETS DEPARTMENT,34816430,3431080,3431080,0,24371504,0,34816430,27802584,31,3,,0,-2.3,48,1,16
2025-12-03,2025-11-27,4,lover,Lover,27917293,1992240,1992240,0,19542105,0,27917293,21534345,18,4,,0,-4.7,48,3,38
2025-12-03,2025-11-27,5,midnights,Midnights,23174254,2434960,2434960,0,16221977,0,23174254,18656937,22,5,,0,-4.2,48,4,30
2025-12-03,2025-11-27,6,reputation,reputation,22615656,1660200,1660200,0,15830959,0,22615656,17491159,15,6,,0,-4.8,48,2,1
2025-12-03,2025-11-27,7,1989,1989,23052616,553400,553400,0,16136831,0,23052616,16690231,5,7,,0,-7.0,48,4,2
2025-12-03,2025-11-27,8,fearless_taylor_s_version,Fearless (Taylor's Version),18931207,2877680,2877680,0,13251845,0,18931207,16129525,26,8,,0,-3.9,48,5,11
2025-12-03,2025-11-27,9,red_taylor_s_version,Red (Taylor's Version),15767004,3099040,3099040,0,11036904,0,15767004,14135944,28,9,,0,-1.0,48,7,4
2025-12-03,2025-11-27,10,1989_taylor_s_version,1989 (Taylor's Version),16651881,1770880,1770880,0,11656316,0,16651881,13427196,16,10,,0,-3.0,48,5,3
2025-12-03,2025-11-27,11,evermore,evermore,14875962,1881560,1881560,0,10413171,0,14875962,12294731,17,11,,0,-2.7,48,10,5
2025-12-03,2025-11-27,12,speak_now_taylor_s_version,Speak Now (Taylor's Version),7664063,1992240,1992240,0,5364845,0,7664063,7357085,18,12,,0,-1.4,48,9,19
2025-12-03,2025-11-27,13,speak_now,Speak Now,7694377,442720,442720,0,5386064,0,7694377,5828784,4,13,,0,4.3,27,10,1
2025-12-03,2025-11-27,14,red,Red,5910350,221360,221360,0,4137245,0,5910350,4358605,2,14,,0,-0.8,48,12,16
2025-12-03,2025-11-27,15,taylor_swift,Taylor Swift,2539139,1438840,1438840,0,1777397,0,2539139,3216237,13,15,,0,-5.3,48,12,21
2025-12-10,2025-12-04,1,the_life_of_a_showgirl,The Life of a Showgirl,122212067,1328160,1328160,0,106709831,70537951,51674116,108037991,12,1,,0,-6.4,10,1,10
2025-12-10,2025-12-04,2,folklore,folklore,53616084,1881560,1881560,0,37531260,0,53616084,39412820,17,2,,0,5.2,49,1,23
2025-12-10,2025-12-04,3,the_tortured_poets_department,THE TORTURED POETS DEPARTMENT,38836368,3431080,3431080,0,27185458,0,38836368,30616538,31,3,,0,10.1,49,1,16
2025-12-10,2025-12-04,4,lover,Lover,29763721,1992240,1992240,0,20834605,0,29763721,22826845,18,4,,0,6.0,49,3,38
2025-12-10,2025-12-04,5,midnights,Midnights,23878558,2434960,2434960,0,16714991,0,23878558,19149951,22,5,,0,2.6,49,4,30
2025-12-10,2025-12-04,6,reputation,reputation,23679954,1660200,1660200,0,16575966,0,23679954,18236166,15,6,,0,4.3,49,2,1
2025-12-10,2025-12-04,7,1989,1989,23992293,553400,553400,0,16794604,0,23992293,17348004,5,7,,0,3.9,49,4,2
2025-12-10,2025-12-04,8,fearless_taylor_s_version,Fearless (Taylor's Version),19920659,2877680,2877680,0,13944464,0,19920659,16822144,26,8,,0,4.3,49,5,11
2025-12-10,2025-12-04,9,red_taylor_s_version,Red (Taylor's Version),15665650,3099040,3099040,0,10965957,0,15665650,14064997,28,9,,0,-0.5,49,7,4
2025-12-10,2025-12-04,10,1989_taylor_s_version,1989 (Taylor's Version),16986019,1770880,1770880,0,11890215,0,16986019,13661095,16,10,,0,1.7,49,5,3
2025-12-10,2025-12-04,11,evermore,evermore,14464779,1881560,1881560,0,10125345,0,14464779,12006905,17,11,,0,-2.3,49,10,5
2025-12-10,2025-12-04,12,speak_now_taylor_s_version,Speak Now (Taylor's Version),7727859,1992240,1992240,0,5409500,0,7727859,7401740,18,12,,0,0.6,49,9,19
2025-12-10,2025-12-04,13,speak_now,Speak Now,8066741,442720,442720,0,5646719,0,8066741,6089439,4,13,,0,4.5,28,10,1
2025-12-10,2025-12-04,14,red,Red,5836787,221360,221360,0,4085751,0,5836787,4307111,2,14,,0,-1.2,49,12,16
2025-12-10,2025-12-04,15,taylor_swift,Taylor Swift,2468551,1438840,1438840,0,1727986,0,2468551,3166826,13,15,,0,-1.5,49,12,21
2025-12-17,2025-12-11,1,the_life_of_a_showgirl,The Life of a Showgirl,119787753,1328160,1328160,0,104741331,69633015,50154738,106069491,12,1,,0,-1.8,11,1,11
2025-12-17,2025-12-11,2,folklore,folklore,54312067,1881560,1881560,0,38018446,0,54312067,39900006,17,2,,0,1.2,50,1,23
2025-12-17,2025-12-11,3,the_tortured_poets_department,THE TORTURED POETS DEPARTMENT,41766548,3431080,3431080,0,29236582,0,41766548,32667662,31,3,,0,6.7,50,1,16
2025-12-17,2025-12-11,4,lover,Lover,31523547,1992240,1992240,0,22066482,0,31523547,24058722,18,4,,0,5.4,50,3,38
2025-12-17,2025-12-11,5,reputation,reputation,27295283,1660200,1660200,0,19106698,0,27295283,20766898,15,6,,1,13.9,50,2,1
2025-12-17,2025-12-11,6,midnights,Midnights,25551010,2434960,2434960,0,17885705,0,25551010,20320665,22,5,,-1,6.1,50,4,30
2025-12-17,2025-12-11,7,1989,1989,25599342,553400,553400,0,17919539,0,25599342,18472939,5,7,,0,6.5,50,4,2
2025-12-17,2025-12-11,8,fearless_taylor_s_version,Fearless (Taylor's Version),21509579,2877680,2877680,0,15056706,0,21509579,17934386,26,8,,0,6.6,50,5,11
2025-12-17,2025-12-11,9,red_taylor_s_version,Red (Taylor's Version),17004959,3099040,3099040,0,11903471,0,17004959,15002511,28,9,,0,6.7,50,7,4
2025-12-17,2025-12-11,10,1989_taylor_s_version,1989 (Taylor's Version),18020356,1770880,1770880,0,12614249,0,18020356,14385129,16,10,,0,5.3,50,5,3
2025-12-17,2025-12-11,11,evermore,evermore,15111678,1881560,1881560,0,10578173,0,15111678,12459733,17,11,,0,3.8,50,10,5
2025-12-17,2025-12-11,12,speak_now_taylor_s_version,Speak Now (Taylor's Version),8213931,1992240,1992240,0,5749752,0,8213931,7741992,18,12,,0,4.6,50,9,19
2025-12-17,2025-12-11,13,speak_now,Speak Now,8217148,442720,442720,0,5752004,0,8217148,6194724,4,13,,0,1.7,29,10,1
2025-12-17,2025-12-11,14,red,Red,6243060,221360,221360,0,4370142,0,6243060,4591502,2,14,,0,6.6,50,12,16
2025-12-17,2025-12-11,15,taylor_swift,Taylor Swift,2744950,1438840,1438840,0,1921464,0,2744950,3360304,13,15,,0,6.1,50,12,21
2025-12-24,2025-12-18,1,the_life_of_a_showgirl,The Life of a Showgirl,114955148,1328160,1328160,0,100167018,65661378,49293770,101495178,12,1,,0,-4.3,12,1,12
2025-12-24,2025-12-18,2,folklore,folklore,50698629,1881560,1881560,0,35489040,0,50698629,37370600,17,2,,0,-6.3,51,1,23
2025-12-24,2025-12-18,3,the_tortured_poets_department,THE TORTURED POETS DEPARTMENT,42445421,3431080,3431080,0,29711796,0,42445421,33142876,31,3,,0,1.5,51,1,16
2025-12-24,2025-12-18,4,lover,Lover,31100449,1992240,1992240,0,21770315,0,31100449,23762555,18,4,,0,-1.2,51,3,38
2025-12-24,2025-12-18,5,midnights,Midnights,26039003,2434960,2434960,0,18227302,0,26039003,20662262,22,6,,1,1.7,51,4,30
2025-12-24,2025-12-18,6,reputation,reputation,26315354,1660200,1660200,0,18420747,0,26315354,20080947,15,5,,-1,-3.3,51,2,1
2025-12-24,2025-12-18,7,1989,1989,27080175,553400,553400,0,18956123,0,27080175,19509523,5,7,,0,5.6,51,4,2
2025-12-24,2025-12-18,8,fearless_taylor_s_version,Fearless (Taylor's Version),21078031,2877680,2877680,0,14754622,0,21078031,17632302,26,8,,0,-1.7,51,5,11
2025-12-24,2025-12-18,9,red_taylor_s_version,Red (Taylor's Version),16168397,3099040,3099040,0,11317878,0,16168397,14416918,28,9,,0,-3.9,51,7,4
2025-12-24,2025-12-18,10,1989_taylor_s_version,1989 (Taylor's Version),18029120,1770880,1770880,0,12620382,0,18029120,14391262,16,10,,0,0.0,51,5,3
2025-12-24,2025-12-18,11,evermore,evermore,14646269,1881560,1881560,0,10252389,0,14646269,12133949,17,11,,0,-2.6,51,10,5
2025-12-24,2025-12-18,12,speak_now_taylor_s_version,Speak Now (Taylor's Version),7931772,1992240,1992240,0,5552242,0,7931772,7544482,18,12,,0,-2.6,51,9,19
2025-12-24,2025-12-18,13,speak_now,Speak Now,8081304,442720,442720,0,5656912,0,8081304,6099632,4,13,,0,-1.5,30,10,1
2025-12-24,2025-12-18,14,red,Red,6138455,221360,221360,0,4296919,0,6138455,4518279,2,14,,0,-1.6,51,12,16
2025-12-24,2025-12-18,15,taylor_swift,Taylor Swift,2583975,1438840,1438840,0,1808783,0,2583975,3247623,13,15,,0,-3.4,51,12,21
2025-12-31,2025-12-25,1,the_life_of_a_showgirl,The Life of a Showgirl,106917512,1328160,1328160,0,94555133,65709580,41207932,95883293,12,1,,0,-5.5,13,1,13
2025-12-31,2025-12-25,2,folklore,folklore,47041171,1881560,1881560,0,32928820,0,47041171,34810380,17,2,,0,-6.9,52,1,23
2025-12-31,2025-12-25,3,the_tortured_poets_department,THE TORTURED POETS DEPARTMENT,36598246,3431080,3431080,0,25618769,0,36598246,29049849,31,3,,0,-12.3,52,1,16
2025-12-31,2025-12-25,4,lover,Lover,29847720,1992240,1992240,0,22742544,6163802,23683918,24734784,18,4,,0,4.1,52,3,38
2025-12-31,2025-12-25,5,1989,1989,26005655,553400,553400,0,18203959,0,26005655,18757359,5,7,,2,-3.9,52,4,2
2025-12-31,2025-12-25,6,midnights,Midnights,23139050,2434960,2434960,0,16197336,0,23139050,18632296,22,5,,-1,-9.8,52,4,30
2025-12-31,2025-12-25,7,reputation,reputation,24093802,1660200,1660200,0,16865661,0,24093802,18525861,15,6,,-1,-7.7,52,2,1
2025-12-31,2025-12-25,8,fearless_taylor_s_version,Fearless (Taylor's Version),19318568,2877680,2877680,0,13522998,0,19318568,16400678,26,8,,0,-7.0,52,5,11
2025-12-31,2025-12-25,9,red_taylor_s_version,Red (Taylor's Version),14844768,3099040,3099040,0,10391336,0,14844768,13490376,28,9,,0,-6.4,52,7,4
2025-12-31,2025-12-25,10,1989_taylor_s_version,1989 (Taylor's Version),16407869,1770880,1770880,0,11485509,0,16407869,13256389,16,10,,0,-7.9,52,5,3
2025-12-31,2025-12-25,11,evermore,evermore,13806438,1881560,1881560,0,9664509,0,13806438,11546069,17,11,,0,-4.8,52,10,5
2025-12-31,2025-12-25,12,speak_now_taylor_s_version,Speak Now (Taylor's Version),7467196,1992240,1992240,0,5227036,0,7467196,7219276,18,12,,0,-4.3,52,9,19
2025-12-31,2025-12-25,13,speak_now,Speak Now,7273577,442720,442720,0,5091504,0,7273577,5534224,4,13,,0,-9.3,31,10,1
2025-12-31,2025-12-25,14,red,Red,5859471,221360,221360,0,4101630,0,5859471,4322990,2,14,,0,-4.3,52,12,16
2025-12-31,2025-12-25,15,taylor_swift,Taylor Swift,2462319,1438840,1438840,0,1723624,0,2462319,3162464,13,15,,0,-2.6,52,12,21
2026-01-07,2026-01-01,1,the_life_of_a_showgirl,The Life of a Showgirl,104261283,1328160,1328160,0,92353884,64569953,39691330,93682044,12,1,,0,-2.3,14,1,14
2026-01-07,2026-01-01,2,folklore,folklore,42226233,1770880,1770880,0,29559246,2944,42223289,31330126,16,2,,0,-10.0,53,1,23
2026-01-07,2026-01-01,3,the_tortured_poets_department,THE TORTURED POETS DEPARTMENT,37407751,3431080,3431080,0,26185424,0,37407751,29616504,31,3,,0,2.0,53,1,16
2026-01-07,2026-01-01,4,lover,Lover,30890514,1881560,1881560,0,23856690,7444438,23446076,25738250,17,4,,0,4.1,53,3,38
2026-01-07,2026-01-01,5,reputation,reputation,26866141,1660200,1660200,0,18806297,0,26866141,20466497,15,7,,2,10.5,53,2,1
2026-01-07,2026-01-01,6,1989,1989,26627954,553400,553400,0,18811657,573634,26054320,19365057,5,5,,-1,3.2,53,4,2
2026-01-07,2026-01-01,7,midnights,Midnights,23967287,2434960,2434960,0,16777101,0,23967287,19212061,22,6,,-1,3.1,53,4,30
2026-01-07,2026-01-01,8,fearless_taylor_s_version,Fearless (Taylor's Version),19755500,2545640,2545640,0,13828849,0,19755500,16374489,23,8,,0,-0.2,53,5,11
2026-01-07,2026-01-01,9,1989_taylor_s_version,1989 (Taylor's Version),17556386,1770880,1770880,0,12289468,0,17556386,14060348,16,10,,1,6.1,53,5,3
2026-01-07,2026-01-01,10,red_taylor_s_version,Red (Taylor's Version),15779149,2767000,2767000,0,11045404,0,15779149,13812404,25,9,,-1,2.4,53,7,4
2026-01-07,2026-01-01,11,evermore,evermore,14222374,1881560,1881560,0,9955662,0,14222374,11837222,17,11,,0,2.5,53,10,5
2026-01-07,2026-01-01,12,speak_now_taylor_s_version,Speak Now (Taylor's Version),7508846,1770880,1770880,0,5256192,0,7508846,7027072,16,12,,0,-2.7,53,9,19
2026-01-07,2026-01-01,13,speak_now,Speak Now,7224120,442720,442720,0,5056883,0,7224120,5499603,4,13,,0,-0.6,32,10,1
2026-01-07,2026-01-01,14,taylor_swift,Taylor Swift,2709802,1438840,1438840,0,1896860,0,2709802,3335700,13,15,,1,5.5,53,12,21
2026-01-07,2026-01-01,15,red,Red,3804025,221360,221360,0,2662817,0,3804025,2884177,2,14,,-1,-33.3,53,12,16
2026-01-07,2026-01-01,16,fearless,Fearless,70027,110680,110680,0,49019,0,70027,159699,1,,RE,,,2,15,1
2026-01-14,2026-01-08,1,the_life_of_a_showgirl,The Life of a Showgirl,107442256,1328160,1328160,0,94451756,64140591,43301665,95779916,12,1,,0,2.2,15,1,15
2026-01-14,2026-01-08,2,folklore,folklore,45816242,1770880,1770880,0,32071367,0,45816242,33842247,16,2,,0,8.0,54,1,23
2026-01-14,2026-01-08,3,the_tortured_poets_department,THE TORTURED POETS DEPARTMENT,40559072,3431080,3431080,0,28458036,222284,40336788,31889116,31,3,,0,7.7,54,1,16
2026-01-14,2026-01-08,4,lover,Lover,32975780,1881560,1881560,0,25744848,8872668,24103112,27626408,17,4,,0,7.3,54,3,38
2026-01-14,2026-01-08,5,1989,1989,28337720,553400,553400,0,20109206,909338,27428382,20662606,5,6,,1,6.7,54,4,2
2026-01-14,2026-01-08,6,reputation,reputation,27091038,1660200,1660200,0,18963729,0,27091038,20623929,15,5,,-1,0.8,54,2,1
2026-01-14,2026-01-08,7,midnights,Midnights,25100961,2434960,2434960,0,17570675,0,25100961,20005635,22,7,,0,4.1,54,4,30
2026-01-14,2026-01-08,8,fearless_taylor_s_version,Fearless (Taylor's Version),21565163,2545640,2545640,0,15095615,0,21565163,17641255,23,8,,0,7.7,54,5,11
2026-01-14,2026-01-08,9,1989_taylor_s_version,1989 (Taylor's Version),19437943,1770880,1770880,0,13606559,0,19437943,15377439,16,9,,0,9.4,54,5,3
2026-01-14,2026-01-08,10,red_taylor_s_version,Red (Taylor's Version),17064502,2767000,2767000,0,11945151,0,17064502,14712151,25,10,,0,6.5,54,7,4
2026-01-14,2026-01-08,11,evermore,evermore,14519351,1881560,1881560,0,10163544,0,14519351,12045104,17,11,,0,1.8,54,10,5
2026-01-14,2026-01-08,12,speak_now_taylor_s_version,Speak Now (Taylor's Version),8140306,1770880,1770880,0,5698215,0,8140306,7469095,16,12,,0,6.3,54,9,19
2026-01-14,2026-01-08,13,speak_now,Speak Now,7554825,442720,442720,0,5288377,0,7554825,5731097,4,13,,0,4.2,33,10,1
2026-01-14,2026-01-08,14,taylor_swift,Taylor Swift,2838946,1438840,1438840,0,1987261,0,2838946,3426101,13,14,,0,2.7,54,12,21
2026-01-14,2026-01-08,15,red,Red,3990373,221360,221360,0,2793261,0,3990373,3014621,2,15,,0,4.5,54,12,16
2026-01-14,2026-01-08,16,fearless,Fearless,76782,110680,110680,0,53747,0,76782,164427,1,16,,0,3.0,3,15,1
2026-01-21,2026-01-15,1,the_life_of_a_showgirl,The Life of a Showgirl,98156717,1328160,1328160,0,85899935,57300776,40855941,87228095,12,1,,0,-8.9,16,1,16
2026-01-21,2026-01-15,2,folklore,folklore,46926222,1770880,1770880,0,32849425,3569,46922653,34620305,16,2,,0,2.3,55,1,23
2026-01-21,2026-01-15,3,the_tortured_poets_department,THE TORTURED POETS DEPARTMENT,39418560,3431080,3431080,0,27626182,110634,39307926,31057262,31,3,,0,-2.6,55,1,16
2026-01-21,2026-01-15,4,lover,Lover,32891586,1881560,1881560,0,24589904,5219314,27672272,26471464,17,4,,0,-4.2,55,3,38
2026-01-21,2026-01-15,5,1989,1989,28528817,553400,553400,0,21296429,4420853,24107964,21849829,5,5,,0,5.7,55,4,2
2026-01-21,2026-01-15,6,reputation,reputation,26732407,1660200,1660200,0,18712685,0,26732407,20372885,15,6,,0,-1.2,55,2,1
2026-01-21,2026-01-15,7,midnights,Midnights,24198854,2434960,2434960,0,16939195,0,24198854,19374155,22,7,,0,-3.2,55,4,30
2026-01-21,2026-01-15,8,fearless_taylor_s_version,Fearless (Taylor's Version),21461874,2545640,2545640,0,15023314,0,21461874,17568954,23,8,,0,-0.4,55,5,11
2026-01-21,2026-01-15,9,1989_taylor_s_version,1989 (Taylor's Version),19136001,1770880,1770880,0,13395198,0,19136001,15166078,16,9,,0,-1.4,55,5,3
2026-01-21,2026-01-15,10,red_taylor_s_version,Red (Taylor's Version),16693952,2767000,2767000,0,11685764,0,16693952,14452764,25,10,,0,-1.8,55,7,4
2026-01-21,2026-01-15,11,evermore,evermore,13806036,1881560,1881560,0,9664226,0,13806036,11545786,17,11,,0,-4.1,55,10,5
2026-01-21,2026-01-15,12,speak_now_taylor_s_version,Speak Now (Taylor's Version),7945096,1770880,1770880,0,5561568,0,7945096,7332448,16,12,,0,-1.8,55,9,19
2026-01-21,2026-01-15,13,speak_now,Speak Now,7761023,442720,442720,0,5432716,0,7761023,5875436,4,13,,0,2.5,34,10,1
2026-01-21,2026-01-15,14,taylor_swift,Taylor Swift,2810036,1438840,1438840,0,1967025,0,2810036,3405865,13,14,,0,-0.6,55,12,21
2026-01-21,2026-01-15,15,red,Red,4208262,221360,221360,0,2945783,0,4208262,3167143,2,15,,0,5.1,55,12,16
2026-01-21,2026-01-15,16,fearless,Fearless,75856,110680,110680,0,53099,0,75856,163779,1,16,,0,-0.4,4,15,1
2026-01-28,2026-01-22,1,the_life_of_a_showgirl,The Life of a Showgirl,90823524,1328160,1328160,0,79708371,53773012,37050512,81036531,12,1,,0,-7.1,17,1,17
2026-01-28,2026-01-22,2,folklore,folklore,45985800,1770880,1770880,0,32192010,6508,45979292,33962890,16,2,,0,-1.9,56,1,23
2026-01-28,2026-01-22,3,the_tortured_poets_department,THE TORTURED POETS DEPARTMENT,37495789,3431080,3431080,0,26412481,551433,36944356,29843561,31,3,,0,-3.9,56,1,16
2026-01-28,2026-01-22,4,lover,Lover,31490486,1881560,1881560,0,22909600,2887532,28602954,24791160,17,4,,0,-6.3,56,3,38
2026-01-28,2026-01-22,5,1989,1989,28329393,553400,553400,0,21641868,6037644,22291749,22195268,5,5,,0,1.6,56,4,2
2026-01-28,2026-01-22,6,reputation,reputation,25442696,1660200,1660200,0,17809888,0,25442696,19470088,15,6,,0,-4.4,56,2,1
2026-01-28,2026-01-22,7,midnights,Midnights,23163564,2434960,2434960,0,16214495,0,23163564,18649455,22,7,,0,-3.7,56,4,30
2026-01-28,2026-01-22,8,fearless_taylor_s_version,Fearless (Taylor's Version),20866205,2545640,2545640,0,14606346,0,20866205,17151986,23,8,,0,-2.4,56,5,11
2026-01-28,2026-01-22,9,1989_taylor_s_version,1989 (Taylor's Version),18792469,1770880,1770880,0,13154727,0,18792469,14925607,16,9,,0,-1.6,56,5,3
2026-01-28,2026-01-22,10,red_taylor_s_version,Red (Taylor's Version),16302433,2767000,2767000,0,11411704,0,16302433,14178704,25,10,,0,-1.9,56,7,4
2026-01-28,2026-01-22,11,evermore,evermore,13107460,1881560,1881560,0,9175221,0,13107460,11056781,17,11,,0,-4.2,56,10,5
2026-01-28,2026-01-22,12,speak_now_taylor_s_version,Speak Now (Taylor's Version),7675508,1770880,1770880,0,5372855,0,7675508,7143735,16,12,,0,-2.6,56,9,19
2026-01-28,2026-01-22,13,speak_now,Speak Now,7463557,442720,442720,0,5224489,0,7463557,5667209,4,13,,0,-3.5,35,10,1
2026-01-28,2026-01-22,14,taylor_swift,Taylor Swift,2602025,1438840,1438840,0,1821419,0,2602025,3260259,13,14,,0,-4.3,56,12,21
2026-01-28,2026-01-22,15,red,Red,4094805,221360,221360,0,2866364,0,4094805,3087724,2,15,,0,-2.5,56,12,16
2026-01-28,2026-01-22,16,fearless,Fearless,73177,110680,110680,0,51224,0,73177,161904,1,16,,0,-1.1,5,15,1
2026-02-04,2026-01-29,1,the_life_of_a_showgirl,The Life of a Showgirl,86506337,1328160,1328160,0,75965712,51370920,35135417,77293872,12,1,,0,-4.6,18,1,18
2026-02-04,2026-01-29,2,folklore,folklore,45832161,1770880,1770880,0,32085461,9830,45822331,33856341,16,2,,0,-0.3,57,1,23
2026-02-04,2026-01-29,3,the_tortured_poets_department,THE TORTURED POETS DEPARTMENT,38453718,3431080,3431080,0,27085597,559975,37893743,30516677,31,3,,0,2.3,57,1,16
2026-02-04,2026-01-29,4,lover,Lover,32151670,1881560,1881560,0,23726039,4066225,28085445,25607599,17,4,,0,3.3,57,3,38
2026-02-04,2026-01-29,5,1989,1989,28768522,553400,553400,0,22933366,9318006,19450516,23486766,5,5,,0,5.8,57,4,2
2026-02-04,2026-01-29,6,reputation,reputation,25127703,1660200,1660200,0,17589394,0,25127703,19249594,15,6,,0,-1.1,57,2,1
2026-02-04,2026-01-29,7,midnights,Midnights,23399617,2434960,2434960,0,16379733,0,23399617,18814693,22,7,,0,0.9,57,4,30
2026-02-04,2026-01-29,8,fearless_taylor_s_version,Fearless (Taylor's Version),21038115,2545640,2545640,0,14726681,0,21038115,17272321,23,8,,0,0.7,57,5,11
2026-02-04,2026-01-29,9,1989_taylor_s_version,1989 (Taylor's Version),19251255,1770880,1770880,0,13475877,0,19251255,15246757,16,9,,0,2.2,57,5,3
2026-02-04,2026-01-29,10,red_taylor_s_version,Red (Taylor's Version),16227565,2767000,2767000,0,11359295,0,16227565,14126295,25,10,,0,-0.4,57,7,4
2026-02-04,2026-01-29,11,evermore,evermore,12924613,1881560,1881560,0,9047230,0,12924613,10928790,17,11,,0,-1.2,57,10,5
2026-02-04,2026-01-29,12,speak_now_taylor_s_version,Speak Now (Taylor's Version),7945401,1770880,1770880,0,5561782,0,7945401,7332662,16,12,,0,2.6,57,9,19
2026-02-04,2026-01-29,13,speak_now,Speak Now,8119217,442720,442720,0,5683452,0,8119217,6126172,4,13,,0,8.1,36,10,1
2026-02-04,2026-01-29,14,taylor_swift,Taylor Swift,2643118,1438840,1438840,0,1850185,0,2643118,3289025,13,14,,0,0.9,57,12,21
2026-02-04,2026-01-29,15,red,Red,3970511,221360,221360,0,2779358,0,3970511,3000718,2,15,,0,-2.8,57,12,16
2026-02-04,2026-01-29,16,fearless,Fearless,75618,110680,110680,0,52933,0,75618,163613,1,16,,0,1.1,6,15,1
2026-02-11,2026-02-05,1,the_life_of_a_showgirl,The Life of a Showgirl,101386349,1328160,1328160,0,89870134,62998963,38387386,91198294,12,1,,0,18.0,19,1,19
2026-02-11,2026-02-05,2,folklore,folklore,44848547,1770880,1770880,0,31397019,10119,44838428,33167899,16,2,,0,-2.0,58,1,23
2026-02-11,2026-02-05,3,the_tortured_poets_department,THE TORTURED POETS DEPARTMENT,38686716,3431080,3431080,0,27329035,827780,37858936,30760115,31,3,,0,0.8,58,1,16
2026-02-11,2026-02-05,4,1989,1989,34364571,664080,664080,0,26882252,9423505,24941066,27546332,6,5,,1,17.3,58,4,3
2026-02-11,2026-02-05,5,lover,Lover,32582663,1881560,1881560,0,24069182,4204394,28378269,25950742,17,4,,-1,1.3,58,3,38
2026-02-11,2026-02-05,6,reputation,reputation,25953996,1660200,1660200,0,18167798,0,25953996,19827998,15,6,,0,3.0,58,2,1
2026-02-11,2026-02-05,7,midnights,Midnights,23214574,2434960,2434960,0,16250202,0,23214574,18685162,22,7,,0,-0.7,58,4,30
2026-02-11,2026-02-05,8,fearless_taylor_s_version,Fearless (Taylor's Version),21438784,2545640,2545640,0,15007150,0,21438784,17552790,23,8,,0,1.6,58,5,11
2026-02-11,2026-02-05,9,red_taylor_s_version,Red (Taylor's Version),15947257,2767000,2767000,0,11163080,0,15947257,13930080,25,10,,1,-1.4,58,7,4
2026-02-11,2026-02-05,10,1989_taylor_s_version,1989 (Taylor's Version),13962660,1660200,1660200,0,9773862,0,13962660,11434062,15,9,,-1,-25.0,58,5,3
2026-02-11,2026-02-05,11,evermore,evermore,12371920,1881560,1881560,0,8660343,0,12371920,10541903,17,11,,0,-3.5,58,10,5
2026-02-11,2026-02-05,12,speak_now_taylor_s_version,Speak Now (Taylor's Version),7613724,1770880,1770880,0,5329607,0,7613724,7100487,16,12,,0,-3.2,58,9,19
2026-02-11,2026-02-05,13,speak_now,Speak Now,7970997,442720,442720,0,5579698,0,7970997,6022418,4,13,,0,-1.7,37,10,1
2026-02-11,2026-02-05,14,taylor_swift,Taylor Swift,2638235,1438840,1438840,0,1846764,0,2638235,3285604,13,14,,0,-0.1,58,12,21
2026-02-11,2026-02-05,15,red,Red,4225342,221360,221360,0,2957740,0,4225342,3179100,2,15,,0,5.9,58,12,16
2026-02-11,2026-02-05,16,fearless,Fearless,73995,110680,110680,0,51796,0,73995,162476,1,16,,0,-0.7,7,15,1
2026-02-18,2026-02-12,1,the_life_of_a_showgirl,The Life of a Showgirl,84325910,1328160,1328160,0,74409506,51271230,33054680,75737666,12,1,,0,-17.0,20,1,20
2026-02-18,2026-02-12,2,folklore,folklore,42948544,1770880,1770880,0,30065892,6375,42942169,31836772,16,2,,0,-4.0,59,1,23
2026-02-18,2026-02-12,3,the_tortured_poets_department,THE TORTURED POETS DEPARTMENT,36937864,3431080,3431080,0,26060663,680530,36257334,29491743,31,3,,0,-4.1,59,1,16
2026-02-18,2026-02-12,4,lover,Lover,33687979,1881560,1881560,0,25571495,6633030,27054949,27453055,17,5,,1,5.8,59,3,38
2026-02-18,2026-02-12,5,1989,1989,29121967,553400,553400,0,23100934,9051859,20070108,23654334,5,4,,-1,-14.1,59,4,3
2026-02-18,2026-02-12,6,reputation,reputation,25050930,1660200,1660200,0,17535652,0,25050930,19195852,15,6,,0,-3.2,59,2,1
2026-02-18,2026-02-12,7,midnights,Midnights,22388336,2434960,2434960,0,15671835,0,22388336,18106795,22,7,,0,-3.1,59,4,30
2026-02-18,2026-02-12,8,fearless_taylor_s_version,Fearless (Taylor's Version),21470510,2545640,2545640,0,15029353,0,21470510,17574993,23,8,,0,0.1,59,5,11
2026-02-18,2026-02-12,9,1989_taylor_s_version,1989 (Taylor's Version),18895717,1770880,1770880,0,13227005,0,18895717,14997885,16,10,,1,31.2,59,5,3
2026-02-18,2026-02-12,10,red_taylor_s_version,Red (Taylor's Version),16020577,2767000,2767000,0,11214403,0,16020577,13981403,25,9,,-1,0.4,59,7,4
2026-02-18,2026-02-12,11,evermore,evermore,12077274,1881560,1881560,0,8454094,0,12077274,10335654,17,11,,0,-2.0,59,10,5
2026-02-18,2026-02-12,12,speak_now_taylor_s_version,Speak Now (Taylor's Version),11868395,1881560,1881560,0,8307876,0,11868395,10189436,17,12,,0,43.5,59,9,19
2026-02-18,2026-02-12,13,taylor_swift,Taylor Swift,2660928,1438840,1438840,0,1862650,0,2660928,3301490,13,14,,1,0.5,59,12,21
2026-02-18,2026-02-12,14,red,Red,4193545,221360,221360,0,2935481,0,4193545,3156841,2,15,,1,-0.7,59,12,16
2026-02-18,2026-02-12,15,speak_now,Speak Now,3535698,332040,332040,0,2474989,0,3535698,2807029,3,13,,-2,-53.4,38,10,1
2026-02-18,2026-02-12,16,fearless,Fearless,72101,110680,110680,0,50471,0,72101,161151,1,16,,0,-0.8,8,15,1
2026-02-25,2026-02-19,1,the_life_of_a_showgirl,The Life of a Showgirl,77513429,1328160,1328160,0,68367977,47028589,30484840,69696137,12,1,,0,-8.0,21,1,21
2026-02-25,2026-02-19,2,folklore,folklore,43021606,1770880,1770880,0,30115123,0,43021606,31886003,16,2,,0,0.2,60,1,23
2026-02-25,2026-02-19,3,the_tortured_poets_department,THE TORTURED POETS DEPARTMENT,37643976,3431080,3431080,0,26593277,808316,36835660,30024357,31,3,,0,1.8,60,1,16
2026-02-25,2026-02-19,4,1989,1989,31837857,664080,664080,0,23973373,5622905,26214952,24637453,6,5,,1,4.2,60,4,4
2026-02-25,2026-02-19,5,lover,Lover,30429607,1881560,1881560,0,21444999,480913,29948694,23326559,17,4,,-1,-15.0,60,3,38
2026-02-25,2026-02-19,6,reputation,reputation,24176970,1660200,1660200,0,16923881,0,24176970,18584081,15,6,,0,-3.2,60,2,1
2026-02-25,2026-02-19,7,midnights,Midnights,22543668,2434960,2434960,0,15780571,0,22543668,18215531,22,7,,0,0.6,60,4,30
2026-02-25,2026-02-19,8,fearless_taylor_s_version,Fearless (Taylor's Version),20539862,2545640,2545640,0,14377903,0,20539862,16923543,23,8,,0,-3.7,60,5,11
2026-02-25,2026-02-19,9,red_taylor_s_version,Red (Taylor's Version),16133160,2767000,2767000,0,11293212,0,16133160,14060212,25,10,,1,0.6,60,7,4
2026-02-25,2026-02-19,10,1989_taylor_s_version,1989 (Taylor's Version),13390809,1660200,1660200,0,9373566,0,13390809,11033766,15,9,,-1,-26.4,60,5,3
2026-02-25,2026-02-19,11,evermore,evermore,12442657,1881560,1881560,0,8709860,0,12442657,10591420,17,11,,0,2.5,60,10,5
2026-02-25,2026-02-19,12,speak_now_taylor_s_version,Speak Now (Taylor's Version),7630982,1770880,1770880,0,5341690,0,7630982,7112570,16,12,,0,-30.2,60,9,19
2026-02-25,2026-02-19,13,speak_now,Speak Now,7441321,442720,442720,0,5208924,0,7441321,5651644,4,15,,2,101.3,39,10,1
2026-02-25,2026-02-19,14,taylor_swift,Taylor Swift,2619061,1438840,1438840,0,1833341,0,2619061,3272181,13,13,,-1,-0.9,60,12,21
2026-02-25,2026-02-19,15,red,Red,4096916,221360,221360,0,2867842,0,4096916,3089202,2,14,,-1,-2.1,60,12,16
2026-02-25,2026-02-19,16,fearless,Fearless,71407,110680,110680,0,49985,0,71407,160665,1,16,,0,-0.3,9,15,1
2026-03-04,2026-02-26,1,the_life_of_a_showgirl,The Life of a Showgirl,76063691,1328160,1328160,0,67224826,46600804,29462887,68552986,12,1,,0,-1.6,22,1,22
2026-03-04,2026-02-26,2,folklore,folklore,43640721,1770880,1770880,0,30548505,0,43640721,32319385,16,2,,0,1.4,61,1,23
2026-03-04,2026-02-26,3,the_tortured_poets_department,THE TORTURED POETS DEPARTMENT,37625698,3431080,3431080,0,26542980,683312,36942386,29974060,31,3,,0,-0.2,61,1,16
2026-03-04,2026-02-26,4,1989,1989,33167295,664080,664080,0,25660408,8144339,25022956,26324488,6,4,,0,6.8,61,4,5
2026-03-04,2026-02-26,5,lover,Lover,31159133,1881560,1881560,0,21981736,567809,30591324,23863296,17,5,,0,2.3,61,3,38
2026-03-04,2026-02-26,6,reputation,reputation,24399763,1660200,1660200,0,17079834,0,24399763,18740034,15,6,,0,0.8,61,2,1
2026-03-04,2026-02-26,7,midnights,Midnights,22621939,2434960,2434960,0,15835357,0,22621939,18270317,22,7,,0,0.3,61,4,30
2026-03-04,2026-02-26,8,fearless_taylor_s_version,Fearless (Taylor's Version),20696109,2545640,2545640,0,14487276,0,20696109,17032916,23,8,,0,0.6,61,5,11
2026-03-04,2026-02-26,9,red_taylor_s_version,Red (Taylor's Version),15757294,2767000,2767000,0,11030107,0,15757294,13797107,25,9,,0,-1.9,61,7,4
2026-03-04,2026-02-26,10,1989_taylor_s_version,1989 (Taylor's Version),13272864,1660200,1660200,0,9291004,0,13272864,10951204,15,10,,0,-0.7,61,5,3
2026-03-04,2026-02-26,11,evermore,evermore,12320305,1881560,1881560,0,8624213,0,12320305,10505773,17,11,,0,-0.8,61,10,5
2026-03-04,2026-02-26,12,speak_now_taylor_s_version,Speak Now (Taylor's Version),7714881,1770880,1770880,0,5400417,0,7714881,7171297,16,12,,0,0.8,61,9,19
2026-03-04,2026-02-26,13,speak_now,Speak Now,7498825,442720,442720,0,5249177,0,7498825,5691897,4,13,,0,0.7,40,10,1
2026-03-04,2026-02-26,14,taylor_swift,Taylor Swift,2703268,1438840,1438840,0,1892287,0,2703268,3331127,13,14,,0,1.8,61,12,21
2026-03-04,2026-02-26,15,red,Red,3892121,221360,221360,0,2724485,0,3892121,2945845,2,15,,0,-4.6,61,12,16
2026-03-04,2026-02-26,16,fearless,Fearless,70895,110680,110680,0,49626,0,70895,160306,1,16,,0,-0.2,10,15,1
2026-03-11,2026-03-05,1,the_life_of_a_showgirl,The Life of a Showgirl,72545083,1328160,1328160,0,63836490,43516437,29028646,65164650,12,1,,0,-4.9,23,1,23
2026-03-11,2026-03-05,2,the_tortured_poets_department,THE TORTURED POETS DEPARTMENT,37212424,3431080,3431080,0,26117123,228084,36984340,29548203,31,3,,1,-1.4,62,1,16
2026-03-11,2026-03-05,3,1989,1989,33000472,664080,664080,0,25449805,7831580,25168892,26113885,6,4,,1,-0.8,62,3,1
2026-03-11,2026-03-05,4,folklore,folklore,33138333,1881560,1881560,0,23196834,0,33138333,25078394,17,2,,-2,-22.4,62,1,23
2026-03-11,2026-03-05,5,lover,Lover,31070673,1992240,1992240,0,21924896,584750,30485923,23917136,18,5,,0,0.2,62,3,38
2026-03-11,2026-03-05,6,reputation,reputation,23945902,1660200,1660200,0,16762132,0,23945902,18422332,15,6,,0,-1.7,62,2,1
2026-03-11,2026-03-05,7,midnights,Midnights,22797112,2434960,2434960,0,15957976,0,22797112,18392936,22,7,,0,0.7,62,4,30
2026-03-11,2026-03-05,8,fearless_taylor_s_version,Fearless (Taylor's Version),20657369,2767000,2767000,0,14460159,0,20657369,17227159,25,8,,0,1.1,62,5,11
2026-03-11,2026-03-05,9,red_taylor_s_version,Red (Taylor's Version),15171730,3099040,3099040,0,10620213,0,15171730,13719253,28,9,,0,-0.6,62,7,4
2026-03-11,2026-03-05,10,1989_taylor_s_version,1989 (Taylor's Version),13167849,1660200,1660200,0,9217494,0,13167849,10877694,15,10,,0,-0.7,62,5,3
2026-03-11,2026-03-05,11,evermore,evermore,12103485,1881560,1881560,0,8472439,0,12103485,10353999,17,11,,0,-1.4,62,10,5
2026-03-11,2026-03-05,12,speak_now_taylor_s_version,Speak Now (Taylor's Version),7644719,1992240,1992240,0,5351303,0,7644719,7343543,18,12,,0,2.4,62,9,19
2026-03-11,2026-03-05,13,speak_now,Speak Now,7440172,442720,442720,0,5208121,0,7440172,5650841,4,13,,0,-0.7,41,10,1
2026-03-11,2026-03-05,14,red,Red,5958622,221360,221360,0,4171035,0,5958622,4392395,2,15,,1,49.1,62,12,16
2026-03-11,2026-03-05,15,taylor_swift,Taylor Swift,2666512,1438840,1438840,0,1866557,0,2666512,3305397,13,14,,-1,-0.8,62,12,21
2026-03-11,2026-03-05,16,fearless,Fearless,117382,110680,110680,0,82167,0,117382,192847,1,16,,0,20.3,11,15,1
2026-03-18,2026-03-12,1,the_life_of_a_showgirl,The Life of a Showgirl,71024838,1328160,1328160,0,62040701,41077709,29947129,63368861,12,1,,0,-2.8,24,1,24
2026-03-18,2026-03-12,2,the_tortured_poets_department,THE TORTURED POETS DEPARTMENT,37665587,3431080,3431080,0,26542901,589968,37075619,29973981,31,2,,0,1.4,63,1,16
2026-03-18,2026-03-12,3,1989,1989,33440694,664080,664080,0,26093652,8950554,24490140,26757732,6,3,,0,2.5,63,3,2
2026-03-18,2026-03-12,4,lover,Lover,31555523,1992240,1992240,0,22569610,1602483,29953040,24561850,18,5,,1,2.7,63,3,38
2026-03-18,2026-03-12,5,midnights,Midnights,23226321,2434960,2434960,0,16258424,0,23226321,18693384,22,7,,2,1.6,63,4,30
2026-03-18,2026-03-12,6,reputation,reputation,24009071,1660200,1660200,0,16806349,0,24009071,18466549,15,6,,0,0.2,63,2,1
2026-03-18,2026-03-12,7,fearless_taylor_s_version,Fearless (Taylor's Version),21609921,2877680,2877680,0,15126945,0,21609921,18004625,26,8,,1,4.5,63,5,11
2026-03-18,2026-03-12,8,red_taylor_s_version,Red (Taylor's Version),19377254,3099040,3099040,0,13564077,0,19377254,16663117,28,9,,1,21.5,63,7,4
2026-03-18,2026-03-12,9,folklore,folklore,20211693,996120,996120,0,14148184,0,20211693,15144304,9,4,,-5,-39.6,63,1,23
2026-03-18,2026-03-12,10,1989_taylor_s_version,1989 (Taylor's Version),12819804,1660200,1660200,0,8973860,0,12819804,10634060,15,10,,0,-2.2,63,5,3
2026-03-18,2026-03-12,11,evermore,evermore,11720177,1881560,1881560,0,8204124,0,11720177,10085684,17,11,,0,-2.6,63,10,5
2026-03-18,2026-03-12,12,speak_now_taylor_s_version,Speak Now (Taylor's Version),7955517,1992240,1992240,0,5568863,0,7955517,7561103,18,12,,0,3.0,63,9,19
2026-03-18,2026-03-12,13,speak_now,Speak Now,7432436,442720,442720,0,5202706,0,7432436,5645426,4,13,,0,-0.1,42,10,1
2026-03-18,2026-03-12,14,red,Red,5925190,221360,221360,0,4147633,0,5925190,4368993,2,14,,0,-0.5,63,12,16
2026-03-18,2026-03-12,15,taylor_swift,Taylor Swift,3477882,1549520,1549520,0,2434515,0,3477882,3984035,14,15,,0,20.5,63,12,21
2026-03-25,2026-03-19,1,the_life_of_a_showgirl,The Life of a Showgirl,67059885,3041480,2602560,438910,58656525,39048689,28011196,61698005,12,1,,0,-2.6,25,1,25
2026-03-25,2026-03-19,2,the_tortured_poets_department,THE TORTURED POETS DEPARTMENT,37701604,2624094,2624080,0,26460893,232574,37469030,29084987,31,2,,0,-3.0,64,1,16
2026-03-25,2026-03-19,3,1989,1989,33682340,805970,805980,0,26254459,8922733,24759607,27060429,6,3,,0,1.1,64,3,3
2026-03-25,2026-03-19,4,lover,Lover,31355867,2219095,2215520,3580,23156488,4024607,27331260,25375583,18,4,,0,3.3,64,3,38
2026-03-25,2026-03-19,5,midnights,Midnights,22838330,1848194,1848210,0,15986829,0,22838330,17835023,22,5,,0,-4.6,64,4,30
2026-03-25,2026-03-19,6,fearless_taylor_s_version,Fearless (Taylor's Version),21405088,2709427,2709430,0,14983561,0,21405088,17692988,26,7,,1,-1.7,64,5,11
2026-03-25,2026-03-19,7,reputation,reputation,23402409,1290263,1290250,0,16381684,0,23402409,17671947,15,6,,-1,-4.3,64,2,1
2026-03-25,2026-03-19,8,red_taylor_s_version,Red (Taylor's Version),17574257,2867147,2867150,0,12301979,0,17574257,15169126,27,8,,0,-9.0,64,7,4
2026-03-25,2026-03-19,9,folklore,folklore,19435826,824570,824560,0,13605079,0,19435826,14429649,9,9,,0,-4.7,64,1,23
2026-03-25,2026-03-19,10,1989_taylor_s_version,1989 (Taylor's Version),13243694,1369714,1369710,0,9270585,0,13243694,10640299,15,10,,0,0.1,64,5,3
2026-03-25,2026-03-19,11,evermore,evermore,11490109,1669589,1669600,0,8043077,0,11490109,9712666,17,11,,0,-3.7,64,10,5
2026-03-25,2026-03-19,12,speak_now_taylor_s_version,Speak Now (Taylor's Version),7974976,1992240,1992240,0,5582481,0,7974976,7574721,18,12,,0,0.2,64,9,19
2026-03-25,2026-03-19,13,red,Red,7928584,268146,268150,0,5550008,0,7928584,5818154,3,14,,1,33.2,64,12,16
2026-03-25,2026-03-19,14,speak_now,Speak Now,7216515,370511,370510,0,5051560,0,7216515,5422071,4,13,,-1,-4.0,43,10,1
2026-03-25,2026-03-19,15,taylor_swift,Taylor Swift,3577502,1549520,1549520,0,2504250,0,3577502,4053770,14,15,,0,1.8,64,12,21
2026-04-01,2026-03-26,1,the_life_of_a_showgirl,The Life of a Showgirl,68811564,10792521,9378180,1414330,60338798,40569007,28242557,71131319,12,1,,0,15.3,26,1,26
2026-04-01,2026-03-26,2,the_tortured_poets_department,THE TORTURED POETS DEPARTMENT,39284657,4881985,4881990,0,27680698,604789,38679868,32562683,31,2,,0,12.0,65,1,16
2026-04-01,2026-03-26,3,1989,1989,34529371,2755305,2755300,0,26903635,9110249,25419122,29658940,6,3,,0,9.6,65,3,4
2026-04-01,2026-03-26,4,lover,Lover,31417789,4691143,4679540,11610,22096006,345177,31072612,26787149,18,4,,0,5.6,65,3,38
2026-04-01,2026-03-26,5,reputation,reputation,23424442,3059577,3059580,0,16397110,0,23424442,19456687,15,7,,2,10.1,65,2,1
2026-04-01,2026-03-26,6,midnights,Midnights,23061654,2743769,2743770,0,16143157,0,23061654,18886926,22,5,,-1,5.9,65,4,30
2026-04-01,2026-03-26,7,fearless_taylor_s_version,Fearless (Taylor's Version),21767429,3066219,3066210,0,15237199,0,21767429,18303418,26,6,,-1,3.5,65,5,11
2026-04-01,2026-03-26,8,folklore,folklore,20840694,2404500,2404490,0,14589505,3397,20837297,16994005,17,9,,1,17.8,65,1,23
2026-04-01,2026-03-26,9,red_taylor_s_version,Red (Taylor's Version),17829585,3087441,3087440,0,12480712,0,17829585,15568153,27,8,,-1,2.6,65,7,4
2026-04-01,2026-03-26,10,1989_taylor_s_version,1989 (Taylor's Version),13183223,1476659,1476660,0,9228253,0,13183223,10704912,15,10,,0,0.6,65,5,3
2026-04-01,2026-03-26,11,evermore,evermore,11654807,1771374,1771380,0,8158365,0,11654807,9929739,17,11,,0,2.2,65,10,5
2026-04-01,2026-03-26,12,speak_now_taylor_s_version,Speak Now (Taylor's Version),8070594,1898392,1898390,0,5649416,0,8070594,7547808,18,12,,0,-0.4,65,9,19
2026-04-01,2026-03-26,13,red,Red,8049141,1052156,1052160,0,5634398,0,8049141,6686554,3,13,,0,14.9,65,12,16
2026-04-01,2026-03-26,14,speak_now,Speak Now,7469360,450864,450860,0,5228551,0,7469360,5679415,4,14,,0,4.7,44,10,1
2026-04-01,2026-03-26,15,taylor_swift,Taylor Swift,3733958,1549520,1549520,0,2613771,0,3733958,4163291,14,15,,0,2.7,65,12,21
2026-04-08,2026-04-02,1,the_life_of_a_showgirl,The Life of a Showgirl,63549596,7858530,6797130,1061400,55414503,36432626,27116970,63273033,12,1,,0,-11.0,27,1,27
2026-04-08,2026-04-02,2,the_tortured_poets_department,THE TORTURED POETS DEPARTMENT,38411453,3643819,3643820,0,26996664,362153,38049300,30640483,31,2,,0,-5.9,66,1,16
2026-04-08,2026-04-02,3,1989,1989,33910432,2063127,2063120,0,26437470,9000564,24909868,28500597,6,3,,0,-3.9,66,3,5
2026-04-08,2026-04-02,4,lover,Lover,31185356,3374762,3364640,10140,22308708,1596533,29588823,25683470,18,4,,0,-4.1,66,3,38
2026-04-08,2026-04-02,5,fearless_taylor_s_version,Fearless (Taylor's Version),21639699,3025382,3025380,0,15147789,0,21639699,18173171,26,7,,2,-0.7,66,5,12
2026-04-08,2026-04-02,6,reputation,reputation,22701417,2268742,2268760,0,15890993,0,22701417,18159735,15,5,,-1,-6.7,66,2,1
2026-04-08,2026-04-02,7,midnights,Midnights,22432357,2200485,2200480,0,15702648,0,22432357,17903133,22,6,,-1,-5.2,66,4,30
2026-04-08,2026-04-02,8,folklore,folklore,20870558,1127568,1127570,0,14613269,12932,20857626,15740837,9,8,,0,-7.4,66,1,23
2026-04-08,2026-04-02,9,red_taylor_s_version,Red (Taylor's Version),17109223,2802142,2802130,0,11976456,0,17109223,14778598,27,9,,0,-5.1,66,7,4
2026-04-08,2026-04-02,10,1989_taylor_s_version,1989 (Taylor's Version),12681784,1158125,1158120,0,8877249,0,12681784,10035374,15,10,,0,-6.3,66,5,3
2026-04-08,2026-04-02,11,evermore,evermore,11409181,1663279,1663280,0,7986424,0,11409181,9649703,17,11,,0,-2.8,66,10,5
2026-04-08,2026-04-02,12,speak_now_taylor_s_version,Speak Now (Taylor's Version),7727363,1928999,1929000,0,5409154,0,7727363,7338153,18,12,,0,-2.8,66,9,19
2026-04-08,2026-04-02,13,red,Red,7687014,594049,594050,0,5380910,0,7687014,5974959,3,13,,0,-10.6,66,12,16
2026-04-08,2026-04-02,14,speak_now,Speak Now,7154926,411223,411220,0,5008448,0,7154926,5419671,4,14,,0,-4.6,45,10,1
2026-04-08,2026-04-02,15,taylor_swift,Taylor Swift,3518654,1549520,1549520,0,2463058,0,3518654,4012578,14,15,,0,-3.6,66,12,21
2026-04-15,2026-04-09,1,the_life_of_a_showgirl,The Life of a Showgirl,61476421,10786048,9465570,1320480,53691727,35527441,25948980,64477775,12,1,,0,1.9,28,1,28
2026-04-15,2026-04-09,2,the_tortured_poets_department,THE TORTURED POETS DEPARTMENT,38445457,5185127,5185160,0,26950638,129393,38316064,32135765,31,2,,0,4.9,67,1,16
2026-04-15,2026-04-09,3,1989,1989,33526832,2823609,2823610,0,24847894,4597041,28929791,27671503,6,3,,0,-2.9,67,3,6
2026-04-15,2026-04-09,4,lover,Lover,31512603,5021577,5009890,11700,22504421,1485331,30027272,27525998,18,4,,0,7.2,67,3,38
2026-04-15,2026-04-09,5,midnights,Midnights,22589052,3243412,3243420,0,15812334,0,22589052,19055746,22,7,,2,6.4,67,4,30
2026-04-15,2026-04-09,6,reputation,reputation,22649824,3075940,3075940,0,15854877,0,22649824,18930817,15,6,,0,4.2,67,2,1
2026-04-15,2026-04-09,7,fearless_taylor_s_version,Fearless (Taylor's Version),22020560,3197778,3197770,0,15414390,0,22020560,18612168,26,5,,-2,2.4,67,5,12
2026-04-15,2026-04-09,8,red_taylor_s_version,Red (Taylor's Version),17617572,3129032,3129040,0,12332300,0,17617572,15461332,27,9,,1,4.6,67,7,4
2026-04-15,2026-04-09,9,folklore,folklore,19629457,1551424,1551430,0,13740620,0,19629457,15292044,8,8,,-1,-2.9,67,1,23
2026-04-15,2026-04-09,10,1989_taylor_s_version,1989 (Taylor's Version),12798961,1797781,1797780,0,8959272,0,12798961,10757053,15,10,,0,7.2,67,5,3
2026-04-15,2026-04-09,11,evermore,evermore,11214046,1963708,1963710,0,7849832,0,11214046,9813540,17,11,,0,1.7,67,10,5
2026-04-15,2026-04-09,12,speak_now_taylor_s_version,Speak Now (Taylor's Version),7747652,1992240,1992240,0,5423356,0,7747652,7415596,18,12,,0,1.1,67,9,19
2026-04-15,2026-04-09,13,red,Red,7694424,936200,936200,0,5386096,0,7694424,6322296,3,13,,0,5.8,67,12,16
2026-04-15,2026-04-09,14,speak_now,Speak Now,7346858,462371,462370,0,5142801,0,7346858,5605172,4,14,,0,3.4,46,10,1
2026-04-15,2026-04-09,15,taylor_swift,Taylor Swift,3490669,1549520,1549520,0,2443467,0,3490669,3992987,14,15,,0,-0.5,67,12,21
2026-04-22,2026-04-16,1,the_life_of_a_showgirl,The Life of a Showgirl,59803234,10481695,9254960,1226720,52333922,34905522,24897712,62815617,12,1,,0,-2.6,29,1,29
2026-04-22,2026-04-16,2,the_tortured_poets_department,THE TORTURED POETS DEPARTMENT,40161083,5075597,5075600,0,28112758,0,40161083,33188355,31,2,,0,3.3,68,1,16
2026-04-22,2026-04-16,3,lover,Lover,30556062,5348227,5337130,11100,21462141,242997,30313065,26810368,18,4,,1,-2.6,68,3,39
2026-04-22,2026-04-16,4,1989,1989,33177723,2948335,2948340,0,23450660,754175,32423548,26398995,6,3,,-1,-4.6,68,3,6
2026-04-22,2026-04-16,5,folklore,folklore,28202688,2420891,2420900,0,19741880,0,28202688,22162771,17,9,,4,44.9,68,1,23
2026-04-22,2026-04-16,6,fearless_taylor_s_version,Fearless (Taylor's Version),21827577,3177646,3177650,0,15279304,0,21827577,18456950,26,7,,1,-0.8,68,5,12
2026-04-22,2026-04-16,7,reputation,reputation,21733362,3127280,3127290,0,15213355,0,21733362,18340635,15,6,,-1,-3.1,68,2,1
2026-04-22,2026-04-16,8,midnights,Midnights,21258986,3037329,3037320,0,14881292,0,21258986,17918621,22,5,,-3,-6.0,68,4,30
2026-04-22,2026-04-16,9,red_taylor_s_version,Red (Taylor's Version),16855872,3133617,3133610,0,11799110,0,16855872,14932727,27,8,,-1,-3.4,68,7,4
2026-04-22,2026-04-16,10,1989_taylor_s_version,1989 (Taylor's Version),12101343,1703313,1703310,0,8470941,0,12101343,10174254,15,10,,0,-5.4,68,5,3
2026-04-22,2026-04-16,11,evermore,evermore,10867177,1936011,1936010,0,7607023,0,10867177,9543034,17,11,,0,-2.8,68,10,5
2026-04-22,2026-04-16,12,speak_now_taylor_s_version,Speak Now (Taylor's Version),7589008,1840806,1840800,0,5312308,0,7589008,7153114,18,12,,0,-3.5,68,9,19
2026-04-22,2026-04-16,13,red,Red,7577816,979107,979100,0,5304472,0,7577816,6283579,3,13,,0,-0.6,68,12,16
2026-04-22,2026-04-16,14,speak_now,Speak Now,7179117,459100,459100,0,5025382,0,7179117,5484482,4,14,,0,-2.2,47,10,1
2026-04-22,2026-04-16,15,taylor_swift,Taylor Swift,3244706,1549520,1549520,0,2271293,0,3244706,3820813,14,15,,0,-4.3,68,12,21
2026-04-29,2026-04-23,1,the_life_of_a_showgirl,The Life of a Showgirl,58171574,7210633,6417710,792920,50878486,33861284,24310290,58089119,12,1,,0,-7.5,30,1,30
2026-04-29,2026-04-23,2,the_tortured_poets_department,THE TORTURED POETS DEPARTMENT,35891717,4019515,4019520,0,25124202,0,35891717,29143717,31,2,,0,-12.2,69,1,16
2026-04-29,2026-04-23,3,1989,1989,33141260,2106449,2106460,0,23367307,561421,32579839,25473756,6,4,,1,-3.5,69,3,7
2026-04-29,2026-04-23,4,folklore,folklore,33502260,1909294,1909300,0,23451581,0,33502260,25360875,17,5,,1,14.4,69,1,23
2026-04-29,2026-04-23,5,lover,Lover,29745449,4063219,4056060,7160,20884998,210609,29534840,24948217,18,3,,-2,-6.9,69,3,39
2026-04-29,2026-04-23,6,fearless_taylor_s_version,Fearless (Taylor's Version),21305079,2948259,2948260,0,14913555,0,21305079,17861814,26,6,,0,-3.2,69,5,12
2026-04-29,2026-04-23,7,midnights,Midnights,21494862,2570389,2570370,0,15046402,0,21494862,17616791,22,8,,1,-1.7,69,4,30
2026-04-29,2026-04-23,8,reputation,reputation,21733103,2380876,2380880,0,15213172,0,21733103,17594048,15,7,,-1,-4.1,69,2,1
2026-04-29,2026-04-23,9,red_taylor_s_version,Red (Taylor's Version),16818833,3001801,3001800,0,11773185,0,16818833,14774986,27,9,,0,-1.1,69,7,4
2026-04-29,2026-04-23,10,1989_taylor_s_version,1989 (Taylor's Version),11885929,1668643,1668640,0,8320152,0,11885929,9988795,15,10,,0,-1.8,69,5,3
2026-04-29,2026-04-23,11,evermore,evermore,10834903,1832237,1832240,0,7584432,0,10834903,9416669,17,11,,0,-1.3,69,10,5
2026-04-29,2026-04-23,12,speak_now_taylor_s_version,Speak Now (Taylor's Version),7552219,1992240,1992240,0,5286554,0,7552219,7278794,18,12,,0,1.8,69,9,19
2026-04-29,2026-04-23,13,red,Red,7928635,657471,657470,0,5550045,0,7928635,6207516,3,13,,0,-1.2,69,12,16
2026-04-29,2026-04-23,14,speak_now,Speak Now,7198983,426421,426420,0,5039289,0,7198983,5465710,4,14,,0,-0.3,48,10,1
2026-04-29,2026-04-23,15,taylor_swift,Taylor Swift,3129662,1549520,1549520,0,2190762,0,3129662,3740282,14,15,,0,-2.1,69,12,21
2026-05-06,2026-04-30,1,the_life_of_a_showgirl,The Life of a Showgirl,56392292,6108027,5262830,845200,49364179,32965252,23427040,55472206,12,1,,0,-4.5,31,1,31
2026-05-06,2026-04-30,2,the_tortured_poets_department,THE TORTURED POETS DEPARTMENT,34934691,3709457,3704800,4640,24489218,116445,34818246,28198675,31,2,,0,-3.2,70,1,16
2026-05-06,2026-04-30,3,1989,1989,35577478,1589632,1589630,0,25374278,1566811,34010667,26963910,6,3,,0,5.8,70,3,8
2026-05-06,2026-04-30,4,lover,Lover,29870678,3276670,3262150,14530,21007711,327455,29543223,24284381,18,5,,1,-2.7,70,3,39
2026-05-06,2026-04-30,5,folklore,folklore,27318321,1910890,1910890,0,19122825,0,27318321,21033715,17,4,,-1,-17.1,70,1,23
2026-05-06,2026-04-30,6,reputation,reputation,22034047,2101754,2101760,0,15423832,0,22034047,17525586,15,8,,2,-0.4,70,2,1
2026-05-06,2026-04-30,7,midnights,Midnights,21708019,2297229,2297220,0,15195613,0,21708019,17492842,22,7,,0,-0.7,70,4,30
2026-05-06,2026-04-30,8,red_taylor_s_version,Red (Taylor's Version),16834242,2856503,2851530,4980,11783969,0,16834242,14640472,26,9,,1,-0.9,70,7,4
2026-05-06,2026-04-30,9,fearless_taylor_s_version,Fearless (Taylor's Version),15831478,2697971,2697970,0,11082037,0,15831478,13780008,25,6,,-3,-22.9,70,5,12
2026-05-06,2026-04-30,10,1989_taylor_s_version,1989 (Taylor's Version),12339711,1502223,1502220,0,8637796,0,12339711,10140019,15,10,,0,1.5,70,5,3
2026-05-06,2026-04-30,11,evermore,evermore,11082683,1686726,1686730,0,7757876,0,11082683,9444602,17,11,,0,0.3,70,10,5
2026-05-06,2026-04-30,12,speak_now_taylor_s_version,Speak Now (Taylor's Version),7827595,1897491,1897490,0,5479317,0,7827595,7376808,18,12,,0,1.3,70,9,19
2026-05-06,2026-04-30,13,red,Red,8157352,556223,556230,0,5710147,0,8157352,6266370,3,13,,0,0.9,70,12,16
2026-05-06,2026-04-30,14,speak_now,Speak Now,7668334,408632,408630,0,5367833,0,7668334,5776465,4,14,,0,5.7,49,10,1
2026-05-06,2026-04-30,15,fearless,Fearless,7467818,171352,171350,0,5227473,0,7467818,5398825,1,,RE,,,12,15,2
2026-05-06,2026-04-30,16,taylor_swift,Taylor Swift,3227280,1549520,1549520,0,2259096,0,3227280,3808616,14,15,,-1,1.8,70,12,21
2026-05-13,2026-05-07,1,the_life_of_a_showgirl,The Life of a Showgirl,58000047,10357484,7922740,2434750,50800941,34003029,23997018,61158425,12,1,,0,10.3,32,1,32
2026-05-13,2026-05-07,2,the_tortured_poets_department,THE TORTURED POETS DEPARTMENT,34919497,4396648,4368540,28120,24509861,220707,34698790,28906509,31,2,,0,2.5,71,1,16
2026-05-13,2026-05-07,3,1989,1989,35167299,2403097,2403100,0,24761509,481330,34685969,27164606,6,3,,0,0.7,71,3,9
2026-05-13,2026-05-07,4,lover,Lover,30297601,4401292,4332290,69000,21315604,357610,29939991,25716896,18,4,,0,5.9,71,3,39
2026-05-13,2026-05-07,5,folklore,folklore,27395595,2191753,2191740,0,19176917,0,27395595,21368670,17,5,,0,1.6,71,1,23
2026-05-13,2026-05-07,6,fearless_taylor_s_version,Fearless (Taylor's Version),22381608,2961497,2961500,0,15667123,0,22381608,18628620,26,9,,3,35.2,71,5,12
2026-05-13,2026-05-07,7,reputation,reputation,22571776,2801573,2799920,1650,15800242,0,22571776,18601815,15,6,,-1,6.1,71,2,1
2026-05-13,2026-05-07,8,midnights,Midnights,22110366,2664479,2664480,0,15477256,0,22110366,18141735,22,7,,-1,3.7,71,4,30
2026-05-13,2026-05-07,9,red_taylor_s_version,Red (Taylor's Version),17064262,2989544,2953330,36210,11944984,0,17064262,14934528,26,8,,-1,2.0,71,7,4
2026-05-13,2026-05-07,10,1989_taylor_s_version,1989 (Taylor's Version),12329676,1727765,1727770,0,8630774,0,12329676,10358539,15,10,,0,2.2,71,5,3
2026-05-13,2026-05-07,11,evermore,evermore,11127376,1947075,1947080,0,7789160,0,11127376,9736235,17,11,,0,3.1,71,10,5
2026-05-13,2026-05-07,12,speak_now_taylor_s_version,Speak Now (Taylor's Version),7816375,1992240,1992240,0,5471463,0,7816375,7463703,18,12,,0,1.2,71,9,19
2026-05-13,2026-05-07,13,red,Red,8048658,796261,796260,0,5634060,0,8048658,6430321,3,13,,0,2.6,71,12,16
2026-05-13,2026-05-07,14,speak_now,Speak Now,7538516,450283,450280,0,5276961,0,7538516,5727244,4,14,,0,-0.9,50,10,1
2026-05-13,2026-05-07,15,taylor_swift,Taylor Swift,3178025,1549520,1549520,0,2224617,0,3178025,3774137,14,16,,1,-0.9,71,12,21
2026-05-20,2026-05-14,1,the_life_of_a_showgirl,The Life of a Showgirl,54550788,9386634,6737610,2649030,47712439,31756295,22794493,57099073,12,1,,0,-6.6,33,1,33
2026-05-20,2026-05-14,2,the_tortured_poets_department,THE TORTURED POETS DEPARTMENT,34346973,4085010,3984580,100430,24277701,782733,33564240,28362711,31,2,,0,-1.9,72,1,16
2026-05-20,2026-05-14,3,1989,1989,34216792,2343932,2269380,74560,24119574,559403,33657389,26463506,6,3,,0,-2.6,72,3,10
2026-05-20,2026-05-14,4,lover,Lover,30197583,3973181,3696870,276320,21220176,272902,29924681,25193357,18,4,,0,-2.0,72,3,39
2026-05-20,2026-05-14,5,folklore,folklore,27511338,2205774,2171540,34230,19257938,0,27511338,21463712,17,5,,0,0.4,72,1,23
2026-05-20,2026-05-14,6,fearless_taylor_s_version,Fearless (Taylor's Version),22829742,3114077,3064490,49570,15980820,0,22829742,19094897,26,6,,0,2.5,72,5,12
2026-05-20,2026-05-14,7,reputation,reputation,22525436,2566108,2554880,11220,15767806,0,22525436,18333914,15,7,,0,-1.4,72,2,1
2026-05-20,2026-05-14,8,midnights,Midnights,22352470,2322428,2275160,47300,15646729,0,22352470,17969157,22,8,,0,-1.0,72,4,30
2026-05-20,2026-05-14,9,red_taylor_s_version,Red (Taylor's Version),17442784,2760185,2717400,42780,12209948,0,17442784,14970133,26,9,,0,0.2,72,7,4
2026-05-20,2026-05-14,10,1989_taylor_s_version,1989 (Taylor's Version),12563538,1094341,1089120,5210,8794477,0,12563538,9888818,15,10,,0,-4.5,72,5,3
2026-05-20,2026-05-14,11,evermore,evermore,11434691,1494584,1486680,7910,8004283,0,11434691,9498867,17,11,,0,-2.4,72,10,5
2026-05-20,2026-05-14,12,speak_now_taylor_s_version,Speak Now (Taylor's Version),7920389,1864244,1864250,0,5544273,0,7920389,7408517,18,12,,0,-0.7,72,9,19
2026-05-20,2026-05-14,13,red,Red,8152867,656070,648150,7920,5707007,0,8152867,6363077,3,13,,0,-1.0,72,12,16
2026-05-20,2026-05-14,14,speak_now,Speak Now,7489734,450722,429520,21210,5242814,0,7489734,5693536,4,14,,0,-0.6,51,10,1
2026-05-20,2026-05-14,15,taylor_swift,Taylor Swift,3207717,1549520,1549520,0,2245404,0,3207717,3794924,14,15,,0,0.6,72,12,21
2026-05-27,2026-05-21,1,the_life_of_a_showgirl,The Life of a Showgirl,51283138,12963354,10161180,2802170,44741042,29476147,21806991,57704396,12,1,,0,1.1,34,1,34
2026-05-27,2026-05-21,2,the_tortured_poets_department,THE TORTURED POETS DEPARTMENT,32123637,6181507,6057260,124280,22614694,427161,31696476,28796201,31,2,,0,1.5,73,1,16
2026-05-27,2026-05-21,3,lover,Lover,29178500,6789739,6319980,469750,20503122,260570,28917930,27292861,18,4,,1,8.3,73,3,40
2026-05-27,2026-05-21,4,1989,1989,32799819,4026065,3824130,201930,23024184,214365,32585454,27050249,6,3,,-1,2.2,73,3,10
2026-05-27,2026-05-21,5,folklore,folklore,25206497,3514413,3379400,135000,17644548,0,25206497,21158961,17,5,,0,-1.4,73,1,23
2026-05-27,2026-05-21,6,reputation,reputation,21445483,4485720,4443700,42020,15011837,0,21445483,19497557,15,7,,1,6.3,73,2,1
2026-05-27,2026-05-21,7,fearless_taylor_s_version,Fearless (Taylor's Version),21090556,3580422,3519930,60480,14763388,0,21090556,18343810,26,6,,-1,-3.9,73,5,12
2026-05-27,2026-05-21,8,midnights,Midnights,20775841,3258969,3178890,80080,14543090,0,20775841,17802059,22,8,,0,-0.9,73,4,30
2026-05-27,2026-05-21,9,red_taylor_s_version,Red (Taylor's Version),16192570,3127255,3062220,65040,11334797,0,16192570,14462052,26,9,,0,-3.4,73,7,4
2026-05-27,2026-05-21,10,1989_taylor_s_version,1989 (Taylor's Version),12075679,1775073,1766580,8520,8452975,0,12075679,10228048,15,10,,0,3.4,73,5,3
2026-05-27,2026-05-21,11,evermore,evermore,10481756,1867792,1852940,14860,7337227,0,10481756,9205019,17,11,,0,-3.1,73,10,5
2026-05-27,2026-05-21,12,speak_now_taylor_s_version,Speak Now (Taylor's Version),7555551,2081278,2060940,20350,5288886,0,7555551,7370164,18,12,,0,-0.5,73,9,19
2026-05-27,2026-05-21,13,red,Red,7542692,1289234,1276850,12380,5279884,0,7542692,6569118,3,13,,0,3.2,73,12,16
2026-05-27,2026-05-21,14,speak_now,Speak Now,7030168,528452,490090,38360,4921118,0,7030168,5449570,4,14,,0,-4.3,52,10,1
2026-05-27,2026-05-21,15,taylor_swift,Taylor Swift,3117039,1549520,1549520,0,2181926,0,3117039,3731446,14,15,,0,-1.7,73,12,21
2026-06-03,2026-05-28,1,the_life_of_a_showgirl,The Life of a Showgirl,51279260,13225073,10128450,3096620,44678061,29275262,22003998,57903134,12,1,,0,0.3,35,1,35
2026-06-03,2026-05-28,2,the_tortured_poets_department,THE TORTURED POETS DEPARTMENT,32583233,6377531,6275270,102280,22874694,221439,32361794,29252225,31,2,,0,1.6,74,1,16
2026-06-03,2026-05-28,3,1989,1989,32950218,3840252,3710470,129770,23135616,234879,32715339,26975868,6,4,,1,-0.3,74,3,11
2026-06-03,2026-05-28,4,lover,Lover,29523609,6182685,5751130,431550,20753269,289146,29234463,26935954,18,3,,-1,-1.3,74,3,40
2026-06-03,2026-05-28,5,folklore,folklore,25255818,3240394,3172150,68250,17679073,0,25255818,20919467,17,5,,0,-1.1,74,1,23
2026-06-03,2026-05-28,6,reputation,reputation,22021951,4152461,4123120,29350,15415365,0,22021951,19567826,15,6,,0,0.4,74,2,1
2026-06-03,2026-05-28,7,fearless_taylor_s_version,Fearless (Taylor's Version),21719661,3475085,3401800,73280,15203763,0,21719661,18678848,26,7,,0,1.8,74,5,12
2026-06-03,2026-05-28,8,midnights,Midnights,21213303,3336277,3309270,27010,14849314,0,21213303,18185591,22,8,,0,2.2,74,4,30
2026-06-03,2026-05-28,9,red_taylor_s_version,Red (Taylor's Version),16768002,3101332,3031710,69620,11737604,0,16768002,14838936,26,9,,0,2.6,74,7,4
2026-06-03,2026-05-28,10,1989_taylor_s_version,1989 (Taylor's Version),12483491,1690604,1671150,19450,8738444,0,12483491,10429048,15,10,,0,2.0,74,5,3
2026-06-03,2026-05-28,11,evermore,evermore,10620768,1867711,1854370,13350,7434537,0,10620768,9302248,17,11,,0,1.1,74,10,5
2026-06-03,2026-05-28,12,speak_now_taylor_s_version,Speak Now (Taylor's Version),7715173,1887545,1879160,8390,5400621,0,7715173,7288166,18,12,,0,-1.1,74,9,19
2026-06-03,2026-05-28,13,red,Red,8059400,1298999,1295010,3990,5641581,0,8059400,6940580,3,13,,0,5.7,74,12,16
2026-06-03,2026-05-28,14,speak_now,Speak Now,7242484,535594,489730,45860,5069739,0,7242484,5605333,4,14,,0,2.9,53,10,1
2026-06-03,2026-05-28,15,taylor_swift,Taylor Swift,3497631,1457634,1456550,1090,2448342,0,3497631,3905976,14,15,,0,4.7,74,12,21
2026-06-10,2026-06-04,1,the_life_of_a_showgirl,The Life of a Showgirl,59398881,13264019,9794640,3469370,50220860,28805476,30593405,63484879,12,1,,0,9.6,36,1,36
2026-06-10,2026-06-04,2,the_tortured_poets_department,THE TORTURED POETS DEPARTMENT,33147206,6092820,5982530,110270,23401270,660747,32486459,29494090,31,2,,0,0.8,75,1,16
2026-06-10,2026-06-04,3,lover,Lover,30238705,5919516,5390510,529010,21263226,320443,29918262,27182742,18,4,,1,0.9,75,3,41
2026-06-10,2026-06-04,4,1989,1989,32605605,3684505,3569150,115360,22924617,335648,32269957,26609122,6,3,,-1,-1.4,75,3,11
2026-06-10,2026-06-04,5,folklore,folklore,26177475,3528787,3380230,148540,18324231,0,26177475,21853018,17,5,,0,4.5,75,1,23
2026-06-10,2026-06-04,6,reputation,reputation,22110610,4472724,4422380,50340,15477427,0,22110610,19950151,15,6,,0,2.0,75,2,1
2026-06-10,2026-06-04,7,fearless_taylor_s_version,Fearless (Taylor's Version),22302613,3638546,3551780,86750,15611828,0,22302613,19250374,26,7,,0,3.1,75,5,12
2026-06-10,2026-06-04,8,midnights,Midnights,21516872,3519490,3513030,6450,15061810,0,21516872,18581300,22,8,,0,2.2,75,4,30
2026-06-10,2026-06-04,9,red_taylor_s_version,Red (Taylor's Version),17513595,3121103,3029390,91710,12259515,0,17513595,15380618,26,9,,0,3.7,75,7,4
2026-06-10,2026-06-04,10,1989_taylor_s_version,1989 (Taylor's Version),12785906,1723738,1711180,12550,8950133,0,12785906,10673871,15,10,,0,2.3,75,5,3
2026-06-10,2026-06-04,11,evermore,evermore,10621667,1837227,1824840,12390,7435166,0,10621667,9272393,17,11,,0,-0.3,75,10,5
2026-06-10,2026-06-04,12,speak_now_taylor_s_version,Speak Now (Taylor's Version),8123204,2118940,2110900,8040,5686244,0,8123204,7805184,18,12,,0,7.1,75,9,19
2026-06-10,2026-06-04,13,red,Red,7959448,1466741,1458720,8020,5571614,0,7959448,7038355,3,13,,0,1.4,75,12,16
2026-06-10,2026-06-04,14,speak_now,Speak Now,7393406,473774,424270,49500,5175384,0,7393406,5649158,4,14,,0,0.8,54,10,1
2026-06-10,2026-06-04,15,taylor_swift,Taylor Swift,3507774,1342692,1336850,5840,2455441,0,3507774,3798133,13,15,,0,-2.8,75,12,21
