date,title_key,title,video_count,total_views,daily_views,like_count,comment_count,video_ids,video_titles
2026-06-23,blank_space,Blank Space,2,3841583605,,16921366,699842,"[""gir8BEqAutk"", ""e-ORhEE9VVg""]","[""Taylor Swift - Blank Space (Taylor's Version) (Lyric Video)"", ""Taylor Swift - Blank Space""]"
2026-06-23,shake_it_off,Shake It Off,2,3725461803,,14524958,610819,"[""mvVBuG4IOW4"", ""nfWlot6h_JM""]","[""Taylor Swift - Shake It Off (Taylor's Version) (Lyric Video)"", ""Taylor Swift - Shake It Off""]"
2026-06-23,you_belong_with_me,You Belong With Me,4,1840797782,,11512214,487825,"[""vwp8Ur6tO-8"", ""tvnGBYMe9gM"", ""zudLJdajX5Y"", ""VuNIsY6JdUw""]","[""Taylor Swift - You Belong With Me (Taylor's Version) (Lyric Video)"", ""Taylor Swift - You Belong With Me (Live from New York City)"", ""Taylor Swift - You Belong With Me (Live on Letterman)"", ""Taylor Swift - You Belong With Me""]"
2026-06-23,look_what_you_made_me_do,Look What You Made Me Do,2,1725390267,,15956681,957775,"[""3tmd-ClpJxA"", ""3K0RzZGpyds""]","[""Taylor Swift - Look What You Made Me Do"", ""Taylor Swift - Look What You Made Me Do (Lyric Video)""]"
2026-06-23,bad_blood_ft_kendrick_lamar,Bad Blood Ft Kendrick Lamar,1,1685637053,,10376267,475668,"[""QcIy9NiNbmo""]","[""Taylor Swift - Bad Blood ft. Kendrick Lamar""]"
2026-06-23,wildest_dreams,Wildest Dreams,3,1072151675,,6678583,266809,"[""vtW_4j7SsZk"", ""CUr_UwUUXzU"", ""IdneKLhsWOQ""]","[""Taylor Swift - Wildest Dreams (Taylor's Version) (Lyric Video)"", ""Taylor Swift - Wildest Dreams (Taylor’s Version) (Official Audio)"", ""Taylor Swift - Wildest Dreams""]"
2026-06-23,style,Style,2,995560267,,4837786,179923,"[""2JgvVfOfoWI"", ""-CmadmM5cOk""]","[""Taylor Swift - Style (Taylor's Version) (Lyric Video)"", ""Taylor Swift - Style""]"
2026-06-23,love_story,Love Story,8,954116152,,8079936,348937,"[""FeTHyZJvozc"", ""aXzVF3XeS8M"", ""opS9a1_PuWA"", ""wFcFQP8XKuY"", ""kO9PkyWTZNw"", ""yfWgXcrNQIw"", ""mNLVMDF9mUo"", ""8xg3vE8Ie_E""]","[""Taylor Swift - Love Story (Elvira Remix) (Taylor’s Version) (Official Audio)"", ""Taylor Swift - Love Story (Taylor’s Version) [Official Lyric Video]"", ""Taylor Swift - Love Story (Live From Clear Channel Stripped 2008 / Audio)"", ""Taylor Swift - Love Story (Digital Dog Remix / Audio)"", ""Taylor Swift - Love Story (Pop Mix / Audio)"", ""Taylor Swift - Love Story (Live from New York City)"", ""Taylor Swift - Love Story (Live on Letterman)"", ""Taylor Swift - Love Story""]"
2026-06-23,we_are_never_ever_getting_back_together,We Are Never Ever Getting Back Together,4,923682015,,5291592,276657,"[""zJFcr1KyFqE"", ""BktS1hkMx_k"", ""WA4iX5D9Z64"", ""gcMn_Eu-XTE""]","[""Taylor Swift - We Are Never Ever Getting Back Together (Taylor's Version) (Lyric Video)"", ""Taylor Swift - We Are Never Ever Getting Back Together (Live from New York City)"", ""Taylor Swift - We Are Never Ever Getting Back Together"", ""Taylor Swift - We Are Never Ever Getting Back Together (Lyric Video)""]"
2026-06-23,i_dont_wanna_live_forever,I Dont Wanna Live Forever,1,775585789,,5381358,136454,"[""7F37r50VUTQ""]","[""ZAYN, Taylor Swift - I Don’t Wanna Live Forever (Fifty Shades Darker)""]"
2026-06-23,22,22,2,742445955,,3844936,303903,"[""9boiT64sm0Q"", ""AgFeZr5ptV8""]","[""Taylor Swift - 22 (Taylor's Version) (Lyric Video)"", ""Taylor Swift - 22""]"
2026-06-23,delicate,Delicate,2,608620823,,4947413,222439,"[""MBR2kxt7RK8"", ""tCXGJQYZ9JA""]","[""Taylor Swift - Delicate (Vertical Version)"", ""Taylor Swift - Delicate""]"
2026-06-23,i_knew_you_were_trouble,I Knew You Were Trouble,2,570103475,,4227525,280077,"[""TqAollrUJdA"", ""vNoKguSdy4Y""]","[""Taylor Swift - I Knew You Were Trouble (Taylor's Version) (Lyric Video)"", ""Taylor Swift - I Knew You Were Trouble""]"
2026-06-23,never_been_accused_of_not_keeping_it,Never Been Accused Of Not Keeping It,1,496874882,,2083489,23023,"[""ZzYBzwfjjDE""]","[""Never been accused of not keeping it 💯""]"
2026-06-23,back_to_december,Back To December,4,493093257,,2708731,100460,"[""qc2Z-OX9wnc"", ""eocfbbyIUn8"", ""QUwxKWT6m7U"", ""vio0RidOMUM""]","[""Taylor Swift - Back To December (Taylor's Version) (Lyric Video)"", ""Taylor Swift - Back To December"", ""Taylor Swift - Back To December"", ""Taylor Swift - Back To December (Live on Letterman)""]"
2026-06-23,me_ft_brendon_urie,Me Ft Brendon Urie,3,482244674,,7096934,457242,"[""_zUCMfYkgj0"", ""S--WI8PUVVo"", ""FuXNumBwDOM""]","[""Taylor Swift - ME! (Live on The Voice / 2019) ft. Brendon Urie"", ""Taylor Swift - ME! (feat. Brendon Urie of Panic! At The Disco) (Lyric Video) ft. Brendon Urie"", ""Taylor Swift - ME! (feat. Brendon Urie of Panic! At The Disco) ft. Brendon Urie""]"
2026-06-23,ready_for_it,Ready For It,4,471061493,,4973535,267559,"[""MvIwx0JThsk"", ""GZeza5xTeuM"", ""wIft-t-MQuE"", ""T62maKYX9tU""]","[""Taylor Swift, BloodPop® - ...Ready For It?"", ""Taylor Swift - …Ready for It? (BloodPop® Remix) (Audio)"", ""Taylor Swift - …Ready For It?"", ""Taylor Swift - ...Ready For It? (Audio)""]"
2026-06-23,the_fate_of_ophelia,The Fate Of Ophelia,5,465279351,,4045946,165255,"[""yX2kZ8OIsfU"", ""PdMdbiY6-lE"", ""rbmdfEQODOw"", ""ko70cExuzZM"", ""svcboYY81wU""]","[""Taylor Swift - The Fate of Ophelia (The Chainsmokers Remix) (Visualizer)"", ""Taylor Swift - The Fate of Ophelia (Alone In My Tower Acoustic Version) (Visualizer)"", ""Taylor Swift - The Fate of Ophelia (Lyric Video)"", ""Taylor Swift - The Fate of Ophelia (Official Music Video)"", ""Taylor Swift - The Fate of Ophelia (Visualizer)""]"
2026-06-23,fortnight_acoustic_version,Fortnight [Acoustic Version],13,457083005,,13066396,272472,"[""w04K8z_nfDI"", ""PQTA-EVc5DI"", ""HZIg5sQrPAM"", ""0GQ_QeZxdzo"", ""KJXP13hqf2I"", ""ZwlBxvnH-So"", ""F0TUVujmtxY"", ""AtDCWnV_Vzo"", ""2hBLC7E8v3A"", ""HzsQHfBA3MY"", ""q3zqJs7JUCQ"", ""b7kmP1fsGg8"", ""7yRXgL7SaV0""]","[""Fortnight (Behind the Scenes with Post Malone, Ethan Hawke & Josh Charles)"", ""Taylor Swift - Fortnight (feat. Post Malone) (Cults Remix)"", ""Taylor Swift - Fortnight (feat. Post Malone) (Acoustic)"", ""Taylor Swift - Fortnight (feat. Post Malone) (Behind the Scenes)"", ""Taylor Swift - Fortnight (feat Post Malone) (BLOND:ISH Remix)"", ""A fortnight since TTPD 🤍 brought to you by YouTube Shorts #ForAFortnightChallenge"", ""A fortnight til Paris 🤍 Brought to you by YouTube Shorts #ForAFortnightChallenge"", ""A fortnight making TTPD 🤍 Brought to you by YouTube Shorts #ForAFortnightChallenge"", ""Share your “fortnight” recap with #ForAFortnightChallenge 🤍 brought to you by YouTube Shorts"", ""Taylor Swift - Fortnight (feat Post Malone) (Official Lyric Video)"", ""Taylor Swift - Fortnight (feat. Post Malone) (Official Music Video)"", ""Taylor Swift - Fortnight (feat. Post Malone)"", ""Album tonight. Fortnight music video tomorrow at 8pm et.""]"
2026-06-23,everything_has_changed,Everything Has Changed - Remix,4,449053317,,3615626,165054,"[""eMcMbWl0fDk"", ""YfPfgZjhH1w"", ""w1oM3kQpXRo"", ""dgzN0Puq_hE""]","[""Taylor Swift - Everything Has Changed (Taylor's Version) (Lyric Video) ft. Ed Sheeran"", ""Britain's Got Talent performance: Everything Has Changed"", ""Taylor Swift - Everything Has Changed ft. Ed Sheeran"", ""\""Everything Has Changed\"" Song Preview from RED - Now Available""]"
2026-06-23,you_need_to_calm_down,You Need To Calm Down,3,424368728,,5674724,303657,"[""Uxg-ivPGusQ"", ""Dkk9gvTmCXY"", ""GWtfOHBF1_w""]","[""Taylor Swift - You Need To Calm Down (Live From Paris)"", ""Taylor Swift - You Need To Calm Down"", ""Taylor Swift - You Need To Calm Down (Lyric Video)""]"
2026-06-23,lover,Lover,5,419117302,,5273112,163757,"[""a4iTHPwioEc"", ""KmT4Y8w1nho"", ""dmipFjOtMA8"", ""-BjZmE2gtdo"", ""cvUAzpn48xA""]","[""Taylor Swift - Lover (Live From Paris)"", ""Taylor Swift - Lover (First Dance Remix)"", ""Taylor Swift - \""Lover\"" (Live on Saturday Night Live / 2019)"", ""Taylor Swift - Lover (Official Music Video)"", ""Taylor Swift - Lover (Official Lyric Video)""]"
2026-06-23,pledge_allegiance_to_your_your_your_viiiiiiiibes,Pledge Allegiance To Your Your Your Viiiiiiiibes,1,403863776,,1943960,18314,"[""GXODnqWPzH8""]","[""Pledge allegiance to your 👐 your 🏈 your viiiiiiiibes""]"
2026-06-23,mine,Mine,4,365851585,,1667364,96960,"[""oxNLRqMJMZk"", ""_9RWI5JBew0"", ""xcLIGAIkztc"", ""XPBwXKgDTdE""]","[""Taylor Swift - Mine (Taylor's Version) (Lyric Video)"", ""Taylor Swift - Mine (Live, BBC Radio 2 Session)"", ""Taylor Swift - Mine (Live on Letterman)"", ""Taylor Swift - Mine""]"
2026-06-23,red,Red,3,345172930,,2330629,86070,"[""R_rUYuFtNO4"", ""Zlot0i3Zykw"", ""gQ0pP2z9niw""]","[""Taylor Swift - Red (Taylor's Version) (Lyric Video)"", ""Taylor Swift - Red"", ""Taylor Swift - Red (Live from New York City)""]"
2026-06-23,end_game_karaoke_version,End Game [Karaoke Version],2,319668029,,3578297,182746,"[""VA7Y_Psp5l4"", ""dfnCAmr569k""]","[""End Game - Behind The Scenes"", ""Taylor Swift - End Game ft. Ed Sheeran, Future""]"
2026-06-23,anti_hero,Anti Hero,9,300401124,,4297130,126028,"[""P0haCYjysUs"", ""-ddfFsLHNQs"", ""nF4Jc9sPPug"", ""eSLO-HpSWD0"", ""uybMJ8cSWtA"", ""Cd3v_pRgOp8"", ""T1d9PiRAJNM"", ""XqN2qFvY64U"", ""b1kbLwvqugk""]","[""Anti-Hero (Behind The Scenes with The Ghosts In The Room)"", ""Anti-Hero (Behind the Scenes with Mike Birbiglia, John Early & Mary Elizabeth Ellis)"", ""Taylor Swift - Anti-Hero (ILLENIUM Remix)"", ""Taylor Swift - Anti-Hero (Roosevelt Remix)"", ""Taylor Swift - Anti-Hero (Kungs Remix)"", ""Taylor Swift - Anti-Hero (Jayda G Remix)"", ""Taylor Swift - Anti-Hero (feat. Bleachers)"", ""Taylor Swift - Anti-Hero (Official Lyric Video)"", ""Taylor Swift - Anti-Hero (Official Music Video)""]"
2026-06-23,cruel_summer,Cruel Summer - Live from TS | The Eras Tour,3,300335810,,1973865,59431,"[""xB-RZqcoIgo"", ""GBb8vC0DeXY"", ""ic8j13piAhQ""]","[""Taylor Swift - Cruel Summer (Live from Taylor Swift | The Eras Tour)"", ""Taylor Swift - Cruel Summer (LP Giobbi Remix)"", ""Taylor Swift - Cruel Summer (Official Audio)""]"
2026-06-23,cardigan,Cardigan,4,277398471,,4150690,162796,"[""PQp643val70"", ""i50QUXDeC80"", ""zLSUp53y-HQ"", ""K-a8s8OLBSE""]","[""cardigan (behind the scenes - forest & ocean)"", ""Taylor Swift - cardigan (cabin in candlelight version / Visualizer)"", ""Taylor Swift - cardigan (Official Lyric Video)"", ""Taylor Swift - cardigan""]"
2026-06-23,all_too_well,All Too Well,6,264601168,,3421242,103715,"[""pPrdGE4w9ZM"", ""UDzPTerKZn8"", ""nJr_8l0AEWE"", ""sRxrwjOtIag"", ""BZ-rLBkUZf4"", ""9OQBDdNHmXo""]","[""All Too Well (10 Minute Version) (Taylor's Version) (From The Vault) (Karaoke)"", ""Taylor Swift - All Too Well (Taylor's Version) (Karaoke)"", ""Taylor Swift - All Too Well (10 Minute Version) (Live on Saturday Night Live)"", ""All Too Well (10 Minute Version) (Taylor's Version) (From The Vault) (Lyric Video)"", ""All Too Well (10 Minute Version) (Taylor's Version) (From The Vault) (Lyric Video)"", ""Taylor Swift - All Too Well (Taylor's Version) (Lyric Video)""]"
2026-06-23,mean,Mean,3,248639218,,1594514,118684,"[""8AR1dKawCi8"", ""RQuY8kERaU0"", ""jYa1eI1hpDE""]","[""Taylor Swift - Mean (Taylor's Version) (Lyric Video)"", ""Taylor Swift - Mean (Live from New York City)"", ""Taylor Swift - Mean""]"
2026-06-23,join_my_tsantiherochallenge_and_share_your_anti_heroic_traits_brought_to_you_by_youtube_shorts,Join My Tsantiherochallenge And Share Your Anti Heroic Traits Brought To You By Youtube Shorts,2,234061008,,9545926,40180,"[""U1IqinpmpQE"", ""9Wx2It8SbLs""]","[""🫣 Join my #TSAntiHeroChallenge and share your anti-heroic traits, brought to you by YouTube Shorts."", ""😺 Join my #TSAntiHeroChallenge and share your anti-heroic traits, brought to you by YouTube Shorts.""]"
2026-06-23,our_song,Our Song,1,229706181,,985448,67301,"[""Jb2stN7kH28""]","[""Taylor Swift - Our Song""]"
2026-06-23,begin_again,Begin Again,3,227941232,,1516505,67684,"[""dXNZaHuKWNA"", ""cQ5tlnGg4wc"", ""cMPEd8m79Hw""]","[""Taylor Swift - Begin Again (Taylor's Version) (Lyric Video)"", ""Taylor Swift - Begin Again (Live from New York City)"", ""Taylor Swift - Begin Again""]"
2026-06-23,out_of_the_woods,Out Of The Woods,2,225007217,,2197247,133299,"[""gp1MR2WAAXY"", ""JLf9q36UsBk""]","[""Taylor Swift - Out Of The Woods (Taylor's Version) (Lyric Video)"", ""Taylor Swift - Out Of The Woods""]"
2026-06-23,safe_and_sound_feat_the_civil_wars,Safe And Sound Feat The Civil Wars,1,216360455,,2021882,107366,"[""RzhAS_GnJIc""]","[""Safe & Sound feat. The Civil Wars (The Hunger Games: Songs From District 12 And Beyond)""]"
2026-06-23,the_man,The Man,7,192367203,,3878418,161399,"[""IQL1vIP9sos"", ""mxtUnuldKgc"", ""a5gXfaAFPOM"", ""AqAJLh9wuZ0"", ""F3aXpa1rQEY"", ""tbEekLA7J3Y"", ""pHoHDNxay3A""]","[""Taylor Swift - The Man (Behind The Scenes: The Umpire)"", ""Taylor Swift - The Man (Behind The Scenes: Directing)"", ""Taylor Swift - The Man (Becoming The Man: Behind The Scenes)"", ""Taylor Swift - The Man (Official Video)"", ""Taylor Swift - The Man (Live From Paris)"", ""Taylor Swift - The Man (Lyric Video)"", ""Taylor Swift - The Man (Official Audio)""]"
2026-06-23,willow,Willow,7,191735572,,2973576,133933,"[""iTNZ-OzBoBo"", ""H9rBt-8jiBE"", ""sViZJopFdYg"", ""qybUgW7eoZQ"", ""7XLW5CvDQ7E"", ""RsEZmictANA"", ""7EvwIw4gIyk""]","[""Taylor Swift - willow (moonlit witch version) - [yule log]"", ""Taylor Swift - willow (lonely witch version) - [yule log]"", ""Taylor Swift - willow (dancing witch version) - [yule log]"", ""Taylor Swift - willow - [yule log]"", ""Taylor Swift - willow (moonlit witch version)"", ""Taylor Swift - willow (Official Music Video)"", ""Taylor Swift - willow (Official Lyric Video)""]"
2026-06-23,gorgeous,Gorgeous,1,187091967,,1604944,75131,"[""EUoe7cf0HYw""]","[""Taylor Swift - Gorgeous (Lyric Video)""]"
2026-06-23,fifteen,Fifteen,2,182515977,,912652,74820,"[""rLCol1C3ouc"", ""Pb-K2tXWK4w""]","[""Taylor Swift - Fifteen (Taylor's Version) (Lyric Video)"", ""Taylor Swift - Fifteen""]"
2026-06-23,white_horse,White Horse,2,182359186,,982645,54099,"[""9-rKvhsjwKU"", ""D1Xr-JFLxik""]","[""Taylor Swift - White Horse (Taylor's Version) (Lyric Video)"", ""Taylor Swift - White Horse""]"
2026-06-23,teardrops_on_my_guitar,Teardrops On My Guitar,2,179652212,,875966,62830,"[""1-oRawNFmk4"", ""xKCek6_dB0M""]","[""Taylor Swift - Teardrops On My Guitar (Live From Clear Channel Stripped 2008 / Audio)"", ""Taylor Swift - Teardrops On My Guitar""]"
2026-06-23,the_story_of_us,The Story Of Us,2,170931663,,966849,49153,"[""pRhWAXg4xek"", ""nN6VR92V70M""]","[""Taylor Swift - The Story Of Us (Taylor's Version) (Lyric Video)"", ""Taylor Swift - The Story Of Us""]"
2026-06-23,exile_the_long_pond_studio_sessions,exile [the long pond studio sessions],2,164105678,,1834037,66226,"[""o5SQIECedTY"", ""osdoLjUNFnA""]","[""Taylor Swift - exile (folklore: the long pond studio sessions | Disney+) ft. Bon Iver"", ""Taylor Swift – exile (feat. Bon Iver) (Official Lyric Video)""]"
2026-06-23,new_romantics,New Romantics,2,147069698,,1342857,67255,"[""3-BcH7KowGE"", ""wyK7YuwUWsU""]","[""Taylor Swift - New Romantics (Taylor's Version) (Lyric Video)"", ""Taylor Swift - New Romantics""]"
2026-06-23,august,August,1,139016963,,1124400,39643,"[""nn_0zPAfyo8""]","[""Taylor Swift – august (Official Lyric Video)""]"
2026-06-23,call_it_what_you_want,Call It What You Want,1,132384117,,1268241,53682,"[""V54CEElTF_U""]","[""Taylor Swift - Call It What You Want (Lyric Video)""]"
2026-06-23,fearless,Fearless,3,131773231,,759991,32103,"[""7lLigiVgJsE"", ""Tj6qU4dlKeA"", ""ptSjNWnzpjg""]","[""Taylor Swift - Fearless (Taylor's Version) (Lyric Video)"", ""Taylor Swift - Fearless (Live From Clear Channel Stripped 2008 / Audio)"", ""Taylor Swift - Fearless""]"
2026-06-23,bejeweled,Bejeweled,5,131139665,,2471029,64589,"[""0GeyBM6NS5s"", ""UAtpbCEsJlA"", ""K-8dOw7yuPo"", ""b7QlX3yR2xs"", ""XzKSPRqFg9E""]","[""Bejeweled (Behind the Scenes with Dita Von Teese)"", ""Bejeweled (Behind the Scenes with Jack Antonoff, HAIM & Pat McGrath)"", ""Bejeweled (Behind the Scenes with Laura Dern)"", ""Taylor Swift - Bejeweled (Official Music Video)"", ""Taylor Swift - Bejeweled (Lyric Video)""]"
2026-06-23,sparks_fly,Sparks Fly,2,128620272,,753505,36250,"[""UlFrV5GJA_4"", ""oKar-tF__ac""]","[""Taylor Swift - Sparks Fly (Taylor's Version) (Lyric Video)"", ""Taylor Swift - Sparks Fly""]"
2026-06-23,picture_to_burn,Picture To Burn,2,126591932,,690488,39363,"[""kX6h4gDYLzM"", ""yCMqcFAigRg""]","[""Taylor Swift - Picture To Burn (Live From Clear Channel Stripped 2008 / Audio)"", ""Taylor Swift - Picture To Burn""]"
2026-06-23,daylight,Daylight,2,123056722,,854884,17535,"[""JSD4XCBWzvs"", ""u9raS7-NisU""]","[""Taylor Swift - Daylight (Live From Paris)"", ""Taylor Swift - Daylight (Official Audio)""]"
2026-06-23,all_too_well_the_short_film,All Too Well The Short Film,2,120355643,,5330079,143599,"[""M0Ku_op-LXI"", ""tollGa3S0o8""]","[""Taylor Swift - All Too Well: The Short Film (Behind The Scenes)"", ""Taylor Swift - All Too Well: The Short Film""]"
2026-06-23,ours,Ours,2,120018628,,890286,42030,"[""PH8Uc0Z_KRY"", ""LZ34LlaIk88""]","[""Taylor Swift - Ours (Taylor’s Version) (Lyric Video)"", ""Taylor Swift - Ours""]"
2026-06-23,live_at_the_2019_american_music_awards,Live At The 2019 American Music Awards,1,119666189,,2228579,75875,"[""SVY8I46dkb0""]","[""Taylor Swift - Live at the 2019 American Music Awards""]"
2026-06-23,the_way_i_loved_you,The Way I Loved You,1,114903133,,761070,10062,"[""DlexmDDSDZ0""]","[""Taylor Swift - The Way I Loved You (Taylor's Version) (Lyric Video)""]"
2026-06-23,lavender_haze,Lavender Haze,8,114292902,,2162633,62347,"[""anqxTwGE_nQ"", ""kE31ShDEOwg"", ""nfFujEdM0_E"", ""ZZtamrXjB_w"", ""pCH19_8E4Hw"", ""6DdAzVDVBpw"", ""h8DLofLM7No"", ""mkR_Qwix4Ho""]","[""Taylor Swift - Lavender Haze (Acoustic Version)"", ""Taylor Swift - Lavender Haze (Snakehips Remix)"", ""Taylor Swift - Lavender Haze (Jungle Remix)"", ""Taylor Swift - Lavender Haze (Tensnake Remix)"", ""Taylor Swift - Lavender Haze (Behind The Scenes)"", ""Taylor Swift - Lavender Haze (Felix Jaehn Remix)"", ""Taylor Swift - Lavender Haze (Official Music Video)"", ""Taylor Swift - Lavender Haze (Official Lyric Video)""]"
2026-06-23,opalite,Opalite,7,111670184,,1238568,50066,"[""ZeiAo9SeDE8"", ""vZJXqv48lIc"", ""K3jkKvnemws"", ""wNYl89BsIyg"", ""1FVF-9KQiPo"", ""3PJC6uPIekc"", ""4FUIEcnvT04""]","[""Taylor Swift - Opalite (Chris Lake Remix) (Visualizer)"", ""Taylor Swift - Opalite (BUNT. Remix) (Visualizer)"", ""Taylor Swift - Opalite (Skream Remix) (Visualizer)"", ""Taylor Swift - Opalite (Ely Oaks Remix) (Visualizer)"", ""Taylor Swift - Opalite (Official Music Video)"", ""Taylor Swift - Opalite (Lyric Video)"", ""Taylor Swift - Opalite (Visualizer)""]"
2026-06-23,enchanted,Enchanted,1,98674047,,827591,18306,"[""igIfiqqVHtA""]","[""Taylor Swift - Enchanted (Taylor's Version) (Lyric Video)""]"
2026-06-23,cornelia_street,Cornelia Street,3,86810712,,760802,25082,"[""Vgt1d3eAm7A"", ""3xGvCApIEQY"", ""VikHHWrgb4Y""]","[""Taylor Swift - Cornelia Street (Live From Paris)"", ""Taylor Swift - Cornelia Street (Live From Paris)"", ""Taylor Swift - Cornelia Street (Official Audio)""]"
2026-06-23,me,Me,3,86773202,,1831811,63136,"[""DIMDgq_MYJs"", ""MA0HQG9J9Yk"", ""bqOfdv9i4sE""]","[""Taylor Swift - ME! (Live From Paris)"", ""Taylor Swift - ME! (Live on The Graham Norton Show)"", ""ME! (feat. Brendon Urie of Panic! At The Disco) (Live From The Billboard Music Awards / 2019)""]"
2026-06-23,i_bet_you_think_about_me_from_the_vault_feat_chris_stapleton,I Bet You Think About Me [From The Vault] [feat. Chris Stapleton],3,85231764,,1904364,52696,"[""5UMCrq-bBCg"", ""VN55tCajFYg"", ""AccGdO5XeZY""]","[""Taylor Swift ft. Chris Stapleton - I Bet You Think About Me (Taylor's Version) (Official Video)"", ""I Bet You Think About Me (Taylor's Version) (From The Vault) (Lyric Video)"", ""I Bet You Think About Me (Taylor's Version) (From The Vault) (Lyric Video)""]"
2026-06-23,i_can_do_it_with_a_broken_heart,I Can Do It With A Broken Heart,3,81263360,,1356625,59178,"[""b6zPqm0lLQs"", ""Sl6en1NPTYM"", ""i8_w_m6HLJ0""]","[""Taylor Swift - I Can Do It With A Broken Heart (Dombresky Remix)"", ""Taylor Swift - I Can Do It With A Broken Heart (Official Video)"", ""Taylor Swift - I Can Do It With a Broken Heart (Official Lyric Video)""]"
2026-06-23,total_surprise_share_yours_with_tsantiherochallenge_brought_to_you_by_youtube_shorts,Total Surprise Share Yours With Tsantiherochallenge Brought To You By Youtube Shorts,1,79828158,,3346526,24535,"[""lM1P2JwZ5jE""]","[""Total surprise 😉 Share yours with  #TSAntiHeroChallenge brought to you by YouTube Shorts.""]"
2026-06-23,karma_ft_ice_spice,Karma Ft Ice Spice,1,79036772,,1444852,51997,"[""XzOvgu3GPwY""]","[""Taylor Swift ft. Ice Spice - Karma (Official Music Video) ft. Ice Spice""]"
2026-06-23,lover_feat_shawn_mendes,Lover Feat Shawn Mendes,2,78009823,,1184594,29943,"[""RGJFqm1BnP4"", ""b5Zay_Hd_7Q""]","[""Taylor Swift - Lover Remix Feat. Shawn Mendes (Snow Globe Lyric Video)"", ""Taylor Swift - Lover Remix Feat. Shawn Mendes (Lyric Video)""]"
2026-06-23,champagne_problems,Champagne Problems,1,76494139,,656578,19203,"[""wMpqCRF7TKg""]","[""Taylor Swift - champagne problems (Official Lyric Video)""]"
2026-06-23,the_1,The 1,1,66806652,,710112,20027,"[""KsZ6tROaVOQ""]","[""Taylor Swift - the 1 (Official Lyric Video)""]"
2026-06-23,you_re_on_your_own_kid,You Re On Your Own Kid,1,65429580,,420792,6064,"[""7Gbg6Z70J7E""]","[""Taylor Swift - You're On Your Own, Kid (Official Lyric Video)""]"
2026-06-23,guilty_as_sin,Guilty As Sin,1,64711637,,228853,4634,"[""OOYlWF6V8t8""]","[""Taylor Swift - Guilty as Sin (Official Lyric Video)""]"
2026-06-23,its_me_sharing_all_the_problems_join_the_tsantiherochallenge_brought_to_you_by_youtube_shorts,Its Me Sharing All The Problems Join The Tsantiherochallenge Brought To You By Youtube Shorts,1,64663059,,2787799,18254,"[""IVQqOzFKN2M""]","[""It’s me, 👋 sharing ALL the problems. Join the #TSAntiHeroChallenge brought to you by YouTube Shorts""]"
2026-06-23,the_last_time_feat_gary_lightbody,The Last Time [feat. Gary Lightbody],3,64200094,,561484,14794,"[""pCH4QrSx2Jg"", ""QuijXg8wm28"", ""TfjfzDIAIGE""]","[""Taylor Swift - The Last Time (Taylor's Version) (Lyric Video) ft. Gary Lightbody"", ""Taylor Swift - The Last Time ft. Gary Lightbody"", ""\""The Last Time\"" Song Preview from RED - Now Available""]"
2026-06-23,midnight_rain,Midnight Rain,1,63530620,,489825,6491,"[""Odh9ddPUkEY""]","[""Taylor Swift - Midnight Rain (Official Lyric Video)""]"
2026-06-23,my_tears_ricochet,My Tears Ricochet,1,60703674,,529620,13526,"[""OWbDJFtHl3w""]","[""Taylor Swift – my tears ricochet (Official Lyric Video)""]"
2026-06-23,betty,Betty,2,59665188,,1043454,46676,"[""orXAg5dIMa8"", ""6TAPqXkZW_I""]","[""Taylor Swift - betty (Live from the 2020 Academy of Country Music Awards)"", ""Taylor Swift – betty (Official Lyric Video)""]"
2026-06-23,change,Change,4,56551951,,295167,20352,"[""jwWR1cQTKyw"", ""QDiyzUSx288"", ""B1jYllE0T-k"", ""FMDVWSqALRs""]","[""Taylor Swift - Change (Taylor's Version) (Lyric Video)"", ""Taylor Swift - Change (Live From Clear Channel Stripped 2008 / Audio)"", ""Taylor Swift - Change"", ""Taylor Swift - Change (Live)""]"
2026-06-23,tim_mcgraw,Tim Mcgraw,1,55959536,,375894,25101,"[""GkD20ajVxnY""]","[""Taylor Swift - Tim McGraw""]"
2026-06-23,paper_rings,Paper Rings,1,55378088,,522665,9952,"[""8zdg-pDF10g""]","[""Taylor Swift - Paper Rings (Official Audio)""]"
2026-06-23,i_can_see_you,I Can See You,3,55290990,,1478491,53432,"[""AFzzgQ7uCw4"", ""lVkKLf4DCn8"", ""jOD86iMAEY0""]","[""I Can See You (From The Vault) (Behind the Scenes with Joey King, Taylor Lautner & Presley Cash)"", ""Taylor Swift - I Can See You (Taylor’s Version) (From The Vault) (Official Video)"", ""Taylor Swift - I Can See You (Taylor’s Version) (From The Vault) (Lyric Video)""]"
2026-06-23,its_me_benjamin_joining_the_tsantiherochallenge_brought_to_you_by_youtube_shorts,Its Me Benjamin Joining The Tsantiherochallenge Brought To You By Youtube Shorts,1,53270930,,2870114,15461,"[""ijjGqwdXa1c""]","[""It’s me, Benjamin 🐱 joining the #TSAntiHeroChallenge brought to you by YouTube Shorts""]"
2026-06-23,mr_perfectly_fine,Mr Perfectly Fine,1,51120790,,709576,37569,"[""rFjJs6ZjPe8""]","[""Taylor Swift - Mr. Perfectly Fine (Taylor’s Version) (From The Vault) (Lyric Video)""]"
2026-06-23,the_archer,The Archer,2,47148100,,779066,40086,"[""d_2WyBcFbFY"", ""8KpKc3C9V3w""]","[""Taylor Swift - The Archer (Live From Paris)"", ""Taylor Swift - The Archer (Lyric Video)""]"
2026-06-23,long_live,Long Live,1,46883448,,283975,8394,"[""F5TMU6916U8""]","[""Taylor Swift - Long Live (Taylor's Version) (Lyric Video)""]"
2026-06-23,london_boy,London Boy,1,45746693,,334946,12955,"[""VsKoOH6DVys""]","[""Taylor Swift - London Boy (Official Audio)""]"
2026-06-23,miss_americana_and_the_heartbreak_prince,Miss Americana And The Heartbreak Prince,1,44706129,,349494,9692,"[""Kwf7P2GNAVw""]","[""Taylor Swift - Miss Americana & The Heartbreak Prince (Official Audio)""]"
2026-06-23,the_best_day,The Best Day,3,43016430,,720453,29743,"[""n0cde-Km05o"", ""KZeI9I875Ig"", ""l4_6eQm7RTQ""]","[""Taylor Swift - The Best Day (Taylor's Version) (Official Music Video)"", ""Taylor Swift - The Best Day (Taylor's Version) (Lyric Video)"", ""Taylor Swift - The Best Day""]"
2026-06-23,i_m_only_me_when_i_m_with_you,I M Only Me When I M With You,1,42492142,,191703,10770,"[""AlTfYj7q5gQ""]","[""Taylor Swift - I'm Only Me When I'm With You""]"
2026-06-23,maroon,Maroon,1,40700509,,287375,5234,"[""lvHZjvIyqsk""]","[""Taylor Swift - Maroon (Official Lyric Video)""]"
2026-06-23,karma,Karma,3,40653617,,696795,23693,"[""ZwK7hrDC5UM"", ""Hoi-PI8QpTU"", ""rg18Kf4en2o""]","[""Karma (feat. Ice Spice) (Behind the Scenes)"", ""Taylor Swift ft. Ice Spice - Karma (Official Visualizer)"", ""Taylor Swift - Karma (Lyric Video)""]"
2026-06-23,snow_on_the_beach_ft_lana_del_rey,Snow On The Beach Ft Lana Del Rey,1,39178992,,460518,8932,"[""ycE7bUq3-2k""]","[""Taylor Swift - Snow On The Beach (Lyric Video) ft. Lana Del Rey""]"
2026-06-23,right_where_you_left_me,Right Where You Left Me,1,39154521,,455917,16407,"[""Ur_wAcYDnuA""]","[""Taylor Swift - right where you left me (Official Lyric Video)""]"
2026-06-23,down_bad,Down Bad,1,37819617,,190933,4574,"[""EVbtjaWXQVg""]","[""Taylor Swift - Down Bad (Official Lyric Video)""]"
2026-06-23,you_re_losing_me,You Re Losing Me,1,36901305,,393937,21044,"[""pQq9eP5OFhw""]","[""Taylor Swift - You're Losing Me (From The Vault)""]"
2026-06-23,the_life_of_a_showgirl_dressing_room_rehearsal_version,The Life of a Showgirl [Dressing Room Rehearsal Version],7,36567314,,754762,25994,"[""OU6362Nggg0"", ""slUhVTAznMo"", ""V9ED1fR21U0"", ""zqaLqctWP28"", ""BLFnkfAc7iY"", ""0Xh9s_3uRO8"", ""w_DD-7_zVtw""]","[""Taylor Swift - The Life of a Showgirl (Feat. Sabrina Carpenter) (Lyric Video)"", ""Taylor Swift - The Life of a Showgirl (feat. Sabrina Carpenter) (Visualizer)"", ""The Life of a Showgirl: The Crowd is Your King Edition only at Target"", ""The Life of a Showgirl: The Tiny Bubbles in Champagne Vinyl Collection ❤️‍🔥"", ""The Life of a Showgirl: Baby, That’s Show Business Vinyl Collection is available now on my site❤️‍🔥"", ""The Life of a Showgirl: The Shiny Bug Vinyl Collection is available now on my site for 48 hours❤️‍🔥"", ""And, baby, that’s show business for you. New album The Life of a Showgirl. Out October 3  ❤️‍🔥""]"
2026-06-23,elizabeth_taylor,Elizabeth Taylor,3,36446270,,451093,18988,"[""WqbJT_vC0rs"", ""7X5iDKPrZH0"", ""4Mg_Qtr6Osg""]","[""Taylor Swift - Elizabeth Taylor (Official Music Video)"", ""Taylor Swift - Elizabeth Taylor (Lyric Video)"", ""Taylor Swift - Elizabeth Taylor (Visualizer)""]"
2026-06-23,speak_now,Speak Now,2,35494795,,360425,15277,"[""JlZnvyBqceY"", ""4wUPASp2hfY""]","[""Taylor Swift - Speak Now (Taylor's Version) (Lyric Video)"", ""Taylor Swift - Speak Now (Live on Letterman)""]"
2026-06-23,is_it_over_now,Is It Over Now,1,35344031,,294616,8374,"[""tNxUxm3-658""]","[""Taylor Swift - Is It Over Now? (Taylor's Version) (From The Vault) (Lyric Video)""]"
2026-06-23,afterglow,Afterglow,1,35048217,,317285,6940,"[""8HxbqAsppwU""]","[""Taylor Swift - Afterglow (Official Audio)""]"
2026-06-23,message_in_a_bottle,Message In A Bottle,2,34223571,,436813,14576,"[""mCWRjuhRRYg"", ""cVaG6adE2mA""]","[""Taylor Swift - Message In A Bottle (Fat Max G Remix) (Taylor’s Version) (Visualizer)"", ""Taylor Swift - Message In A Bottle (Taylor's Version) (From The Vault) (Lyric Video)""]"
2026-06-23,invisible_string,Invisible String,1,33891688,,350312,9686,"[""OuFnpmGwg5k""]","[""Taylor Swift – invisible string (Official Lyric Video)""]"
2026-06-23,whos_afraid_of_little_old_me,Whos Afraid Of Little Old Me,1,33145292,,235593,7532,"[""vOZFiX6hDXQ""]","[""Taylor Swift - Who’s Afraid of Little Old Me? (Official Lyric Video)""]"
2026-06-23,illicit_affairs,Illicit Affairs,1,33090709,,325493,7647,"[""MLV2SJKWk4M""]","[""Taylor Swift – illicit affairs (Official Lyric Video)""]"
2026-06-23,mirrorball,Mirrorball,1,32978037,,349120,8966,"[""KaM1bCuG4xo""]","[""Taylor Swift – mirrorball (Official Lyric Video)""]"
2026-06-23,loml,Loml,1,32968019,,173579,4459,"[""GZ4vaTRn0HU""]","[""Taylor Swift - loml (Official Lyric Video)""]"
2026-06-23,the_last_great_american_dynasty,The Last Great American Dynasty,1,31795291,,369553,11911,"[""2s5xdY6MCeI""]","[""Taylor Swift - the last great american dynasty (Official Lyric Video)""]"
2026-06-23,i_forgot_that_you_existed,I Forgot That You Existed,1,31527296,,343350,8387,"[""p1cEvNn88jM""]","[""Taylor Swift - I Forgot That You Existed (Official Audio)""]"
2026-06-23,this_love,This Love,1,29467346,,553285,23719,"[""mvxQYPR4lmU""]","[""Taylor Swift - This Love (Taylor's Version) (Lyric Video)""]"
2026-06-23,no_body_no_crime_ft_haim,No Body No Crime Ft Haim,1,29268233,,446301,14692,"[""IEPomqor2A8""]","[""Taylor Swift - no body, no crime (Official Lyric Video) ft. HAIM""]"
2026-06-23,so_high_school,So High School,1,29157118,,185250,5502,"[""w-FkV0EM_CU""]","[""Taylor Swift -  So High School (Official Lyric Video)""]"
2026-06-23,the_great_war,The Great War,1,29142049,,232377,4106,"[""iFX6_9h7th0""]","[""Taylor Swift - The Great War (Official Lyric Video)""]"
2026-06-23,christmas_tree_farm,Christmas Tree Farm,2,29010950,,849077,32265,"[""mN3rDTAdM2o"", ""Ozk8xq0Lp1g""]","[""Taylor Swift - Christmas Tree Farm"", ""Taylor Swift - Christmas Tree Farm (Lyric Video)""]"
2026-06-23,my_boy_only_breaks_his_favorite_toys,My Boy Only Breaks His Favorite Toys,1,28024750,,156080,3610,"[""wRKXAAV6jh4""]","[""Taylor Swift - My Boy Only Breaks His Favorite Toys (Official Lyric Video)""]"
2026-06-23,this_is_me_trying,This Is Me Trying,1,27947254,,354977,9715,"[""9bdLTPNrlEg""]","[""Taylor Swift – this is me trying (Official Lyric Video)""]"
2026-06-23,father_figure,Father Figure,2,27057570,,193224,8669,"[""98SmlWOKuME"", ""b3hW8c9mmLQ""]","[""Taylor Swift - Father Figure (Lyric Video)"", ""Taylor Swift - Father Figure (Visualizer)""]"
2026-06-23,so_long_london,So Long London,1,26569572,,169512,4300,"[""CCUr2pNJft4""]","[""Taylor Swift - So Long, London (Official Lyric Video)""]"
2026-06-23,but_daddy_i_love_him,But Daddy I Love Him,1,26554149,,171316,4863,"[""U2W173hRfyA""]","[""Taylor Swift - But Daddy I Love Him (Official Lyric Video)""]"
2026-06-23,welcome_to_new_york,Welcome To New York,1,26210724,,259500,8762,"[""FsGdznlfE2U""]","[""Taylor Swift - Welcome To New York (Taylor's Version) (Lyric Video)""]"
2026-06-23,false_god,False God,2,25966945,,400774,9879,"[""kjD3LoXp-Pw"", ""acQXa5ArHIk""]","[""Taylor Swift - \""False God\"" (Live on Saturday Night Live / 2019)"", ""Taylor Swift - False God (Official Audio)""]"
2026-06-23,tolerate_it,Tolerate It,1,25819257,,301215,8993,"[""ukxEKY_7MOc""]","[""Taylor Swift - tolerate it (Official Lyric Video)""]"
2026-06-23,wi_h_li_t,Wi H Li T,2,25502460,,211060,8991,"[""wqgUzLHgNMI"", ""mC54kTYa9oI""]","[""Taylor Swift - Wi$h Li$t (Lyric Video)"", ""Taylor Swift - Wi$h Li$t (Visualizer)""]"
2026-06-23,seven,Seven,1,25218632,,327785,12263,"[""pEY-GPsru_E""]","[""Taylor Swift – seven (Official Lyric Video)""]"
2026-06-23,taylor_performs_wildest_dreams_at_the_grammy_museum,Taylor Performs Wildest Dreams At The Grammy Museum,1,24870859,,432248,14103,"[""OGDkg3QiJmk""]","[""Taylor Performs \""Wildest Dreams\"" at The GRAMMY Museum""]"
2026-06-23,taylor_performs_blank_space_at_the_grammy_museum,Taylor Performs Blank Space At The Grammy Museum,1,24679820,,482237,13879,"[""p1Zt47V3pPw""]","[""Taylor performs \""Blank Space\"" at The GRAMMY Museum""]"
2026-06-23,death_by_a_thousand_cuts,Death By A Thousand Cuts,2,23917522,,277589,7055,"[""rqsmrSyLTNM"", ""GTEFSuFfgnU""]","[""Taylor Swift - Death By A Thousand Cuts (Live From Paris)"", ""Taylor Swift - Death By A Thousand Cuts (Official Audio)""]"
2026-06-23,would_ve_could_ve_should_ve,Would Ve Could Ve Should Ve,1,23803476,,239203,5777,"[""B-MfwP_RmHY""]","[""Taylor Swift - Would've, Could've, Should've (Official Lyric Video)""]"
2026-06-23,evermore_ft_bon_iver,Evermore Ft Bon Iver,1,23400742,,369338,11999,"[""EXLgZZE072g""]","[""Taylor Swift - evermore (Official Lyric Video) ft. Bon Iver""]"
2026-06-23,all_too_well_recorded_at_long_pond_studios,All Too Well Recorded At Long Pond Studios,2,22716705,,763778,24108,"[""gRo0ZtgB2io"", ""r0yq_yXFQhg""]","[""All Too Well (Sad Girl Autumn Version) - Recorded at Long Pond Studios (Lyric Video)"", ""Taylor Swift - All Too Well (Sad Girl Autumn Version) - Recorded at Long Pond Studios""]"
2026-06-23,now_that_we_don_t_talk,Now That We Don T Talk,1,22516179,,214033,5547,"[""yF4ulRTCn44""]","[""Taylor Swift - Now That We Don't Talk (Taylor's Version) (From The Vault) (Lyric Video)""]"
2026-06-23,i_think_he_knows,I Think He Knows,1,21106191,,220341,5843,"[""2d1wKn-oJnA""]","[""Taylor Swift - I Think He Knows (Official Audio)""]"
2026-06-23,better_man,Better Man,1,21001619,,245313,5192,"[""PReSQYTFvcs""]","[""Taylor Swift - Better Man (Taylor's Version) (From The Vault) (Lyric Video)""]"
2026-06-23,the_prophecy,The Prophecy,1,20696652,,131506,3358,"[""_PsBoqNwYo4""]","[""Taylor Swift - The Prophecy (Official Lyric Video)""]"
2026-06-23,taylor_swift_s_gift_giving_of_2014_swiftmas,Taylor Swift S Gift Giving Of 2014 Swiftmas,1,20152622,,187613,16690,"[""j3yyF31jbKo""]","[""Taylor Swift's Gift Giving of 2014 | SWIFTMAS""]"
2026-06-23,mastermind,Mastermind,1,20135331,,180189,3312,"[""Tmz1lz0zcLQ""]","[""Taylor Swift - Mastermind (Official Lyric Video)""]"
2026-06-23,the_alchemy,The Alchemy,1,19985418,,119543,2942,"[""iMMUAd66vxo""]","[""Taylor Swift - The Alchemy (Official Lyric Video)""]"
2026-06-23,the_smallest_man_who_ever_lived,The Smallest Man Who Ever Lived,1,19903403,,122796,3873,"[""Atdzfj8LcuY""]","[""Taylor Swift - The Smallest Man Who Ever Lived (Official Lyric Video)""]"
2026-06-23,vigilante_shit,Vigilante Shit,1,19894479,,256855,4304,"[""Uoey4W_3bos""]","[""Taylor Swift - Vigilante Shit (Official Lyric Video)""]"
2026-06-23,gold_rush,Gold Rush,1,19801647,,284033,8926,"[""Pz-f9mM3Ms8""]","[""Taylor Swift - gold rush (Official Lyric Video)""]"
2026-06-23,the_tortured_poets_department,The Tortured Poets Department,1,19530404,,167733,5606,"[""RQMz4JDbtmI""]","[""Taylor Swift - The Tortured Poets Department (Official Lyric Video)""]"
2026-06-23,cancelled,Cancelled,2,19453548,,191375,15822,"[""F-5XoUZ42Tc"", ""Ij6SgmK8KGQ""]","[""Taylor Swift - CANCELLED! (Lyric Video)"", ""Taylor Swift - CANCELLED! (Visualizer)""]"
2026-06-23,wood,Wood,2,19018242,,162703,8597,"[""6m50keINEOI"", ""erilCNjng-g""]","[""Taylor Swift - Wood (Lyric Video)"", ""Taylor Swift - Wood (Visualizer)""]"
2026-06-23,actually_romantic,Actually Romantic,2,18891574,,176337,11382,"[""FnEg1RgmqO4"", ""ShsfUTynzQU""]","[""Taylor Swift - Actually Romantic (Lyric Video)"", ""Taylor Swift - Actually Romantic (Visualizer)""]"
2026-06-23,say_don_t_go,Say Don T Go,1,18857960,,186596,4723,"[""C-z-IckrQK8""]","[""Taylor Swift - Say Don't Go (Taylor's Version) (From The Vault) (Lyric Video)""]"
2026-06-23,eyes_open,Eyes Open,1,18772885,,174676,11253,"[""8hsVICl7d8k""]","[""Taylor Swift - Eyes Open (Lyric Version)""]"
2026-06-23,the_lakes,The Lakes,2,18714434,,572220,29533,"[""y8tF0yRl8-w"", ""tOHcAc3r2kw""]","[""taylor swift - the lakes (original version) [audio]"", ""Taylor Swift - the lakes (Official Lyric Video)""]"
2026-06-23,shake_it_off_outtakes_video_1_the_cheerleaders,Shake It Off Outtakes Video 1 The Cheerleaders,1,18669570,,168753,3968,"[""TEpTNFHHjNg""]","[""Taylor Swift - Shake It Off Outtakes Video #1 - The Cheerleaders (Behind The Scenes Video)""]"
2026-06-23,tis_the_damn_season,Tis The Damn Season,1,18339121,,234533,6148,"[""WuvhOD-mP8M""]","[""Taylor Swift - ‘tis the damn season (Official Lyric Video)""]"
2026-06-23,ivy,Ivy,1,18274674,,223813,7375,"[""9nIOx-ezlzA""]","[""Taylor Swift - ivy (Official Lyric Video)""]"
2026-06-23,labyrinth,Labyrinth,1,18192555,,212585,2671,"[""xTXsKMXUi7w""]","[""Taylor Swift - Labyrinth (Lyric Video)""]"
2026-06-23,snow_on_the_beach,Snow On The Beach,1,17999813,,362917,14468,"[""2CnUYMmEHrs""]","[""Taylor Swift - Snow On The Beach (Feat. More Lana Del Rey)""]"
2026-06-23,ruin_the_friendship,Ruin The Friendship,2,17597548,,169186,6284,"[""WQCPl5rTMDQ"", ""RId6LV1wtQY""]","[""Taylor Swift - Ruin The Friendship (Lyric Video)"", ""Taylor Swift - Ruin the Friendship (Visualizer)""]"
2026-06-23,marjorie,Marjorie,1,17342206,,346240,12422,"[""hP6QpMeSG6s""]","[""Taylor Swift - marjorie (Official Lyric Video)""]"
2026-06-23,slut,Slut,1,17093875,,284724,5857,"[""qrxsceexTBw""]","[""Taylor Swift - \""Slut!\"" (Taylor's Version) (From The Vault) (Lyric Video)""]"
2026-06-23,eldest_daughter,Eldest Daughter,2,16616957,,200865,7630,"[""HwQnW_ZRKhc"", ""rc6NKSVv2fw""]","[""Taylor Swift - Eldest Daughter (Lyric Video)"", ""Taylor Swift - Eldest Daughter (Visualizer)""]"
2026-06-23,clean,Clean,1,16488402,,176483,4370,"[""AppsjTInqiw""]","[""Taylor Swift - Clean (Taylor's Version) (Lyric Video)""]"
2026-06-23,lover_s_lounge,Lover S Lounge,1,16390390,,,4602,"[""dDO6HnY7h24""]","[""Taylor Swift - Lover's Lounge (Live)""]"
2026-06-23,imgonnagetyouback,Imgonnagetyouback,1,16356698,,92332,2786,"[""SBGdvxi2JmU""]","[""Taylor Swift - imgonnagetyouback (Official Lyric Video)""]"
2026-06-23,florida,Florida,1,16188847,,121514,3713,"[""uEssK8o3jKg""]","[""Taylor Swift - Florida!!! (feat. Florence + The Machine) (Official Lyric Video)""]"
2026-06-23,question,Question,1,16077656,,158966,2758,"[""xxrf_QBD5DE""]","[""Taylor Swift - Question...? (Official Lyric Video)""]"
2026-06-23,babe,Babe,1,15735780,,201850,5024,"[""3pj39qZZYoQ""]","[""Taylor Swift - Babe (Taylor's Version) (From The Vault) (Lyric Video)""]"
2026-06-23,taylor_swift_the_eras_tour_concert_film_official_trailer,Taylor Swift The Eras Tour Concert Film Official Trailer,1,15406098,,435742,20202,"[""KudedLV0tP0""]","[""TAYLOR SWIFT | THE ERAS TOUR Concert Film Official Trailer""]"
2026-06-23,mad_woman,Mad Woman,1,15405771,,263387,8515,"[""6DP4q_1EgQQ""]","[""Taylor Swift – mad woman (Official Lyric Video)""]"
2026-06-23,hits_different,Hits Different,1,15167018,,207334,7529,"[""_f4yoKJL7IQ""]","[""Taylor Swift - Hits Different""]"
2026-06-23,hoax,Hoax,1,14845031,,281101,8984,"[""ryLGxpjwAhM""]","[""Taylor Swift – hoax (Official Lyric Video)""]"
2026-06-23,coney_island_ft_the_national,Coney Island Ft The National,1,14843764,,184852,6540,"[""c_p_TBaHvos""]","[""Taylor Swift - coney island (Lyric Video) ft. The National""]"
2026-06-23,cowboy_like_me,Cowboy Like Me,1,14781259,,184553,7115,"[""YPlNBb6I8qU""]","[""Taylor Swift - cowboy like me (Official Lyric Video)""]"
2026-06-23,dear_john,Dear John,1,14744915,,163857,4677,"[""N-FYySSy0rM""]","[""Taylor Swift - Dear John (Taylor's Version) (Lyric Video)""]"
2026-06-23,only_the_young,Only The Young,1,14581954,,402179,16598,"[""GJU-S1t2r1M""]","[""Taylor Swift - Only The Young (Featured in Miss Americana / Lyric Video)""]"
2026-06-23,last_kiss,Last Kiss,1,14480103,,139522,3886,"[""idWma942CUI""]","[""Taylor Swift - Last Kiss (Taylor's Version) (Lyric Video)""]"
2026-06-23,long_story_short,Long Story Short,1,13987101,,211992,5240,"[""rqQHa2HcGtM""]","[""Taylor Swift - long story short (Official Lyric Video)""]"
2026-06-23,fresh_out_the_slammer,Fresh Out The Slammer,1,13954873,,96796,2630,"[""0EKbEP2L32M""]","[""Taylor Swift - Fresh Out The Slammer (Official Lyric Video)""]"
2026-06-23,livestream_announcement,Livestream Announcement,1,13839105,,78775,4711,"[""PWdT2ONbJbc""]","[""Taylor Swift - Livestream Announcement (8/22/19 @ 5pm EST)""]"
2026-06-23,sweet_nothing,Sweet Nothing,1,13834331,,158041,2621,"[""rn0brgg2BpI""]","[""Taylor Swift - Sweet Nothing (Official Lyric Video)""]"
2026-06-23,bad_blood,Bad Blood,1,13664599,,192539,5482,"[""lUvBk4owRNU""]","[""Taylor Swift - Bad Blood (Taylor's Version) (Lyric Video)""]"
2026-06-23,epiphany,Epiphany,1,13661257,,239743,9875,"[""DUnDkI7l9LQ""]","[""Taylor Swift – epiphany (Official Lyric Video)""]"
2026-06-23,dorothea,Dorothea,1,13611874,,266741,9263,"[""zI4DS5GmQWE""]","[""Taylor Swift - dorothea (Official Lyric Video)""]"
2026-06-23,jenny_from_the_block,Jenny From The Block,1,13382035,,119306,3695,"[""FTA4kzsTmxc""]","[""Taylor Swift and Jennifer Lopez: Jenny from the Block""]"
2026-06-23,honey,Honey,2,13345561,,145198,6282,"[""4-EzK5UB40U"", ""9Sx8MWI8qTU""]","[""Taylor Swift - Honey (Lyric Video)"", ""Taylor Swift - Honey (Visualizer)""]"
2026-06-23,13_days_til_we_return_speak_now_to_its_mother,13 Days Til We Return Speak Now To Its Mother,1,12985259,,547120,12689,"[""yJTfs8YS2w0""]","[""13 days til we return Speak Now to its mother 😝""]"
2026-06-23,state_of_grace,State Of Grace,2,12931242,,280618,9036,"[""D3mJe28un4M"", ""-mrC5tRkxrY""]","[""Taylor Swift - State Of Grace (Acoustic Version) (Taylor's Version) (Lyric Video)"", ""Taylor Swift - State Of Grace (Taylor's Version) (Lyric Video)""]"
2026-06-23,its_time_to_go,Its Time To Go,1,12640449,,306077,10416,"[""1iRbIYkccgw""]","[""Taylor Swift - it’s time to go (Official Lyric Video)""]"
2026-06-23,carolina,Carolina,2,12450812,,453192,16686,"[""egxyRSb_XtI"", ""3Q94kA7llGw""]","[""Taylor Swift - Carolina (From The Motion Picture “Where The Crawdads Sing” / Lyric Video)"", ""Taylor Swift - Carolina (From The Motion Picture “Where The Crawdads Sing” / Audio)""]"
2026-06-23,bigger_than_the_whole_sky,Bigger Than The Whole Sky,1,12181546,,167756,4405,"[""l8Tps3PITx4""]","[""Taylor Swift - Bigger Than The Whole Sky (Lyric Video)""]"
2026-06-23,you_are_in_love,You Are In Love,1,12152251,,131277,3503,"[""M7ySK0keirY""]","[""Taylor Swift - You Are In Love (Taylor's Version) (Lyric Video)""]"
2026-06-23,peter,Peter,1,12032140,,89604,3163,"[""Mxxswu7V1Us""]","[""Taylor Swift - Peter (Official Lyric Video)""]"
2026-06-23,happiness,Happiness,1,11970879,,213557,6881,"[""tP4TTgt4nb0""]","[""Taylor Swift - happiness (Official Lyric Video)""]"
2026-06-23,come_back_be_here,Come Back Be Here,1,11853900,,145044,2491,"[""hHWOAUjnmjQ""]","[""Taylor Swift - Come Back...Be Here (Taylor's Version) (Lyric Video)""]"
2026-06-23,the_black_dog,The Black Dog,1,11816992,,100404,2980,"[""56TZ3B8Qxsk""]","[""Taylor Swift - The Black Dog (Official Lyric Video)""]"
2026-06-23,the_very_first_night,The Very First Night,1,11679117,,171709,3542,"[""rVuyi-dPMIc""]","[""Taylor Swift - The Very First Night (Taylor's Version) (From The Vault) (Lyric Video)""]"
2026-06-23,better_than_revenge,Better Than Revenge,1,11482552,,184287,6149,"[""EH70M5OeS4o""]","[""Taylor Swift - Better Than Revenge (Taylor's Version) (Lyric Video)""]"
2026-06-23,peace,Peace,1,11454528,,206997,6718,"[""HpxX4ZE4KWE""]","[""Taylor Swift – peace (Official Lyric Video)""]"
2026-06-23,cardigan_august_willow,Cardigan August Willow,1,11440535,,593532,28131,"[""Uzii44SDYFA""]","[""Taylor Swift - cardigan / august / willow (Live From The 63rd GRAMMYs ® / 2021)""]"
2026-06-23,nothing_new_from_the_vault_feat_phoebe_bridgers,Nothing New [From The Vault] [feat. Phoebe Bridgers],1,11380860,,200490,4535,"[""m3fWCRvz5JA""]","[""Nothing New (Taylor's Version) (From The Vault) (Lyric Video)""]"
2026-06-23,how_did_it_end,How Did It End,1,11320369,,83372,2296,"[""O3wlMR0y4a4""]","[""Taylor Swift - How Did It End? (Official Lyric Video)""]"
2026-06-23,timeless,Timeless,1,11272499,,163568,4641,"[""osmzwWw4RYM""]","[""Taylor Swift - Timeless (Taylor’s Version) (From The Vault) (Lyric Video)""]"
2026-06-23,high_infidelity,High Infidelity,1,11248051,,132733,3344,"[""-qee6dFKlw4""]","[""Taylor Swift - High Infidelity (Official Lyric Video)""]"
2026-06-23,untouchable,Untouchable,2,11182057,,144453,4695,"[""8bNlGwnEUAs"", ""o_CgCUINYmQ""]","[""Taylor Swift - Untouchable (Taylor's Version) (Lyric Video)"", ""Taylor Swift - Untouchable (Live From Clear Channel Stripped 2008 / Audio)""]"
2026-06-23,performances_from_red_album,Performances From Red Album,1,11116635,,216015,11187,"[""2obMo7y-rvA""]","[""Taylor Swift - Acoustic Performances from RED Album""]"
2026-06-23,shake_it_off_outtakes_video_8_the_director,Shake It Off Outtakes Video 8 The Director,1,10963826,,91673,1984,"[""DqZOcABIgTk""]","[""Taylor Swift - Shake It Off Outtakes Video #8 - The Director""]"
2026-06-23,breathe_karaoke_version,Breathe [Karaoke Version],1,10857712,,164486,5404,"[""qsUK-BG5OQQ""]","[""Taylor Swift - Breathe (Taylor's Version) (Lyric Video) ft. Colbie Caillat""]"
2026-06-23,paris,Paris,1,10855535,,126044,2185,"[""ySZGZrcqvr4""]","[""Taylor Swift - Paris (Official Lyric Video)""]"
2026-06-23,soon_youll_get_better_ft_the_chicks,Soon Youll Get Better Ft The Chicks,1,10764886,,172347,6765,"[""tMoW5G5LU08""]","[""Taylor Swift - Soon You’ll Get Better (Official Audio) ft. The Chicks""]"
2026-06-23,foolish_one,Foolish One,1,10761182,,141565,4952,"[""6-x1AlDudZw""]","[""Taylor Swift - Foolish One (Taylor’s Version) (From The Vault) (Lyric Video)""]"
2026-06-23,you_re_not_sorry,You Re Not Sorry,2,10748531,,184137,5172,"[""DNaSlUYIXBg"", ""_4AaNBf9nkU""]","[""Taylor Swift - You're Not Sorry (Taylor's Version) (Lyric Video)"", ""Taylor Swift - You're Not Sorry (CSI Remix / Audio)""]"
2026-06-23,forever_and_always,Forever And Always,2,10738927,,221701,6040,"[""RcGowZ26sE0"", ""T-41vMWQTUA""]","[""Taylor Swift - Forever & Always (Piano Version) (Taylor's Version) (Lyric Video)"", ""Taylor Swift - Forever & Always (Taylor's Version) (Lyric Video)""]"
2026-06-23,shake_it_off_outtakes_video_2_the_ballerinas,Shake It Off Outtakes Video 2 The Ballerinas,1,10495793,,90885,2040,"[""kY-_D-IptZE""]","[""Taylor Swift - Shake It Off Outtakes Video #2 - The Ballerinas (Behind The Scenes Video)""]"
2026-06-23,hey_stephen,Hey Stephen,1,10108912,,171787,5758,"[""tMhiHrL7rPE""]","[""Taylor Swift - Hey Stephen (Taylor's Version) (Lyric Video)""]"
2026-06-23,you_all_over_me_from_the_vault_feat_maren_morris,You All Over Me [From The Vault] [feat. Maren Morris],1,9996730,,352294,21896,"[""XKaMUm7YwZc""]","[""Taylor Swift ft. Maren Morris - You All Over Me (From The Vault) (Official Lyric Video)""]"
2026-06-23,all_you_had_to_do_was_stay,All You Had To Do Was Stay,1,9911222,,99403,1918,"[""_Usd5X5XJXM""]","[""Taylor Swift - All You Had To Do Was Stay (Taylor's Version) (Lyric Video)""]"
2026-06-23,i_knew_it_i_knew_you,"I Knew It, I Knew You",2,9168769,,262691,8755,"[""hDU4GB1PTxc"", ""o9LcBozLplo""]","[""Taylor Swift - I Knew It, I Knew You (from Toy Story 5)"", ""“I Knew It, I Knew You” from Toy Story 5 is out everywhere now. 🤠🐴""]"
2026-06-23,delicate_music_video_dance_rehearsal_part_1,Delicate Music Video Dance Rehearsal Part 1,1,9079315,,184517,4023,"[""sEr7bAtZ8rY""]","[""Delicate Music Video Dance Rehearsal Part 1""]"
2026-06-23,run_ft_ed_sheeran,Run Ft Ed Sheeran,1,9070907,,244083,4296,"[""flv8AEWrRMI""]","[""Taylor Swift - Run (Taylor's Version) (From The Vault) (Lyric Video) ft. Ed Sheeran""]"
2026-06-23,haunted,Haunted,1,8891691,,146211,4942,"[""4cC6fw8EqWU""]","[""Taylor Swift - Haunted (Taylor's Version) (Lyric Video)""]"
2026-06-23,how_you_get_the_girl,How You Get The Girl,1,8786024,,109685,2276,"[""rnwD7veCoFQ""]","[""Taylor Swift - How You Get The Girl (Taylor's Version) (Lyric Video)""]"
2026-06-23,i_almost_do,I Almost Do,1,8728066,,139315,3063,"[""w1AV_35zVwU""]","[""Taylor Swift - I Almost Do (Taylor's Version) (Lyric Video)""]"
2026-06-23,i_hate_it_here,I Hate It Here,1,8652564,,110014,5195,"[""BpkmUfv1I4Q""]","[""Taylor Swift - I Hate It Here (Official Lyric Video)""]"
2026-06-23,angels_reputation_stadium_tour,Angels Reputation Stadium Tour,1,8620838,,103828,4227,"[""RamgJyJsep4""]","[""Taylor Swift and Robbie Williams - Angels - reputation Stadium Tour""]"
2026-06-23,out_of_the_woods_the_making_of,Out Of The Woods The Making Of,1,8573545,,216569,7700,"[""TXJlB9riS1Y""]","[""Taylor Swift - Out Of The Woods – The Making Of""]"
2026-06-23,its_nice_to_have_a_friend,Its Nice To Have A Friend,1,8451116,,143449,6067,"[""eaP1VswBF28""]","[""Taylor Swift - It’s Nice To Have A Friend (Official Audio)""]"
2026-06-23,look_what_you_made_me_do_taylor_mountain,Look What You Made Me Do Taylor Mountain,1,8268741,,208452,4779,"[""XF_ARz7jTUw""]","[""Look What You Made Me Do: Taylor Mountain""]"
2026-06-23,miss_americana_official_trailer,Miss Americana Official Trailer,1,8204071,,392754,14410,"[""40RsbcFRwNA""]","[""Miss Americana | Official Trailer""]"
2026-06-23,beautiful_ghosts,Beautiful Ghosts,1,8163047,,324627,14697,"[""trIjpVH8h88""]","[""Taylor Swift - Beautiful Ghosts (From The Motion Picture \""Cats\"" / Lyric Video)""]"
2026-06-23,should_ve_said_no,Should Ve Said No,2,8153316,,129161,10448,"[""FydBi2b_eoA"", ""v9bxXO9fj98""]","[""Taylor Swift - Should've Said No (Live From Clear Channel Stripped 2008 / Audio)"", ""Should've Said No""]"
2026-06-23,shake_it_off_outtakes_video_5_the_twerkers_and_finger_tutting,Shake It Off Outtakes Video 5 The Twerkers And Finger Tutting,1,8059507,,60802,1843,"[""70Ps-GzbSfw""]","[""Shake It Off Outtakes Video #5 - The Twerkers and Finger Tutting (Behind-The-Scenes Video)""]"
2026-06-23,i_know_places,I Know Places,1,7884988,,117588,3267,"[""0jTGzm-6cYE""]","[""Taylor Swift - I Know Places (Taylor's Version) (Lyric Video)""]"
2026-06-23,the_bolter,The Bolter,1,7721829,,62449,1621,"[""bAi80EylyXQ""]","[""Taylor Swift - The Bolter (Official Lyric Video)""]"
2026-06-23,dear_reader,Dear Reader,1,7638944,,109553,2157,"[""X0Jti9F-oQA""]","[""Taylor Swift - Dear Reader (Official Lyric Video)""]"
2026-06-23,viva_la_vida,Viva La Vida,1,7578906,,175846,6639,"[""AcGbuveDwTg""]","[""Taylor Swift - Viva La Vida""]"
2026-06-23,wonderland,Wonderland,1,7571502,,109221,2551,"[""JhICcmiIE80""]","[""Taylor Swift - Wonderland (Taylor's Version) (Lyric Video)""]"
2026-06-23,look_what_you_made_me_do_zombie_transformation,Look What You Made Me Do Zombie Transformation,1,7454742,,139322,3961,"[""BKCmxyohzww""]","[""Look What You Made Me Do - Zombie Transformation""]"
2026-06-23,clara_bow,Clara Bow,1,7285380,,60148,1610,"[""fcVUbmdQfaE""]","[""Taylor Swift - Clara Bow (Official Lyric Video)""]"
2026-06-23,me_behind_the_scenes_the_story_of_benjamin_button,Me Behind The Scenes The Story Of Benjamin Button,1,7244113,,314518,10951,"[""MUf1ili4Zew""]","[""ME! Behind The Scenes: The Story of Benjamin Button""]"
2026-06-23,chloe_or_sam_or_sophia_or_marcus,Chloe Or Sam Or Sophia Or Marcus,1,7219377,,60680,1740,"[""gOtOWeD9YJk""]","[""Taylor Swift - Chloe or Sam or Sophia or Marcus (Official Lyric Video)""]"
2026-06-23,i_can_fix_him,I Can Fix Him,1,6807757,,53149,1254,"[""OKWfv-x2rdU""]","[""Taylor Swift - I Can Fix Him (No Really I Can) (Official Lyric Video)""]"
2026-06-23,treacherous,Treacherous,1,6715412,,136914,2833,"[""u1D1AgDfreg""]","[""Taylor Swift - Treacherous (Taylor's Version) (Lyric Video)""]"
2026-06-23,shake_it_off_outtakes_video_7_the_band_the_fans_and_the_extras,Shake It Off Outtakes Video 7 The Band The Fans And The Extras,1,6649518,,57061,1374,"[""s8h0tZy0HqA""]","[""Taylor Swift - Shake It Off Outtakes Video #7 - The Band, The Fans and The Extras""]"
2026-06-23,stay_stay_stay,Stay Stay Stay,1,6517271,,133366,3536,"[""OhJ-S9Nrh7Q""]","[""Taylor Swift - Stay Stay Stay (Taylor's Version) (Lyric Video)""]"
2026-06-23,thank_you_aimee,Thank You Aimee,1,6513967,,80222,4064,"[""oaBJlKXBvjk""]","[""Taylor Swift - thanK you aIMee (Official Lyric Video)""]"
2026-06-23,suburban_legends,Suburban Legends,1,6413373,,95981,2424,"[""ZGBPKYbzSXs""]","[""Taylor Swift - Suburban Legends (Taylor's Version) (From The Vault) (Lyric Video)""]"
2026-06-23,i_don_t_wanna_live_forever_bts_1_zayn_and_taylor,I Don T Wanna Live Forever Bts 1 Zayn And Taylor,1,6386690,,188741,4750,"[""QIUWI7dfnC0""]","[""I Don't Wanna Live Forever (Fifty Shades Darker) BTS 1 - Zayn & Taylor [EXTENDED]""]"
2026-06-23,shake_it_off_outtakes_video_4_the_animators,Shake It Off Outtakes Video 4 The Animators,1,6306755,,56312,1493,"[""vMWpIfxvnWo""]","[""Taylor Swift - Shake It Off Outtakes Video #4 - The Animators (Behind The Scenes Video)""]"
2026-06-23,never_grow_up,Never Grow Up,1,6232400,,111023,3781,"[""maEVfpxDB8k""]","[""Taylor Swift - Never Grow Up (Taylor's Version) (Lyric Video)""]"
2026-06-23,jump_then_fall,Jump Then Fall,1,6204404,,112066,2951,"[""vUHDR6Rg3Y4""]","[""Taylor Swift - Jump Then Fall (Taylor's Version) (Lyric Video)""]"
2026-06-23,i_wish_you_would,I Wish You Would,1,6152569,,82634,1651,"[""89aQIli8aVU""]","[""Taylor Swift - I Wish You Would (Taylor's Version) (Lyric Video)""]"
2026-06-23,castles_crumbling_feat_hayley_williams,Castles Crumbling [feat. Hayley Williams],1,6092165,,110213,3453,"[""V80A8qN4fR8""]","[""Castles Crumbling (Taylor’s Version) (From The Vault) (Lyric Video)""]"
2026-06-23,summer_forecast_cruel,Summer Forecast Cruel,1,6086910,,343850,7105,"[""okPrv0o_7GQ""]","[""Summer forecast: Cruel. 😎""]"
2026-06-23,the_moment_i_knew,The Moment I Knew,1,6051051,,115058,2712,"[""LmXn6BU16e0""]","[""Taylor Swift - The Moment I Knew (Taylor's Version) (Lyric Video)""]"
2026-06-23,demonstrating_my_fine_athletic_skills_and_more,Demonstrating My Fine Athletic Skills And More,1,5861781,,179144,10876,"[""IgZY0frgysw""]","[""Demonstrating my fine athletic skills. And more.""]"
2026-06-23,taylor_swift_reputation_stadium_tour_official_trailer_netflix,Taylor Swift Reputation Stadium Tour Official Trailer Netflix,1,5812077,,216150,14957,"[""HIb_TlK2HAI""]","[""Taylor Swift reputation Stadium Tour | Official Trailer | Netflix""]"
2026-06-23,closure,Closure,1,5724689,,140385,4716,"[""AIFnKqIeEdY""]","[""Taylor Swift - closure (Official Lyric Video)""]"
2026-06-23,whisper_hello_i_miss_you_quite_terribly,Whisper Hello I Miss You Quite Terribly,1,5699706,,21084,3095,"[""8w4A1vVaNmE""]","[""Whisper hello, I miss you quite terribly.""]"
2026-06-23,electric_touch_feat_fall_out_boy,Electric Touch [feat. Fall Out Boy],1,5532615,,107945,3051,"[""hMPK2vNXr-E""]","[""Electric Touch (Taylor’s Version) (From The Vault) (Lyric Video)""]"
2026-06-23,glitch,Glitch,1,5474563,,77166,1335,"[""Y2a73EvnZ4s""]","[""Taylor Swift - Glitch (Official Lyric Video)""]"
2026-06-23,sad_beautiful_tragic,Sad Beautiful Tragic,1,5337706,,107999,2240,"[""jQfB4Gahi3I""]","[""Taylor Swift - Sad Beautiful Tragic (Taylor's Version) (Lyric Video)""]"
2026-06-23,shake_it_off_outtakes_video_3_the_modern_dancers,Shake It Off Outtakes Video 3 The Modern Dancers,1,5302364,,57001,1092,"[""zdYy6-P_ggQ""]","[""Taylor Swift - Shake It Off Outtakes Video #3 - The Modern Dancers (Behind The Scenes Video)""]"
2026-06-23,me_behind_the_scenes_je_suis_calme,Me Behind The Scenes Je Suis Calme,1,5295667,,210523,6081,"[""lj2mZ8zDToY""]","[""ME! Behind The Scenes: Je Suis Calme""]"
2026-06-23,forever_winter_from_the_vault,Forever Winter [From The Vault],1,5274909,,118285,3037,"[""TkAomsYFsJw""]","[""Taylor Swift - Forever Winter (Taylor's Version) (From The Vault) (Lyric Video)""]"
2026-06-23,the_albatross,The Albatross,1,5206170,,49906,1139,"[""4wOsiM2T_xc""]","[""Taylor Swift - The Albatross (Official Lyric Video)""]"
2026-06-23,thats_when,Thats When,1,5142714,,127133,5006,"[""aOa6D6ku3dM""]","[""That’s When (Taylor’s Version) (From The Vault) (Lyric Video)""]"
2026-06-23,the_making_of_a_song_delicate_watch_more_on_taylor_swift_now,The Making Of A Song Delicate Watch More On Taylor Swift Now,1,5128552,,200283,5163,"[""eQVhAN7-IAw""]","[""The Making of a Song: “Delicate” – watch more on Taylor Swift NOW""]"
2026-06-23,when_emma_falls_in_love,When Emma Falls In Love,1,5053416,,99125,3133,"[""IYqgVYjN3Go""]","[""Taylor Swift - When Emma Falls in Love (Taylor’s Version) (Lyric Video)""]"
2026-06-23,shake_it_off_outtakes_video_6_the_ribbon_dancers,Shake It Off Outtakes Video 6 The Ribbon Dancers,1,5014168,,46258,1465,"[""bs5SZOHowHI""]","[""Taylor Swift - Shake It Off Outtakes Video #6 - The Ribbon Dancers (Behind The Scenes Video)""]"
2026-06-23,now_playing_the_i_can_do_it_with_a_broken_heart_music_video,Now Playing The I Can Do It With A Broken Heart Music Video,1,4998771,,304885,6949,"[""VCTze4UuC9g""]","[""✨ NOW PLAYING ✨ The “I Can Do It With A Broken Heart” Music Video 🤍""]"
2026-06-23,official_look_what_you_made_me_do_video_teaser_clip,Official Look What You Made Me Do Video Teaser Clip,1,4959428,,115135,5833,"[""iM_j8_AZJW4""]","[""Official \""Look What You Made Me Do\"" Video Teaser Clip""]"
2026-06-23,the_other_side_of_the_door,The Other Side Of The Door,1,4939408,,93699,2656,"[""425n1NoRtgA""]","[""Taylor Swift - The Other Side Of The Door (Taylor’s Version) (Lyric Video)""]"
2026-06-23,the_lucky_one,The Lucky One,1,4939327,,141355,4712,"[""4LtQxA_ooLk""]","[""Taylor Swift - The Lucky One (Taylor's Version) (Lyric Video)""]"
2026-06-23,starlight,Starlight,1,4869588,,124887,2794,"[""lPvcwgEuKTg""]","[""Taylor Swift - Starlight (Taylor's Version) (Lyric Video)""]"
2026-06-23,holy_ground,Holy Ground,1,4789152,,96006,2235,"[""S4PuN-IWi2g""]","[""Taylor Swift - Holy Ground (Taylor's Version) (Lyric Video)""]"
2026-06-23,rent_on_demand_starting_you_guessed_it_december_13,Rent On Demand Starting You Guessed It December 13,1,4746322,,325981,13541,"[""zz9YgUoisOA""]","[""Rent on demand starting … you guessed it, December 13 🫶💋""]"
2026-06-23,innocent,Innocent,1,4726076,,93643,2707,"[""vO6JqQpJboY""]","[""Taylor Swift - Innocent (Taylor's Version) (Lyric Video)""]"
2026-06-23,accidentally_going_clubbing_with_your_parents_is_something_everyone_should_try_at_least_once,Accidentally Going Clubbing With Your Parents Is Something Everyone Should Try At Least Once,1,4632167,,320100,7190,"[""ilkvTXfv2TY""]","[""accidentally going clubbing with your parents is something everyone should try at least once""]"
2026-06-23,hits_different_really_hits_different_plus_its_got_one_of_my_fav_bridges_only_avail_at_target,Hits Different Really Hits Different Plus Its Got One Of My Fav Bridges Only Avail At Target,1,4626736,,346364,4190,"[""uhjx7FemU6o""]","[""Hits Different really hits different, plus it’s got one of my fav bridges 😆 only avail at Target""]"
2026-06-23,today_was_a_fairytale,Today Was A Fairytale,1,4615684,,117499,3849,"[""xSWVPqnKcXQ""]","[""Taylor Swift - Today Was A Fairytale (Taylor's Version) (Lyric Video)""]"
2026-06-23,ronan,Ronan,1,4363082,,193505,6340,"[""kdiBc40gW7s""]","[""Taylor Swift - Ronan (Taylor's Version) (Lyric Video)""]"
2026-06-23,the_opalite_video_is_out_now_visit_taylorswift_com_for_more,The Opalite Video Is Out Now Visit Taylorswift Com For More,1,4353811,,127525,2966,"[""2Shv-eeNmY4""]","[""The Opalite video is out now. Visit TaylorSwift.com for more""]"
2026-06-23,tell_me_why,Tell Me Why,1,4277148,,93133,2390,"[""cwFbq-70EwE""]","[""Taylor Swift - Tell Me Why (Taylor's Version) (Lyric Video)""]"
2026-06-23,i_look_in_people_s_windows,I Look In People S Windows,1,4186826,,47267,1235,"[""6HIA7ouBfGY""]","[""Taylor Swift - I Look in People's Windows (Official Lyric Video)""]"
2026-06-23,girl_at_home,Girl At Home,1,3952217,,95502,2798,"[""UNckfN9upqo""]","[""Taylor Swift - Girl At Home (Taylor's Version) (Lyric Video)""]"
2026-06-23,back_in_the_office_miamitstheerastour,Back In The Office Miamitstheerastour,1,3922178,,249103,14514,"[""g_meC49cN5k""]","[""Back in the office… 😎 #MiamiTSTheErasTour""]"
2026-06-23,cassandra,Cassandra,1,3845231,,53348,2075,"[""0hYY86DmqPY""]","[""Taylor Swift - Cassandra (Official Lyric Video)""]"
2026-06-23,1989_secret_sessions_behind_the_scenes,1989 Secret Sessions Behind The Scenes,1,3822626,,92603,5139,"[""EKnl7STzSMU""]","[""1989 Secret Sessions, Behind The Scenes!""]"
2026-06-23,bye_bye_baby,Bye Bye Baby,1,3811165,,118158,4628,"[""yuFuwXd-B9E""]","[""Taylor Swift - Bye Bye Baby (Taylor’s Version) (From The Vault) (Lyric Video)""]"
2026-06-23,ready_for_it_trailer,Ready For It Trailer,1,3787087,,97348,7688,"[""GU5_g8Tmiv8""]","[""...Ready For It? Trailer""]"
2026-06-23,shes_got_4_days_left_to_rehearse_for_her_big_moment,Shes Got 4 Days Left To Rehearse For Her Big Moment,1,3664131,,161047,3020,"[""9BTFD_gX6qQ""]","[""She’s got 4️⃣ days left to rehearse for her big moment… 😂""]"
2026-06-23,the_anti_hero_makes_me_feel_hyped_enough_for_an_imaginary_funeral_brawl,The Anti Hero Makes Me Feel Hyped Enough For An Imaginary Funeral Brawl,1,3652413,,189553,1875,"[""NbS4s_6jYTg""]","[""The Anti Hero (Roosevelt remix) makes me feel hyped enough for an imaginary funeral brawl""]"
2026-06-23,dont_you,Dont You,1,3598879,,100478,3597,"[""dHdAN4FXzmc""]","[""Taylor Swift - Don’t You (Taylor’s Version) (From The Vault) (Lyric Video)""]"
2026-06-23,surprising_gena,Surprising Gena,1,3590853,,59497,3742,"[""J1LMp-jEH_k""]","[""Surprising Gena""]"
2026-06-23,thank_you,Thank You,1,3569641,,206734,8395,"[""ve_o2kq4_jY""]","[""Thank you.""]"
2026-06-23,vevocertified_pt_1_award_presentation,Vevocertified Pt 1 Award Presentation,1,3552837,,16554,1643,"[""sWgxCBXn2Y0""]","[""Taylor Swift - #VevoCertified, Pt. 1: Award Presentation""]"
2026-06-23,you_need_to_calm_down_behind_the_scenes_morning_routine,You Need To Calm Down Behind The Scenes Morning Routine,1,3533348,,146078,4340,"[""s4MN_hGvTCA""]","[""You Need To Calm Down Behind The Scenes: Morning Routine""]"
2026-06-23,were_the_problem,Were The Problem,1,3521691,,252875,2269,"[""yJ_GML26Xk4""]","[""We’re the problem""]"
2026-06-23,the_reputation_secret_sessions,The Reputation Secret Sessions,1,3460183,,155272,6440,"[""kGOmPmILndU""]","[""The reputation Secret Sessions""]"
2026-06-23,my_name_is_taylor_and_i_was_born_in_1989,My Name Is Taylor And I Was Born In 1989,1,3341523,,291739,8076,"[""vaRGgiGfsw4""]","[""✨🫶 My name is Taylor and I was born in 1989 🫶✨""]"
2026-06-23,retainers,Retainers,1,3313235,,76708,5138,"[""-zymq4JgQ7E""]","[""Retainers.""]"
2026-06-23,you_need_to_calm_down_behind_the_scenes_pop_queen_pageant,You Need To Calm Down Behind The Scenes Pop Queen Pageant,1,3237734,,166013,4463,"[""6MLzSp0OJL0""]","[""You Need To Calm Down Behind The Scenes: Pop Queen Pageant""]"
2026-06-23,i_dont_wanna_live_forever_bts_4_glitter_lip,I Dont Wanna Live Forever Bts 4 Glitter Lip,1,3155187,,71362,2396,"[""dwdtzwua2pY""]","[""Taylor Swift, ZAYN - I Don’t Wanna Live Forever (Fifty Shades Darker) BTS 4 – Glitter Lip [EXTENDED]""]"
2026-06-23,being_on_tour_everyone_ignores_me,Being On Tour Everyone Ignores Me,1,3142334,,183309,9985,"[""V3QOzyS5M4Q""]","[""Being on tour. Everyone ignores me.""]"
2026-06-23,the_manuscript,The Manuscript,1,3119947,,46234,1268,"[""iY6Qhlua8Zw""]","[""Taylor Swift - The Manuscript (Official Lyric Video)""]"
2026-06-23,the_making_of_cardigan_vevo_footnotes,The Making Of Cardigan Vevo Footnotes,1,3069330,,126867,4357,"[""GPQdWYNi8Wc""]","[""Taylor Swift - The Making of 'cardigan' | Vevo Footnotes""]"
2026-06-23,we_were_happy,We Were Happy,1,2980605,,105735,4147,"[""seU5y5EgIwk""]","[""Taylor Swift - We Were Happy (Taylor’s Version) (From The Vault)""]"
2026-06-23,first_time_hearing_i_don_t_wanna_live_forever_on_the_radio,First Time Hearing I Don T Wanna Live Forever On The Radio,1,2949622,,160527,4663,"[""fJBFvNiJ4Kw""]","[""First time hearing \""I Don't Wanna Live Forever (Fifty Shades Darker)\"" on the radio""]"
2026-06-23,i_hope_it_s_gonna_make_you_notice,I Hope It S Gonna Make You Notice,1,2908685,,35426,3386,"[""M134RqAbiwY""]","[""I hope it's gonna make you notice.""]"
2026-06-23,willow_music_video_behind_the_scenes,Willow Music Video Behind The Scenes,1,2807486,,147406,4653,"[""CYHt7_RANiY""]","[""Taylor Swift - willow (lonely witch version) - music video behind the scenes""]"
2026-06-23,the_making_of_christmas_tree_farm,The Making Of Christmas Tree Farm,1,2801512,,132971,5325,"[""O2Irnn7F1PM""]","[""Taylor Swift - The Making Of Christmas Tree Farm""]"
2026-06-23,superman,Superman,1,2748697,,57422,1675,"[""Fn0er7H1Dm0""]","[""Taylor Swift - Superman (Taylor’s Version) (Lyric Video)""]"
2026-06-23,the_eras_tour_concert_film_is_now_officially_coming_to_theaters_worldwide_on_oct_13,The Eras Tour Concert Film Is Now Officially Coming To Theaters Worldwide On Oct 13,1,2714007,,250225,6098,"[""KzNLM4nmRak""]","[""The Eras Tour concert film is now officially coming to theaters WORLDWIDE on Oct 13! 🩵""]"
2026-06-23,pre_order_1989_now_on_my_site,Pre Order 1989 Now On My Site,1,2697541,,222717,5330,"[""0FZULHCZKBc""]","[""Pre order 1989 (Taylor’s Version) now on my site 🩵😎🩵""]"
2026-06-23,superstar,Superstar,1,2590344,,71210,3066,"[""IsCik8wznlU""]","[""Taylor Swift - Superstar (Taylor's Version) (Lyric Video)""]"
2026-06-23,asia,Asia,1,2546746,,100910,8891,"[""Zmv26eqduSg""]","[""Asia! (my February video blog)""]"
2026-06-23,youtube_presents_taylor_swift,Youtube Presents Taylor Swift,1,2520184,,30208,4047,"[""OOPFMrF7v4Q""]","[""YouTube Presents Taylor Swift""]"
2026-06-23,lover_album_photoshoot_behind_the_scenes,Lover Album Photoshoot Behind The Scenes,1,2502857,,62462,1757,"[""hKcEdTPOGGw""]","[""Lover Album Photoshoot: Behind The Scenes""]"
2026-06-23,safe_and_sound,Safe And Sound,1,2459573,,22521,959,"[""dLfkQNnzh2o""]","[""Safe & Sound (The Hunger Games: Songs From District 12 And Beyond - The Collaboration)""]"
2026-06-23,meet_me_at_midnight_for_the_lavender_haze_music_video_premiere,Meet Me At Midnight For The Lavender Haze Music Video Premiere,1,2452506,,200942,2632,"[""HqDZxtMIx0M""]","[""Meet me at midnight…for the Lavender Haze music video premiere (!!!!!!!!!!!!!)""]"
2026-06-23,delicate_music_video_dance_rehearsal_part_2,Delicate Music Video Dance Rehearsal Part 2,1,2451416,,92647,1813,"[""zGSneb3McDo""]","[""Delicate Music Video Dance Rehearsal Part 2""]"
2026-06-23,come_in_with_the_rain,Come In With The Rain,1,2432125,,68065,2597,"[""ePjcjLRHPOo""]","[""Taylor Swift - Come In With The Rain (Taylor's Version) (Lyric Video)""]"
2026-06-23,robin,Robin,1,2360707,,35884,1288,"[""FQyEZZPbOb0""]","[""Taylor Swift - Robin (Official Lyric Video)""]"
2026-06-23,you_need_to_calm_down_behind_the_scenes_friends_and_neighbors,You Need To Calm Down Behind The Scenes Friends And Neighbors,1,2323379,,102817,2372,"[""SYd0pYqOJqA""]","[""You Need To Calm Down Behind The Scenes: Friends & Neighbors""]"
2026-06-23,entering_the_phantom_clear_ttpd_vinyl_into_evidence_available_exclusively_at_target_now,Entering The Phantom Clear Ttpd Vinyl Into Evidence Available Exclusively At Target Now,1,2308206,,237824,3177,"[""GhXsnvmUQrg""]","[""Entering the Phantom Clear TTPD vinyl into evidence. Available exclusively at Target now""]"
2026-06-23,october_15_2024,October 15 2024,1,2241893,,187381,5899,"[""yj1_GJiJovg""]","[""October 15, 2024""]"
2026-06-23,preview_welcome_to_new_york_by_taylor_swift,Preview Welcome To New York By Taylor Swift,1,2140865,,19014,1466,"[""81doBkpkdJQ""]","[""Preview \""Welcome To New York\"" by Taylor Swift""]"
2026-06-23,thank_you_for_making_these_reveals_so_much_chaotic_fun,Thank You For Making These Reveals So Much Chaotic Fun,1,2126496,,185324,2891,"[""US0OipWyYro""]","[""Thank you for making these reveals so much chaotic fun (which is the best kind of fun, after all 😜)""]"
2026-06-23,look_what_you_made_me_do_looks,Look What You Made Me Do Looks,1,2123113,,90790,1830,"[""np4Nw0tBun8""]","[""Look What You Made Me Do - Looks""]"
2026-06-23,tsantiherochallenge_coming_october_21_brought_to_you_by_youtube_shorts,Tsantiherochallenge Coming October 21 Brought To You By Youtube Shorts,1,2081690,,156103,1777,"[""3fUS9GAMxv4""]","[""🕰 #TSAntiHeroChallenge. Coming October 21. Brought to you by YouTube Shorts.""]"
2026-06-23,taylor_swift_web_chat_and_g_hangout,Taylor Swift Web Chat And G Hangout,1,2041010,,29047,1522,"[""P6gFma4H7fA""]","[""Taylor Swift Web Chat and G+ Hangout""]"
2026-06-23,willow_dancing_witch_version,Willow Dancing Witch Version,1,1968963,,89489,4245,"[""qAGef4MdPdE""]","[""Taylor Swift - willow - dancing witch version (Elvira remix)""]"
2026-06-23,meredith_learns_about_acm_voting,Meredith Learns About Acm Voting,1,1958922,,57905,4281,"[""FvodYNcH13Q""]","[""Meredith learns about ACM voting...""]"
2026-06-23,a_message_for_the_department_forafortnightchallenge_coming_soon_to_youtube_shorts,A Message For The Department Forafortnightchallenge Coming Soon To Youtube Shorts,1,1936848,,157566,1937,"[""QBllgPHa8aQ""]","[""A message for the department 🤍#ForAFortnightChallenge coming soon to YouTube Shorts""]"
2026-06-23,the_ttpd_timetable,The Ttpd Timetable,1,1933663,,203247,3914,"[""RlDSGLHcZy0""]","[""The TTPD Timetable""]"
2026-06-23,mark_your_calendars_meet_the_midnights_manifest,Mark Your Calendars Meet The Midnights Manifest,1,1873221,,149635,1350,"[""Jo-8VaRU4ok""]","[""Mark your calendars! Meet the Midnights Manifest 📜""]"
2026-06-23,how_to_be_a_cat,How To Be A Cat,1,1841424,,172168,4864,"[""hNHBVaFueYw""]","[""How To Be A Cat""]"
2026-06-23,vevocertified_pt_5_you_belong_with_me,Vevocertified Pt 5 You Belong With Me,1,1810025,,18635,1577,"[""5FODVFJZlTg""]","[""Taylor Swift - #VevoCertified, Pt. 5: You Belong With Me (Taylor Commentary)""]"
2026-06-23,the_tssummer2025_collection_available_at_store_taylorswift_com_while_supplies_last,The Tssummer2025 Collection Available At Store Taylorswift Com While Supplies Last,1,1787861,,78087,2464,"[""58zLBjzfd4M""]","[""The #TSSummer2025 collection. Available at store.taylorswift.com while supplies last! ☀️""]"
2026-06-23,all_too_well_official_trailer,All Too Well Official Trailer,1,1767658,,200685,13175,"[""t0Yf43ONyNo""]","[""All Too Well (The Short Film) | Official Trailer""]"
2026-06-23,wonderstruck_taylor_swift_chapter_1,Wonderstruck Taylor Swift Chapter 1,1,1699319,,25737,2097,"[""woiScNulLyE""]","[""Wonderstruck Taylor Swift Chapter 1""]"
2026-06-23,speak_now_deluxe_edition_only_at_target,Speak Now Deluxe Edition Only At Target,1,1698404,,72958,2541,"[""5jKcG86bNRs""]","[""Speak Now Deluxe Edition - Only at Target""]"
2026-06-23,folklore_the_long_pond_studio_sessions_official_trailer_disney,Folklore The Long Pond Studio Sessions Official Trailer Disney,1,1574872,,154877,11158,"[""jgdFUoZzCI0""]","[""Taylor Swift – folklore: the long pond studio sessions | Official Trailer | Disney+""]"
2026-06-23,shot_camera_commercial,Shot Camera Commercial,1,1559957,,21292,1794,"[""uhHMWLjL77U""]","[""Taylor Swift Sony TX7 Cyber-shot Camera Commercial""]"
2026-06-23,you_change_your_mind_like_a_girl_changes_clothes,You Change Your Mind Like A Girl Changes Clothes,1,1530930,,22678,2098,"[""RLmmqQNEM_I""]","[""You change your mind like a girl changes clothes.""]"
2026-06-23,safe_and_sound_ft_the_civil_wars,Safe And Sound Ft The Civil Wars,1,1502097,,21936,1096,"[""xDJLsPd6NdY""]","[""Taylor Swift - Safe & Sound (Behind The Scenes) ft. The Civil Wars""]"
2026-06-23,it_fills_me_with_such_pride_and_joy_to_announce_that_my_version_of_speak_now_will_be_out_july_7,It Fills Me With Such Pride And Joy To Announce That My Version Of Speak Now Will Be Out July 7,1,1428028,,188090,3619,"[""YvyeAwoZ76w""]","[""It fills me with such pride & joy to announce that my version of Speak Now will be out July 7 💜💜💜""]"
2026-06-23,taylor_swift_talks_about_out_of_the_woods,Taylor Swift Talks About Out Of The Woods,1,1416979,,24128,1053,"[""M-M5SW8QvmY""]","[""Taylor Swift Talks About \""Out Of The Woods\""""]"
2026-06-23,there_truly_was_magic_in_the_eras_watch_starting_tomorrow_on_d_disneyplust_12am_pt_3am_et,There Truly Was Magic In The Eras Watch Starting Tomorrow On D Disneyplust 12Am Pt 3Am Et,1,1389731,,65505,2908,"[""-c9Cg0l__fo""]","[""There truly was magic in the *eras*✨ watch starting TOMORROW on @d@disneyplust 12am PT / 3am ET""]"
2026-06-23,new_conference_table,New Conference Table,1,1361240,,56891,2234,"[""U3yPyVFKGG8""]","[""New conference table.""]"
2026-06-23,wannabe,Wannabe,1,1356862,,25553,1944,"[""C7I3_yFQYkc""]","[""Wannabe""]"
2026-06-23,you_re_so_vain,You Re So Vain,1,1354106,,24057,1121,"[""y7CsaOF3S5c""]","[""Taylor Swift and Carly Simon: You're So Vain""]"
2026-06-23,willow_storyboards_from_the_willow_music_video,Willow Storyboards From The Willow Music Video,1,1224956,,69642,2628,"[""3CUM7Z3TSmY""]","[""Taylor Swift - willow (dancing witch version) - storyboards from the willow music video""]"
2026-06-23,taylor_swift_wonderstruck_teaser,Taylor Swift Wonderstruck Teaser,1,1209382,,22134,1949,"[""-CICulOcBQE""]","[""Taylor Swift WONDERSTRUCK Teaser""]"
2026-06-23,my_new_favorite_thing_thank_you,My New Favorite Thing Thank You,1,1201931,,41687,3746,"[""tBEFMmkgu7s""]","[""My new favorite thing ... thank you!""]"
2026-06-23,some_extraordinary_news,Some Extraordinary News,1,1181127,,19703,3135,"[""LyoTb3fxEnU""]","[""Some extraordinary news...""]"
2026-06-23,rehearsing_i_don_t_wanna_live_forever_for_directv_now_super_saturday_night,Rehearsing I Don T Wanna Live Forever For Directv Now Super Saturday Night,1,1178515,,34393,2016,"[""J37Pitvp7RI""]","[""Rehearsing \""I Don't Wanna Live Forever (Fifty Shades Darker)\"" for DIRECTV NOW Super Saturday Night""]"
2026-06-23,your_world_is_my_world,Your World Is My World,1,1151247,,27462,2417,"[""x2hRdQnbzKQ""]","[""Your world is my world.""]"
2026-06-23,,,1,1094406,,38154,2894,"[""pA1dPsnfams""]","["":-)""]"
2026-06-23,vevocertified_pt_7_love_story,Vevocertified Pt 7 Love Story,1,1084896,,14150,926,"[""XdalCja4TK8""]","[""Taylor Swift - #VEVOCertified, Pt. 7: Love Story (Taylor Commentary)""]"
2026-06-23,fearless_tour_2009,Fearless Tour 2009,1,1062963,,8808,1357,"[""G2rSQF5Qx7k""]","[""FEARLESS Tour 2009""]"
2026-06-23,challenge_2,Challenge 2,1,1060305,,10797,1619,"[""Uo6HuSCBZu4""]","[""A Hug From Taylor Swift - Challenge #2""]"
2026-06-23,taylor_and_friends,Taylor And Friends,1,1051315,,11088,1002,"[""m_4CSbzwPtE""]","[""Taylor And \""Friends\""""]"
2026-06-23,december_12th_on_disneyplus,December 12Th On Disneyplus,1,1039281,,97622,4797,"[""YF6jaBeBMIk""]","[""December 12th on @DisneyPlus""]"
2026-06-23,8_13_7pm_et,8 13 7Pm Et,1,1023548,,10622,4936,"[""I4TIvOCa3t8""]","[""Taylor Swift Live Webcast on YouTube - 8/13 @ 7pm ET""]"
2026-06-23,challenge_3,Challenge 3,1,1015984,,8269,895,"[""PVtlDvh74H8""]","[""A Hug From Taylor Swift - Challenge #3""]"
2026-06-23,taylor_swift_billboard_woman_of_the_year,Taylor Swift Billboard Woman Of The Year,1,1009898,,37315,2044,"[""weQBrpLffrA""]","[""Taylor Swift Billboard Woman of the Year""]"
2026-06-23,watching_the_cma_announcements,Watching The Cma Announcements,1,979002,,31857,4168,"[""SnN7kIqDgz0""]","[""Watching the CMA Announcements!""]"
2026-06-23,taylor_swift_covergirl_natureluxe,Taylor Swift Covergirl Natureluxe,1,978618,,13030,1368,"[""ZMt6TFO0zn4""]","[""Taylor Swift CoverGirl NatureLuxe""]"
2026-06-23,i_don_t_wanna_live_forever_bts_2_key_light,I Don T Wanna Live Forever Bts 2 Key Light,1,973102,,31654,624,"[""OsJ5RyWpY5w""]","[""I Don't Wanna Live Forever (Fifty Shades Darker) BTS 2 - Key Light? [EXTENDED]""]"
2026-06-23,taylor_swift_red_tour_nashville_week,Taylor Swift Red Tour Nashville Week,1,969161,,16649,1088,"[""DJXfSaOJXOQ""]","[""Taylor Swift RED Tour Nashville Week""]"
2026-06-23,i_knew_you_were_trouble_behind_the_scenes_1,I Knew You Were Trouble Behind The Scenes 1,1,964603,,20118,870,"[""rghH6QlT5a0""]","[""\""I Knew You Were Trouble.\"" Behind-The-Scenes #1""]"
2026-06-23,wonderstruck_taylor_swift_chapter_2,Wonderstruck Taylor Swift Chapter 2,1,960304,,20078,1296,"[""LkkY2iaylmI""]","[""Wonderstruck Taylor Swift Chapter 2""]"
2026-06-23,behind_the_scenes_in_band_hero_with_taylor,Behind The Scenes In Band Hero With Taylor,1,941542,,7600,643,"[""wzLhAZn_JMk""]","[""Behind-the-scenes in BAND HERO with Taylor!""]"
2026-06-23,fairytale_adventures_in_australia_and_japan,Fairytale Adventures In Australia And Japan,1,921906,,15703,1832,"[""VhFFAQuAUqo""]","[""Fairytale Adventures in Australia and Japan.""]"
2026-06-23,look_what_you_made_me_do_stream_co,Look What You Made Me Do Stream Co,1,892615,,23946,508,"[""71QPEkD9PhM""]","[""Look What You Made Me Do - Stream Co.""]"
2026-06-23,challenge_1,Challenge 1,1,888720,,12842,1088,"[""mxBSpHji2oo""]","[""A Hug From Taylor Swift - Challenge #1""]"
2026-06-23,my_band_has_bad_private_plane_manners,My Band Has Bad Private Plane Manners,1,872039,,10880,614,"[""1G1ES1y6AyI""]","[""My band has bad private plane manners.""]"
2026-06-23,vevocertified_pt_6_mine,Vevocertified Pt 6 Mine,1,853886,,11669,721,"[""FNWq-pr5ON8""]","[""Taylor Swift - #VevoCertified, Pt. 6: Mine (Taylor Commentary)""]"
2026-06-23,behind_the_scenes_of_taylor_swift_s_week_at_staples_center,Behind The Scenes Of Taylor Swift S Week At Staples Center,1,829733,,14740,1021,"[""6wEVDvnqQOM""]","[""Behind the scenes of Taylor Swift's week at Staples Center""]"
2026-06-23,trl_recap,Trl Recap,1,826194,,10281,991,"[""p-5R0u3iTiE""]","[""TRL Recap!""]"
2026-06-23,london,London,1,824165,,11293,1341,"[""0jWoq3COzts""]","[""London!!!""]"
2026-06-23,look_what_you_made_me_do_the_birdcage,Look What You Made Me Do The Birdcage,1,823961,,25196,957,"[""jJeK0p1LanY""]","[""Look What You Made Me Do - The Birdcage""]"
2026-06-23,1_with_a_bullet,1 With A Bullet,1,821848,,8379,1118,"[""qvcSth8LvEw""]","[""1 with a bullet.""]"
2026-06-23,vevocertified_pt_3_taylor_talks_about_her_fans,Vevocertified Pt 3 Taylor Talks About Her Fans,1,811450,,12488,840,"[""ehLp0cjqkRk""]","[""Taylor Swift - #VEVOCertified, Pt. 3: Taylor Talks About Her Fans""]"
2026-06-23,vevocertified_pt_2_taylor_on_making_music_videos,Vevocertified Pt 2 Taylor On Making Music Videos,1,782572,,10041,438,"[""YcuEHj-Nr58""]","[""Taylor Swift - #VEVOCertified, Pt. 2: Taylor On Making Music Videos""]"
2026-06-23,sparks_fly_live_on_the_red_tour,Sparks Fly Live On The Red Tour,1,781969,,19467,945,"[""Nx-5bHeC6xo""]","[""\""Sparks Fly\"" (acoustic) Live on the RED Tour!""]"
2026-06-23,taylor_swift_s_the_1989_world_tour,Taylor Swift S The 1989 World Tour,1,729010,,10977,1050,"[""JggOSZFlk0U""]","[""Taylor Swift's The 1989 World Tour""]"
2026-06-23,november_11th,November 11Th,1,718310,,7263,977,"[""45KfDAgw_Is""]","[""November 11th.""]"
2026-06-23,instructional_video,Instructional Video,1,715037,,12370,921,"[""R7wjyOQw7Zw""]","[""Instructional Video""]"
2026-06-23,myspace_presents_the_fit_featuring_taylor_swift,Myspace Presents The Fit Featuring Taylor Swift,1,699076,,5415,567,"[""Ivz6lNNAYaE""]","[""MySpace Presents: The Fit Featuring Taylor Swift""]"
2026-06-23,taylor_swift_ice_bucket_challenge_with_jamie_king,Taylor Swift Ice Bucket Challenge With Jamie King,1,666132,,40863,1303,"[""AoYtgGHfsG4""]","[""Taylor Swift Ice Bucket Challenge with Jamie King""]"
2026-06-23,taylor_swift_in_band_hero,Taylor Swift In Band Hero,1,662669,,7914,1861,"[""GVKuFZhB1e8""]","[""Taylor Swift In Band Hero""]"
2026-06-23,thanksgiving_break_and_the_academy_is,Thanksgiving Break And The Academy Is,1,662272,,8265,795,"[""MHDjff07l0I""]","[""Thanksgiving break and The Academy Is...""]"
2026-06-23,taylor_by_taylor_swift_fragrance_video_part_1,Taylor By Taylor Swift Fragrance Video Part 1,1,655357,,10487,1012,"[""YUSPwqd4674""]","[""Taylor by Taylor Swift Fragrance Video Part 1""]"
2026-06-23,vevocertified_pt_4_taylor_superfans_aka_swifties,Vevocertified Pt 4 Taylor Superfans Aka Swifties,1,653695,,6733,927,"[""Eo2D8Ez3WAo""]","[""Taylor Swift - #VevoCertified, Pt. 4: Taylor Superfans aka Swifties""]"
2026-06-23,taylor_swift_talks_about_welcome_to_new_york,Taylor Swift Talks About Welcome To New York,1,642954,,11802,335,"[""xVKTOX3vMKM""]","[""Taylor Swift talks about \""Welcome to New York\""""]"
2026-06-23,the_for_the_fate_of_ophelia_is_available_now_only_on_youtube,The For The Fate Of Ophelia Is Available Now Only On Youtube,1,641130,,25477,400,"[""fxeEYfVDaJI""]","[""The official music video for “The Fate of Ophelia” is available now, only on YouTube ❤️‍🔥""]"
2026-06-23,opalite_extended_versions_part_1_and_2_out_now_at_taylorswift_com,Opalite Extended Versions Part 1 And 2 Out Now At Taylorswift Com,1,612017,,42150,805,"[""x_uxpBJQqCA""]","[""Opalite Official Music Video Extended Versions Part 1 & 2 out now at TaylorSwift.com ✨""]"
2026-06-23,wonderstruck_enchanted_taylor_swift_chapter_3,Wonderstruck Enchanted Taylor Swift Chapter 3,1,576685,,14969,1005,"[""1vj3YhYrULo""]","[""Wonderstruck Enchanted Taylor Swift Chapter 3""]"
2026-06-23,trailer,Trailer,1,567038,,33426,2152,"[""66kn6Dcr12E""]","[""Taylor Swift's reputation Stadium Tour - Trailer""]"
2026-06-23,the_final_challenge,The Final Challenge,1,561927,,13371,1424,"[""w7p_BCIX-rw""]","[""A Hug From Taylor Swift - The Final Challenge""]"
2026-06-23,taylor_swift_s_red_tour_announcement,Taylor Swift S Red Tour Announcement,1,531297,,10537,3216,"[""YoJj-5nAGpM""]","[""Taylor Swift's RED Tour Announcement!""]"
2026-06-23,philadelphia,Philadelphia,1,530555,,8617,835,"[""DjABPXfE4Fs""]","[""Philadelphia :)""]"
2026-06-23,behind_the_fragrance_taylor_swift_incredible_things_featuring_taylor_swift,Behind The Fragrance Taylor Swift Incredible Things Featuring Taylor Swift,1,518356,,19357,601,"[""BxZi6jC2JAI""]","[""Behind The Fragrance, Taylor Swift Incredible Things featuring Taylor Swift (Behind The Scenes)""]"
2026-06-23,official_merch,Official Merch,1,518355,,41629,2311,"[""aoYhTov8jsY""]","[""Taylor Swift reputation Stadium Tour - Official Merch""]"
2026-06-23,taylor_swift_fragrances_made_of_starlight_musical_edition,Taylor Swift Fragrances Made Of Starlight Musical Edition,1,507272,,13063,369,"[""kpzwfS5x068""]","[""Taylor Swift Fragrances Made Of Starlight Musical Edition""]"
2026-06-23,red_guitar_solo_from_red_tour_opening_night,Red Guitar Solo From Red Tour Opening Night,1,491619,,11676,863,"[""NZnRUnOQZWU""]","[""\""Red\"" Guitar Solo from RED Tour Opening Night""]"
2026-06-23,the_end_of_an_era_a_6_episode_docuseries_streams_on_disneyplus_beginning_dec_12,The End Of An Era A 6 Episode Docuseries Streams On Disneyplus Beginning Dec 12,1,479053,,42746,1982,"[""dSSqCoCiQVs""]","[""The End of an Era\"", a 6-episode docuseries, streams on @Disneyplus beginning Dec 12 🫶""]"
2026-06-23,santa_baby,Santa Baby,1,473144,,3807,281,"[""ZU4o7vvrrPI""]","[""Taylor Swift - Santa Baby (Audio)""]"
2026-06-23,surprise_taylor_wins_2_teen_choice_awards,Surprise Taylor Wins 2 Teen Choice Awards,1,448477,,6876,1128,"[""Y3eRmLTN7FQ""]","[""Surprise! Taylor Wins 2 Teen Choice Awards!""]"
2026-06-23,just_11_days_until_the_final_show_of_the_eras_tour_is_all_yours,Just 11 Days Until The Final Show Of The Eras Tour Is All Yours,1,446813,,26125,2413,"[""fHjxp-rpUGw""]","[""Just 11 days until the final show of The Eras Tour is all yours ✨🎂""]"
2026-06-23,i_knew_you_were_trouble_behind_the_scenes_2,I Knew You Were Trouble Behind The Scenes 2,1,441898,,10520,410,"[""sIjKXPXjVxU""]","[""\""I Knew You Were Trouble.\"" Behind-The-Scenes #2""]"
2026-06-23,taylor_swift_reputation_stadium_tour_trailer_2,Taylor Swift Reputation Stadium Tour Trailer 2,1,435943,,29332,2088,"[""RMW3fAructY""]","[""Taylor Swift reputation Stadium Tour // Trailer 2""]"
2026-06-23,the_archer_first_ever_live_performance,The Archer First Ever Live Performance,1,428327,,36052,1259,"[""1qwxqyac0Z8""]","[""Taylor Swift - The Archer First Ever Live Performance""]"
2026-06-23,highlights,Highlights,1,428316,,8474,317,"[""1D5E5KLkfsI""]","[""Taylor Swift's Worldwide Live Stream on Yahoo - Highlights""]"
2026-06-23,i_knew_you_were_trouble_behind_the_scenes_3,I Knew You Were Trouble Behind The Scenes 3,1,425308,,10778,485,"[""jinbX0hwYOo""]","[""\""I Knew You Were Trouble.\"" Behind-The-Scenes #3""]"
2026-06-23,nashville_tn,Nashville Tn,1,411095,,3557,125,"[""-0uRcwk818Y""]","[""Taylor Swift Speak Now Fan Video : Nashville, TN""]"
2026-06-23,taylor_swift_s_journey_to_fearless_on_the_hub,Taylor Swift S Journey To Fearless On The Hub,1,404100,,5183,542,"[""QQVHNOxYv5E""]","[""Taylor Swift's 'Journey to Fearless' on The Hub""]"
2026-06-23,taylor_swift_s_wonderstruck_fragrance,Taylor Swift S Wonderstruck Fragrance,1,393090,,9424,1108,"[""urcHObkMCBE""]","[""Taylor Swift's Wonderstruck Fragrance""]"
2026-06-23,first_fans_with_my_cmt_award,First Fans With My Cmt Award,1,382851,,4731,304,"[""Mi-FBBqUuJE""]","[""First fans with my CMT Award.""]"
2026-06-23,rascal_flatt_s_tour_and_grey_s_anatomy,Rascal Flatt S Tour And Grey S Anatomy,1,367207,,7176,687,"[""rJVYkPjQf9s""]","[""Rascal Flatt's tour and Grey's Anatomy""]"
2026-06-23,holy_ground_live_on_the_red_tour,Holy Ground Live On The Red Tour,1,362977,,9064,683,"[""3H21433WdtU""]","[""\""Holy Ground\"" Live on the RED Tour!""]"
2026-06-23,sneak_peek,Sneak Peek,1,350672,,12562,987,"[""LGA54hn8uwU""]","[""Taylor By Taylor Swift commercial: sneak peek""]"
2026-06-23,win_a_taylor_swift_performance_on_your_campus,Win A Taylor Swift Performance On Your Campus,1,347936,,4995,1292,"[""6OPPGOl7ctE""]","[""Win A Taylor Swift Performance on Your Campus!""]"
2026-06-23,vote_taylor_acm_entertainer_of_the_year,Vote Taylor Acm Entertainer Of The Year,1,344384,,7259,806,"[""37Pc4cjk9pY""]","[""Vote Taylor: ACM Entertainer of the Year""]"
2026-06-23,youtube_presents_taylor_swift_q_and_a,Youtube Presents Taylor Swift Q And A,1,328769,,5450,2719,"[""z___7lkxS0I""]","[""YouTube Presents Taylor Swift Q&A""]"
2026-06-23,behind_the_scenes_cma_music_festival,Behind The Scenes Cma Music Festival,1,321289,,3800,272,"[""bkADPxWSeak""]","[""Behind The Scenes @ CMA Music Festival""]"
2026-06-23,taylor_swift_answers_questions_from_fans_from_lovers_lounge_live,Taylor Swift Answers Questions From Fans From Lovers Lounge Live,1,316352,,21756,626,"[""iyYhqYELWtA""]","[""Taylor Swift Answers Questions From Fans From Lover’s Lounge Live""]"
2026-06-23,nov_20_7_6c_cbs,Nov 20 7 6C Cbs,1,306131,,5382,550,"[""GSvyRVw366k""]","[""Taylor Swift on 60 Minutes - Nov 20 @ 7/6c CBS""]"
2026-06-23,ours_behind_the_scenes_the_office,Ours Behind The Scenes The Office,1,289432,,6427,564,"[""IdMI-HCO5QY""]","[""\""Ours\"" Behind-the-Scenes - The Office""]"
2026-06-23,store_appearances,Store Appearances,1,278320,,5683,552,"[""xIoApJgIw8U""]","[""Taylor Swift WONDERSTRUCK In-Store Appearances""]"
2026-06-23,speak_now_world_tour_live_cd_dvd,Speak Now World Tour Live Cd Dvd,1,277661,,5523,688,"[""KFoOCZeKgzQ""]","[""Speak Now World Tour Live CD+DVD""]"
2026-06-23,taylor_swift_red_tour_asia_announcement,Taylor Swift Red Tour Asia Announcement,1,276800,,7502,1253,"[""UfRqjF_8IqQ""]","[""Taylor Swift RED Tour Asia announcement""]"
2026-06-23,ours_behind_the_scenes_message_of_ours,Ours Behind The Scenes Message Of Ours,1,271847,,6551,290,"[""yHqjZUxaigo""]","[""\""Ours\"" Behind-the-Scenes - Message of Ours""]"
2026-06-23,taylors_diary_my_13_year_old_self,Taylors Diary My 13 Year Old Self,1,269949,,19877,485,"[""UY3UfH-ittk""]","[""Taylor’s Diary - My 13 Year Old Self (Exclusive Reading from Deluxe Edition Lover Album)""]"
2026-06-23,stylememories_one,Stylememories One,1,258235,,10037,316,"[""bKBJhghRfEk""]","[""#STYLEmemories One""]"
2026-06-23,speak_now_world_tour_live_cd_dvd_available_now,Speak Now World Tour Live Cd Dvd Available Now,1,254499,,5810,772,"[""O0Mnebw_TJc""]","[""Speak Now World Tour Live CD/DVD - Available Now!""]"
2026-06-23,stylememories_two,Stylememories Two,1,249558,,10030,266,"[""cM2CXMcG5w8""]","[""#STYLEmemories Two""]"
2026-06-23,q_and_a_with_taylor_on_taylor_by_taylor_swift_the_fragrance,Q And A With Taylor On Taylor By Taylor Swift The Fragrance,1,248521,,5957,419,"[""EuT6nQvdcpo""]","[""Q&A with Taylor on Taylor By Taylor Swift, the fragrance""]"
2026-06-23,the_red_tour_australia_new_zealand_announcement,The Red Tour Australia New Zealand Announcement,1,241188,,5521,1753,"[""JgkCFCOAn48""]","[""The RED Tour Australia/New Zealand Announcement!""]"
2026-06-23,stockhold_sweden,Stockhold Sweden,1,213992,,2435,240,"[""9wXlz0f-2Zo""]","[""Taylor Swift Speak Now Fan Video : Stockhold, Sweden""]"
2026-06-23,the_lucky_one_song_preview_from_red_now_available,The Lucky One Song Preview From Red Now Available,1,213337,,2234,220,"[""75NpXm04S1I""]","[""\""The Lucky One\"" Song Preview from RED - Now Available""]"
2026-06-23,taylor_swift_red_tour_london_announcement,Taylor Swift Red Tour London Announcement,1,211164,,4716,1208,"[""SvEbXNgvXWY""]","[""Taylor Swift RED Tour London announcement""]"
2026-06-23,i_almost_do_song_preview_from_red_now_available,I Almost Do Song Preview From Red Now Available,1,205874,,2178,170,"[""YszERgNNKnc""]","[""\""I Almost Do\"" Song Preview from RED - Now Available""]"
2026-06-23,sad_beautiful_tragic_song_preview_from_red_now_available,Sad Beautiful Tragic Song Preview From Red Now Available,1,203492,,2056,147,"[""oo1CoPXIOuI""]","[""\""Sad Beautiful Tragic\"" Song Preview from RED - Now Available""]"
2026-06-23,nov_11_11_10c,Nov 11 11 10C,1,201996,,4026,268,"[""OZJdxFEdjSU""]","[""VH1 StoryTellers - Taylor Swift - Nov 11 @ 11/10c""]"
2026-06-23,22_song_preview_from_red_now_available,22 Song Preview From Red Now Available,1,201247,,3216,361,"[""yBHlFJ9waVo""]","[""\""22\"" Song Preview from RED - Now Available""]"
2026-06-23,ours_behind_the_scenes_taylor_s_look,Ours Behind The Scenes Taylor S Look,1,200177,,3267,352,"[""gPJ8PFeq9Xw""]","[""\""Ours\"" Behind-the-Scenes - Taylor's Look""]"
2026-06-23,taylor_talks_hugging_fans_60_minutes_sunday_nov_21_7_6c_cbs,Taylor Talks Hugging Fans 60 Minutes Sunday Nov 21 7 6C Cbs,1,200123,,3589,382,"[""lZNJnOrwDTQ""]","[""Taylor Talks Hugging Fans - 60 Minutes, Sunday Nov 21 @ 7/6c CBS""]"
2026-06-23,outtakes,Outtakes,1,193027,,4531,260,"[""Ac7wMLgLtpY""]","[""Taylor Swift on Style: Outtakes""]"
2026-06-23,treacherous_song_preview_from_red_now_available,Treacherous Song Preview From Red Now Available,1,188519,,3733,469,"[""KNKa1to1v6o""]","[""\""Treacherous\"" Song Preview from RED - Now Available""]"
2026-06-23,ours_behind_the_scenes_zach,Ours Behind The Scenes Zach,1,187188,,3513,242,"[""h6CRgcouLuU""]","[""\""Ours\"" Behind-the-Scenes - Zach""]"
2026-06-23,starlight_song_preview_from_red_now_available,Starlight Song Preview From Red Now Available,1,186092,,2910,257,"[""qbx_wdqaeV0""]","[""\""Starlight\"" Song Preview from RED - Now Available""]"
2026-06-23,what_fans_can_expect_on_the_red_tour,What Fans Can Expect On The Red Tour,1,175645,,5049,523,"[""ueZmiOaDDlU""]","[""What Fans Can Expect on the RED Tour""]"
2026-06-23,ours_behind_the_scenes_that_s_a_wrap,Ours Behind The Scenes That S A Wrap,1,170925,,3280,172,"[""QvNW_z1Y7Ls""]","[""\""Ours\"" Behind-the-Scenes - That's a Wrap""]"
2026-06-23,ours_behind_the_scenes_working_with_taylor,Ours Behind The Scenes Working With Taylor,1,168250,,4844,138,"[""wIvJI6mF1ME""]","[""\""Ours\"" Behind-the-Scenes - Working with Taylor""]"
2026-06-23,ours_behind_the_scenes_the_director,Ours Behind The Scenes The Director,1,166140,,3172,208,"[""AtHsg4USz8g""]","[""\""Ours\"" Behind-the-Scenes - The Director""]"
2026-06-23,ours_behind_the_scenes_we_re_making_a_video,Ours Behind The Scenes We Re Making A Video,1,157138,,3510,269,"[""beGv3NTnduo""]","[""\""Ours\"" Behind-the-Scenes - We're Making a Video""]"
2026-06-23,hifromtaylor_teaser,Hifromtaylor Teaser,1,154092,,4369,401,"[""C2giKOnk588""]","[""#HiFromTaylor Teaser""]"
2026-06-23,all_too_well_song_preview_from_red_now_available,All Too Well Song Preview From Red Now Available,1,142394,,3716,450,"[""k2zfi4gLekU""]","[""\""All Too Well\"" Song Preview from RED - Now Available""]"
2026-06-23,ours_behind_the_scenes_home_movies,Ours Behind The Scenes Home Movies,1,139750,,3314,269,"[""HsLl-IL9c7E""]","[""\""Ours\"" Behind-the-Scenes - Home Movies""]"
2026-06-23,ours_behind_the_scenes_the_story_of_the_video,Ours Behind The Scenes The Story Of The Video,1,134287,,2670,119,"[""_zyYtE9di9A""]","[""\""Ours\"" Behind-the-Scenes - \""The Story of the Video\""""]"
2026-06-23,voteacm_com,Voteacm Com,1,130067,,4128,490,"[""GDdVOpZkqRI""]","[""Vote Taylor Swift ACM Entertainer of the Year: VoteACM.com""]"
2026-06-23,part_3,Part 3,1,128721,,3519,204,"[""y9yIBAmBDtk""]","[""Taylor Swift on Style: Part 3""]"
2026-06-23,holy_ground_song_preview_from_red_now_available,Holy Ground Song Preview From Red Now Available,1,125304,,2184,209,"[""Rcex4Nw6Z9U""]","[""\""Holy Ground\"" Song Preview from RED - Now Available""]"
2026-06-23,taylors_diary_discusses_getting_her_first_cat_meredith_grey_tour_and_middle_school,Taylors Diary Discusses Getting Her First Cat Meredith Grey Tour And Middle School,1,122331,,8426,176,"[""gRIWxlehJVg""]","[""Taylor’s Diary -  Discusses Getting Her First Cat Meredith Grey, Tour and Middle School""]"
2026-06-23,ours_behind_the_scenes_the_inspiration,Ours Behind The Scenes The Inspiration,1,120686,,2881,106,"[""7D6-_twz7YE""]","[""\""Ours\"" Behind-the-Scenes - The Inspiration""]"
2026-06-23,chicago_il,Chicago Il,1,120219,,2412,153,"[""91EDAPQLsXc""]","[""Taylor Swift Speak Now Fan Video : Chicago, IL""]"
2026-06-23,san_diego_ca,San Diego Ca,1,118780,,1734,140,"[""fTFcFeQOeLo""]","[""Taylor Swift Speak Now Fan Video : San Diego, CA""]"
2026-06-23,hampton_nj,Hampton Nj,1,116867,,1628,100,"[""rx86WwyoI7g""]","[""Taylor Swift Speak Now Fan Video : Hampton, NJ""]"
2026-06-23,part_4,Part 4,1,116290,,2929,136,"[""41Zxe-tqjoE""]","[""Taylor Swift on Style: Part 4""]"
2026-06-23,stay_stay_stay_song_preview_from_red_now_available,Stay Stay Stay Song Preview From Red Now Available,1,110854,,2312,227,"[""TGslPGte8Mw""]","[""\""Stay Stay Stay\"" Song Preview from RED - Now Available""]"
2026-06-23,billboard_milestone_award,Billboard Milestone Award,1,109767,,3772,388,"[""1hdDXzS63SY""]","[""Taylor Swift - Billboard Milestone Award""]"
2026-06-23,welcome_to_the_official_taylor_swift_youtube_channel,Welcome To The Official Taylor Swift Youtube Channel,1,107129,,3931,441,"[""xmauy4h3rPg""]","[""Welcome to the Official Taylor Swift YouTube Channel!""]"
2026-06-23,ours_behind_the_scenes_director_casting,Ours Behind The Scenes Director Casting,1,104103,,2776,310,"[""0Ot5C6O-KfA""]","[""\""Ours\"" Behind-the-Scenes - Director Casting""]"
2026-06-23,ours_behind_the_scenes_locations,Ours Behind The Scenes Locations,1,101357,,2514,135,"[""Y89k5sfHBaw""]","[""\""Ours\"" Behind-the-Scenes - Locations""]"
2026-06-23,oranga_nsw_australia,Oranga Nsw Australia,1,99773,,1626,99,"[""LSjPFdoeDD8""]","[""Taylor Swift Speak Now Fan Video : Oranga, NSW, Australia""]"
2026-06-23,ajalvir_spain,Ajalvir Spain,1,97995,,2123,148,"[""CpwF5fw6dE0""]","[""Taylor Swift Speak Now Fan Video : Ajalvir (Madrid), Spain""]"
2026-06-23,last_christmas,Last Christmas,1,78984,,1135,61,"[""AbKi_WHS9WA""]","[""Taylor Swift - Last Christmas (Audio)""]"
2026-06-23,shot_on_a_bloggie,Shot On A Bloggie,1,57744,,1856,111,"[""jkin5pRLrQg""]","[""Taylor Swift Speak Now Fan Videos : Shot on a Bloggie""]"
2026-06-23,omaha_ne,Omaha Ne,1,57149,,1942,312,"[""dlBQSxDuy2I""]","[""Taylor Swift Speak Now Fan Video : Omaha, NE""]"
2026-06-23,minneapolis_mn,Minneapolis Mn,1,57101,,2365,408,"[""KWPrDngWZSQ""]","[""Taylor Swift Speak Now Fan Video : Minneapolis, MN""]"
2026-06-23,beautiful_eyes,Beautiful Eyes,1,14310,,354,36,"[""2SXLyqKAFYU""]","[""Taylor Swift - Beautiful Eyes (Live From Clear Channel Stripped 2008 / Audio)""]"
2026-06-23,christmas_must_be_something_more,Christmas Must Be Something More,1,8692,,196,18,"[""QS-jLu3AOtU""]","[""Taylor Swift - Christmas Must Be Something More (Audio)""]"
2026-06-23,christmases_when_you_were_mine,Christmases When You Were Mine,1,8144,,185,10,"[""I2LBLztkeDc""]","[""Taylor Swift - Christmases When You Were Mine (Audio)""]"
2026-06-23,white_christmas,White Christmas,1,7937,,147,6,"[""cMXyjbxuxYQ""]","[""Taylor Swift - White Christmas (Audio)""]"
2026-06-23,silent_night,Silent Night,1,7195,,250,33,"[""k4lGZmwk0O0""]","[""Taylor Swift - Silent Night (Audio)""]"
2026-06-23,taylorswiftvevo_live_stream,Taylorswiftvevo Live Stream,1,0,,63,1,"[""oWVYzCPs3nE""]","[""TaylorSwiftVEVO Live Stream""]"
2026-06-23,taylor_swift_live_stream,Taylor Swift Live Stream,1,0,,94,0,"[""e7HLU5-0VU4""]","[""Taylor Swift Live Stream""]"
2026-06-25,blank_space,Blank Space,2,3842525047,941442,16922110,699888,"[""e-ORhEE9VVg"", ""gir8BEqAutk""]","[""Taylor Swift - Blank Space"", ""Taylor Swift - Blank Space (Taylor's Version) (Lyric Video)""]"
2026-06-25,shake_it_off,Shake It Off,2,3726339901,878098,14526649,610840,"[""nfWlot6h_JM"", ""mvVBuG4IOW4""]","[""Taylor Swift - Shake It Off"", ""Taylor Swift - Shake It Off (Taylor's Version) (Lyric Video)""]"
2026-06-25,you_belong_with_me,You Belong With Me,4,1841238197,440415,11512546,487838,"[""VuNIsY6JdUw"", ""vwp8Ur6tO-8"", ""zudLJdajX5Y"", ""tvnGBYMe9gM""]","[""Taylor Swift - You Belong With Me"", ""Taylor Swift - You Belong With Me (Taylor's Version) (Lyric Video)"", ""Taylor Swift - You Belong With Me (Live on Letterman)"", ""Taylor Swift - You Belong With Me (Live from New York City)""]"
2026-06-25,look_what_you_made_me_do,Look What You Made Me Do,2,1725553288,163021,15956344,957752,"[""3tmd-ClpJxA"", ""3K0RzZGpyds""]","[""Taylor Swift - Look What You Made Me Do"", ""Taylor Swift - Look What You Made Me Do (Lyric Video)""]"
2026-06-25,bad_blood_ft_kendrick_lamar,Bad Blood Ft Kendrick Lamar,1,1685753808,116755,10376056,475662,"[""QcIy9NiNbmo""]","[""Taylor Swift - Bad Blood ft. Kendrick Lamar""]"
2026-06-25,wildest_dreams,Wildest Dreams,3,1072411828,260153,6678660,266811,"[""IdneKLhsWOQ"", ""vtW_4j7SsZk"", ""CUr_UwUUXzU""]","[""Taylor Swift - Wildest Dreams"", ""Taylor Swift - Wildest Dreams (Taylor's Version) (Lyric Video)"", ""Taylor Swift - Wildest Dreams (Taylor’s Version) (Official Audio)""]"
2026-06-25,style,Style,2,995888695,328428,4838172,179942,"[""-CmadmM5cOk"", ""2JgvVfOfoWI""]","[""Taylor Swift - Style"", ""Taylor Swift - Style (Taylor's Version) (Lyric Video)""]"
2026-06-25,love_story,Love Story,8,954498266,382114,8080971,348972,"[""8xg3vE8Ie_E"", ""aXzVF3XeS8M"", ""mNLVMDF9mUo"", ""yfWgXcrNQIw"", ""FeTHyZJvozc"", ""kO9PkyWTZNw"", ""wFcFQP8XKuY"", ""opS9a1_PuWA""]","[""Taylor Swift - Love Story"", ""Taylor Swift - Love Story (Taylor’s Version) [Official Lyric Video]"", ""Taylor Swift - Love Story (Live on Letterman)"", ""Taylor Swift - Love Story (Live from New York City)"", ""Taylor Swift - Love Story (Elvira Remix) (Taylor’s Version) (Official Audio)"", ""Taylor Swift - Love Story (Pop Mix / Audio)"", ""Taylor Swift - Love Story (Digital Dog Remix / Audio)"", ""Taylor Swift - Love Story (Live From Clear Channel Stripped 2008 / Audio)""]"
2026-06-25,we_are_never_ever_getting_back_together,We Are Never Ever Getting Back Together,4,923857927,175912,5291673,276664,"[""WA4iX5D9Z64"", ""zJFcr1KyFqE"", ""BktS1hkMx_k"", ""gcMn_Eu-XTE""]","[""Taylor Swift - We Are Never Ever Getting Back Together"", ""Taylor Swift - We Are Never Ever Getting Back Together (Taylor's Version) (Lyric Video)"", ""Taylor Swift - We Are Never Ever Getting Back Together (Live from New York City)"", ""Taylor Swift - We Are Never Ever Getting Back Together (Lyric Video)""]"
2026-06-25,i_dont_wanna_live_forever,I Dont Wanna Live Forever,1,775669423,83634,5381172,136446,"[""7F37r50VUTQ""]","[""ZAYN, Taylor Swift - I Don’t Wanna Live Forever (Fifty Shades Darker)""]"
2026-06-25,22,22,2,742565505,119550,3844872,303910,"[""AgFeZr5ptV8"", ""9boiT64sm0Q""]","[""Taylor Swift - 22"", ""Taylor Swift - 22 (Taylor's Version) (Lyric Video)""]"
2026-06-25,delicate,Delicate,2,608720767,99944,4947425,222433,"[""tCXGJQYZ9JA"", ""MBR2kxt7RK8""]","[""Taylor Swift - Delicate"", ""Taylor Swift - Delicate (Vertical Version)""]"
2026-06-25,i_knew_you_were_trouble,I Knew You Were Trouble,2,570174104,70629,4227543,280087,"[""TqAollrUJdA"", ""vNoKguSdy4Y""]","[""Taylor Swift - I Knew You Were Trouble (Taylor's Version) (Lyric Video)"", ""Taylor Swift - I Knew You Were Trouble""]"
2026-06-25,never_been_accused_of_not_keeping_it,Never Been Accused Of Not Keeping It,1,496890220,15338,2083229,23018,"[""ZzYBzwfjjDE""]","[""Never been accused of not keeping it 💯""]"
2026-06-25,back_to_december,Back To December,4,493330270,237013,2708863,100462,"[""QUwxKWT6m7U"", ""qc2Z-OX9wnc"", ""vio0RidOMUM"", ""eocfbbyIUn8""]","[""Taylor Swift - Back To December"", ""Taylor Swift - Back To December (Taylor's Version) (Lyric Video)"", ""Taylor Swift - Back To December (Live on Letterman)"", ""Taylor Swift - Back To December""]"
2026-06-25,me_ft_brendon_urie,Me Ft Brendon Urie,3,482318863,74189,7096757,457232,"[""FuXNumBwDOM"", ""S--WI8PUVVo"", ""_zUCMfYkgj0""]","[""Taylor Swift - ME! (feat. Brendon Urie of Panic! At The Disco) ft. Brendon Urie"", ""Taylor Swift - ME! (feat. Brendon Urie of Panic! At The Disco) (Lyric Video) ft. Brendon Urie"", ""Taylor Swift - ME! (Live on The Voice / 2019) ft. Brendon Urie""]"
2026-06-25,ready_for_it,Ready For It,4,471134425,72932,4973424,267558,"[""wIft-t-MQuE"", ""T62maKYX9tU"", ""GZeza5xTeuM"", ""MvIwx0JThsk""]","[""Taylor Swift - …Ready For It?"", ""Taylor Swift - ...Ready For It? (Audio)"", ""Taylor Swift - …Ready for It? (BloodPop® Remix) (Audio)"", ""Taylor Swift, BloodPop® - ...Ready For It?""]"
2026-06-25,the_fate_of_ophelia,The Fate Of Ophelia,5,467373298,2093947,4051607,165432,"[""ko70cExuzZM"", ""rbmdfEQODOw"", ""svcboYY81wU"", ""yX2kZ8OIsfU"", ""PdMdbiY6-lE""]","[""Taylor Swift - The Fate of Ophelia (Official Music Video)"", ""Taylor Swift - The Fate of Ophelia (Lyric Video)"", ""Taylor Swift - The Fate of Ophelia (Visualizer)"", ""Taylor Swift - The Fate of Ophelia (The Chainsmokers Remix) (Visualizer)"", ""Taylor Swift - The Fate of Ophelia (Alone In My Tower Acoustic Version) (Visualizer)""]"
2026-06-25,fortnight_acoustic_version,Fortnight [Acoustic Version],13,457268925,185920,13065637,272496,"[""q3zqJs7JUCQ"", ""b7kmP1fsGg8"", ""2hBLC7E8v3A"", ""HZIg5sQrPAM"", ""HzsQHfBA3MY"", ""KJXP13hqf2I"", ""ZwlBxvnH-So"", ""0GQ_QeZxdzo"", ""F0TUVujmtxY"", ""AtDCWnV_Vzo"", ""7yRXgL7SaV0"", ""w04K8z_nfDI"", ""PQTA-EVc5DI""]","[""Taylor Swift - Fortnight (feat. Post Malone) (Official Music Video)"", ""Taylor Swift - Fortnight (feat. Post Malone)"", ""Share your “fortnight” recap with #ForAFortnightChallenge 🤍 brought to you by YouTube Shorts"", ""Taylor Swift - Fortnight (feat. Post Malone) (Acoustic)"", ""Taylor Swift - Fortnight (feat Post Malone) (Official Lyric Video)"", ""Taylor Swift - Fortnight (feat Post Malone) (BLOND:ISH Remix)"", ""A fortnight since TTPD 🤍 brought to you by YouTube Shorts #ForAFortnightChallenge"", ""Taylor Swift - Fortnight (feat. Post Malone) (Behind the Scenes)"", ""A fortnight til Paris 🤍 Brought to you by YouTube Shorts #ForAFortnightChallenge"", ""A fortnight making TTPD 🤍 Brought to you by YouTube Shorts #ForAFortnightChallenge"", ""Album tonight. Fortnight music video tomorrow at 8pm et."", ""Fortnight (Behind the Scenes with Post Malone, Ethan Hawke & Josh Charles)"", ""Taylor Swift - Fortnight (feat. Post Malone) (Cults Remix)""]"
2026-06-25,everything_has_changed,Everything Has Changed - Remix,4,449141340,88023,3615563,165059,"[""w1oM3kQpXRo"", ""eMcMbWl0fDk"", ""YfPfgZjhH1w"", ""dgzN0Puq_hE""]","[""Taylor Swift - Everything Has Changed ft. Ed Sheeran"", ""Taylor Swift - Everything Has Changed (Taylor's Version) (Lyric Video) ft. Ed Sheeran"", ""Britain's Got Talent performance: Everything Has Changed"", ""\""Everything Has Changed\"" Song Preview from RED - Now Available""]"
2026-06-25,you_need_to_calm_down,You Need To Calm Down,3,424480156,111428,5674678,303643,"[""Dkk9gvTmCXY"", ""GWtfOHBF1_w"", ""Uxg-ivPGusQ""]","[""Taylor Swift - You Need To Calm Down"", ""Taylor Swift - You Need To Calm Down (Lyric Video)"", ""Taylor Swift - You Need To Calm Down (Live From Paris)""]"
2026-06-25,lover,Lover,5,419267321,150019,5273309,163762,"[""-BjZmE2gtdo"", ""cvUAzpn48xA"", ""KmT4Y8w1nho"", ""dmipFjOtMA8"", ""a4iTHPwioEc""]","[""Taylor Swift - Lover (Official Music Video)"", ""Taylor Swift - Lover (Official Lyric Video)"", ""Taylor Swift - Lover (First Dance Remix)"", ""Taylor Swift - \""Lover\"" (Live on Saturday Night Live / 2019)"", ""Taylor Swift - Lover (Live From Paris)""]"
2026-06-25,pledge_allegiance_to_your_your_your_viiiiiiiibes,Pledge Allegiance To Your Your Your Viiiiiiiibes,1,403873806,10030,1943639,18288,"[""GXODnqWPzH8""]","[""Pledge allegiance to your 👐 your 🏈 your viiiiiiiibes""]"
2026-06-25,mine,Mine,4,365920491,68906,1667349,96971,"[""oxNLRqMJMZk"", ""XPBwXKgDTdE"", ""xcLIGAIkztc"", ""_9RWI5JBew0""]","[""Taylor Swift - Mine (Taylor's Version) (Lyric Video)"", ""Taylor Swift - Mine"", ""Taylor Swift - Mine (Live on Letterman)"", ""Taylor Swift - Mine (Live, BBC Radio 2 Session)""]"
2026-06-25,red,Red,3,345289714,116784,2330720,86078,"[""R_rUYuFtNO4"", ""Zlot0i3Zykw"", ""gQ0pP2z9niw""]","[""Taylor Swift - Red (Taylor's Version) (Lyric Video)"", ""Taylor Swift - Red"", ""Taylor Swift - Red (Live from New York City)""]"
2026-06-25,end_game_karaoke_version,End Game [Karaoke Version],2,319714542,46513,3578231,182745,"[""dfnCAmr569k"", ""VA7Y_Psp5l4""]","[""Taylor Swift - End Game ft. Ed Sheeran, Future"", ""End Game - Behind The Scenes""]"
2026-06-25,cruel_summer,Cruel Summer - Live from TS | The Eras Tour,3,300597951,262141,1974344,59426,"[""ic8j13piAhQ"", ""xB-RZqcoIgo"", ""GBb8vC0DeXY""]","[""Taylor Swift - Cruel Summer (Official Audio)"", ""Taylor Swift - Cruel Summer (Live from Taylor Swift | The Eras Tour)"", ""Taylor Swift - Cruel Summer (LP Giobbi Remix)""]"
2026-06-25,anti_hero,Anti Hero,9,300535516,134392,4297294,126021,"[""b1kbLwvqugk"", ""XqN2qFvY64U"", ""T1d9PiRAJNM"", ""uybMJ8cSWtA"", ""nF4Jc9sPPug"", ""P0haCYjysUs"", ""eSLO-HpSWD0"", ""-ddfFsLHNQs"", ""Cd3v_pRgOp8""]","[""Taylor Swift - Anti-Hero (Official Music Video)"", ""Taylor Swift - Anti-Hero (Official Lyric Video)"", ""Taylor Swift - Anti-Hero (feat. Bleachers)"", ""Taylor Swift - Anti-Hero (Kungs Remix)"", ""Taylor Swift - Anti-Hero (ILLENIUM Remix)"", ""Anti-Hero (Behind The Scenes with The Ghosts In The Room)"", ""Taylor Swift - Anti-Hero (Roosevelt Remix)"", ""Anti-Hero (Behind the Scenes with Mike Birbiglia, John Early & Mary Elizabeth Ellis)"", ""Taylor Swift - Anti-Hero (Jayda G Remix)""]"
2026-06-25,cardigan,Cardigan,4,277534931,136460,4151028,162788,"[""K-a8s8OLBSE"", ""zLSUp53y-HQ"", ""i50QUXDeC80"", ""PQp643val70""]","[""Taylor Swift - cardigan"", ""Taylor Swift - cardigan (Official Lyric Video)"", ""Taylor Swift - cardigan (cabin in candlelight version / Visualizer)"", ""cardigan (behind the scenes - forest & ocean)""]"
2026-06-25,all_too_well,All Too Well,6,264711070,109902,3421524,103720,"[""sRxrwjOtIag"", ""9OQBDdNHmXo"", ""BZ-rLBkUZf4"", ""nJr_8l0AEWE"", ""pPrdGE4w9ZM"", ""UDzPTerKZn8""]","[""All Too Well (10 Minute Version) (Taylor's Version) (From The Vault) (Lyric Video)"", ""Taylor Swift - All Too Well (Taylor's Version) (Lyric Video)"", ""All Too Well (10 Minute Version) (Taylor's Version) (From The Vault) (Lyric Video)"", ""Taylor Swift - All Too Well (10 Minute Version) (Live on Saturday Night Live)"", ""All Too Well (10 Minute Version) (Taylor's Version) (From The Vault) (Karaoke)"", ""Taylor Swift - All Too Well (Taylor's Version) (Karaoke)""]"
2026-06-25,mean,Mean,3,248667072,27854,1594478,118687,"[""jYa1eI1hpDE"", ""8AR1dKawCi8"", ""RQuY8kERaU0""]","[""Taylor Swift - Mean"", ""Taylor Swift - Mean (Taylor's Version) (Lyric Video)"", ""Taylor Swift - Mean (Live from New York City)""]"
2026-06-25,join_my_tsantiherochallenge_and_share_your_anti_heroic_traits_brought_to_you_by_youtube_shorts,Join My Tsantiherochallenge And Share Your Anti Heroic Traits Brought To You By Youtube Shorts,2,234062687,1679,9545136,40200,"[""U1IqinpmpQE"", ""9Wx2It8SbLs""]","[""🫣 Join my #TSAntiHeroChallenge and share your anti-heroic traits, brought to you by YouTube Shorts."", ""😺 Join my #TSAntiHeroChallenge and share your anti-heroic traits, brought to you by YouTube Shorts.""]"
2026-06-25,our_song,Our Song,1,229739348,33167,985454,67304,"[""Jb2stN7kH28""]","[""Taylor Swift - Our Song""]"
2026-06-25,begin_again,Begin Again,3,227991737,50505,1516625,67688,"[""cMPEd8m79Hw"", ""dXNZaHuKWNA"", ""cQ5tlnGg4wc""]","[""Taylor Swift - Begin Again"", ""Taylor Swift - Begin Again (Taylor's Version) (Lyric Video)"", ""Taylor Swift - Begin Again (Live from New York City)""]"
2026-06-25,out_of_the_woods,Out Of The Woods,2,225057306,50089,2197319,133298,"[""JLf9q36UsBk"", ""gp1MR2WAAXY""]","[""Taylor Swift - Out Of The Woods"", ""Taylor Swift - Out Of The Woods (Taylor's Version) (Lyric Video)""]"
2026-06-25,safe_and_sound_feat_the_civil_wars,Safe And Sound Feat The Civil Wars,1,216390042,29587,2021839,107372,"[""RzhAS_GnJIc""]","[""Safe & Sound feat. The Civil Wars (The Hunger Games: Songs From District 12 And Beyond)""]"
2026-06-25,the_man,The Man,7,192409181,41978,3878452,161399,"[""AqAJLh9wuZ0"", ""tbEekLA7J3Y"", ""pHoHDNxay3A"", ""F3aXpa1rQEY"", ""a5gXfaAFPOM"", ""mxtUnuldKgc"", ""IQL1vIP9sos""]","[""Taylor Swift - The Man (Official Video)"", ""Taylor Swift - The Man (Lyric Video)"", ""Taylor Swift - The Man (Official Audio)"", ""Taylor Swift - The Man (Live From Paris)"", ""Taylor Swift - The Man (Becoming The Man: Behind The Scenes)"", ""Taylor Swift - The Man (Behind The Scenes: Directing)"", ""Taylor Swift - The Man (Behind The Scenes: The Umpire)""]"
2026-06-25,willow,Willow,7,191808359,72787,2973620,133941,"[""RsEZmictANA"", ""7EvwIw4gIyk"", ""H9rBt-8jiBE"", ""7XLW5CvDQ7E"", ""qybUgW7eoZQ"", ""sViZJopFdYg"", ""iTNZ-OzBoBo""]","[""Taylor Swift - willow (Official Music Video)"", ""Taylor Swift - willow (Official Lyric Video)"", ""Taylor Swift - willow (lonely witch version) - [yule log]"", ""Taylor Swift - willow (moonlit witch version)"", ""Taylor Swift - willow - [yule log]"", ""Taylor Swift - willow (dancing witch version) - [yule log]"", ""Taylor Swift - willow (moonlit witch version) - [yule log]""]"
2026-06-25,gorgeous,Gorgeous,1,187137280,45313,1604939,75134,"[""EUoe7cf0HYw""]","[""Taylor Swift - Gorgeous (Lyric Video)""]"
2026-06-25,fifteen,Fifteen,2,182532153,16176,912666,74826,"[""Pb-K2tXWK4w"", ""rLCol1C3ouc""]","[""Taylor Swift - Fifteen"", ""Taylor Swift - Fifteen (Taylor's Version) (Lyric Video)""]"
2026-06-25,white_horse,White Horse,2,182399849,40663,982647,54105,"[""9-rKvhsjwKU"", ""D1Xr-JFLxik""]","[""Taylor Swift - White Horse (Taylor's Version) (Lyric Video)"", ""Taylor Swift - White Horse""]"
2026-06-25,teardrops_on_my_guitar,Teardrops On My Guitar,2,179678518,26306,875995,62837,"[""xKCek6_dB0M"", ""1-oRawNFmk4""]","[""Taylor Swift - Teardrops On My Guitar"", ""Taylor Swift - Teardrops On My Guitar (Live From Clear Channel Stripped 2008 / Audio)""]"
2026-06-25,the_story_of_us,The Story Of Us,2,170964969,33306,966842,49151,"[""nN6VR92V70M"", ""pRhWAXg4xek""]","[""Taylor Swift - The Story Of Us"", ""Taylor Swift - The Story Of Us (Taylor's Version) (Lyric Video)""]"
2026-06-25,exile_the_long_pond_studio_sessions,exile [the long pond studio sessions],2,164198483,92805,1834225,66230,"[""osdoLjUNFnA"", ""o5SQIECedTY""]","[""Taylor Swift – exile (feat. Bon Iver) (Official Lyric Video)"", ""Taylor Swift - exile (folklore: the long pond studio sessions | Disney+) ft. Bon Iver""]"
2026-06-25,new_romantics,New Romantics,2,147098576,28878,1342865,67256,"[""wyK7YuwUWsU"", ""3-BcH7KowGE""]","[""Taylor Swift - New Romantics"", ""Taylor Swift - New Romantics (Taylor's Version) (Lyric Video)""]"
2026-06-25,august,August,1,139142176,125213,1124599,39642,"[""nn_0zPAfyo8""]","[""Taylor Swift – august (Official Lyric Video)""]"
2026-06-25,call_it_what_you_want,Call It What You Want,1,132450403,66286,1268309,53685,"[""V54CEElTF_U""]","[""Taylor Swift - Call It What You Want (Lyric Video)""]"
2026-06-25,fearless,Fearless,3,131869774,96543,760070,32106,"[""7lLigiVgJsE"", ""ptSjNWnzpjg"", ""Tj6qU4dlKeA""]","[""Taylor Swift - Fearless (Taylor's Version) (Lyric Video)"", ""Taylor Swift - Fearless"", ""Taylor Swift - Fearless (Live From Clear Channel Stripped 2008 / Audio)""]"
2026-06-25,bejeweled,Bejeweled,5,131180982,41317,2471034,64593,"[""b7QlX3yR2xs"", ""XzKSPRqFg9E"", ""0GeyBM6NS5s"", ""UAtpbCEsJlA"", ""K-8dOw7yuPo""]","[""Taylor Swift - Bejeweled (Official Music Video)"", ""Taylor Swift - Bejeweled (Lyric Video)"", ""Bejeweled (Behind the Scenes with Dita Von Teese)"", ""Bejeweled (Behind the Scenes with Jack Antonoff, HAIM & Pat McGrath)"", ""Bejeweled (Behind the Scenes with Laura Dern)""]"
2026-06-25,sparks_fly,Sparks Fly,2,128673025,52753,753546,36252,"[""UlFrV5GJA_4"", ""oKar-tF__ac""]","[""Taylor Swift - Sparks Fly (Taylor's Version) (Lyric Video)"", ""Taylor Swift - Sparks Fly""]"
2026-06-25,picture_to_burn,Picture To Burn,2,126602079,10147,690495,39362,"[""yCMqcFAigRg"", ""kX6h4gDYLzM""]","[""Taylor Swift - Picture To Burn"", ""Taylor Swift - Picture To Burn (Live From Clear Channel Stripped 2008 / Audio)""]"
2026-06-25,daylight,Daylight,2,123260529,203807,855418,17540,"[""u9raS7-NisU"", ""JSD4XCBWzvs""]","[""Taylor Swift - Daylight (Official Audio)"", ""Taylor Swift - Daylight (Live From Paris)""]"
2026-06-25,all_too_well_the_short_film,All Too Well The Short Film,2,120370962,15319,5329974,143601,"[""tollGa3S0o8"", ""M0Ku_op-LXI""]","[""Taylor Swift - All Too Well: The Short Film"", ""Taylor Swift - All Too Well: The Short Film (Behind The Scenes)""]"
2026-06-25,ours,Ours,2,120035380,16752,890272,42029,"[""LZ34LlaIk88"", ""PH8Uc0Z_KRY""]","[""Taylor Swift - Ours"", ""Taylor Swift - Ours (Taylor’s Version) (Lyric Video)""]"
2026-06-25,live_at_the_2019_american_music_awards,Live At The 2019 American Music Awards,1,119678510,12321,2228547,75872,"[""SVY8I46dkb0""]","[""Taylor Swift - Live at the 2019 American Music Awards""]"
2026-06-25,the_way_i_loved_you,The Way I Loved You,1,115013446,110313,761236,10065,"[""DlexmDDSDZ0""]","[""Taylor Swift - The Way I Loved You (Taylor's Version) (Lyric Video)""]"
2026-06-25,lavender_haze,Lavender Haze,8,114338905,46003,2162614,62336,"[""h8DLofLM7No"", ""mkR_Qwix4Ho"", ""anqxTwGE_nQ"", ""kE31ShDEOwg"", ""6DdAzVDVBpw"", ""pCH19_8E4Hw"", ""ZZtamrXjB_w"", ""nfFujEdM0_E""]","[""Taylor Swift - Lavender Haze (Official Music Video)"", ""Taylor Swift - Lavender Haze (Official Lyric Video)"", ""Taylor Swift - Lavender Haze (Acoustic Version)"", ""Taylor Swift - Lavender Haze (Snakehips Remix)"", ""Taylor Swift - Lavender Haze (Felix Jaehn Remix)"", ""Taylor Swift - Lavender Haze (Behind The Scenes)"", ""Taylor Swift - Lavender Haze (Tensnake Remix)"", ""Taylor Swift - Lavender Haze (Jungle Remix)""]"
2026-06-25,opalite,Opalite,7,111975047,304863,1239546,49951,"[""3PJC6uPIekc"", ""1FVF-9KQiPo"", ""4FUIEcnvT04"", ""vZJXqv48lIc"", ""wNYl89BsIyg"", ""ZeiAo9SeDE8"", ""K3jkKvnemws""]","[""Taylor Swift - Opalite (Lyric Video)"", ""Taylor Swift - Opalite (Official Music Video)"", ""Taylor Swift - Opalite (Visualizer)"", ""Taylor Swift - Opalite (BUNT. Remix) (Visualizer)"", ""Taylor Swift - Opalite (Ely Oaks Remix) (Visualizer)"", ""Taylor Swift - Opalite (Chris Lake Remix) (Visualizer)"", ""Taylor Swift - Opalite (Skream Remix) (Visualizer)""]"
2026-06-25,enchanted,Enchanted,1,98844581,170534,828025,18311,"[""igIfiqqVHtA""]","[""Taylor Swift - Enchanted (Taylor's Version) (Lyric Video)""]"
2026-06-25,cornelia_street,Cornelia Street,3,86869359,58647,760857,25080,"[""VikHHWrgb4Y"", ""3xGvCApIEQY"", ""Vgt1d3eAm7A""]","[""Taylor Swift - Cornelia Street (Official Audio)"", ""Taylor Swift - Cornelia Street (Live From Paris)"", ""Taylor Swift - Cornelia Street (Live From Paris)""]"
2026-06-25,me,Me,3,86785747,12545,1831756,63134,"[""bqOfdv9i4sE"", ""MA0HQG9J9Yk"", ""DIMDgq_MYJs""]","[""ME! (feat. Brendon Urie of Panic! At The Disco) (Live From The Billboard Music Awards / 2019)"", ""Taylor Swift - ME! (Live on The Graham Norton Show)"", ""Taylor Swift - ME! (Live From Paris)""]"
2026-06-25,i_bet_you_think_about_me_from_the_vault_feat_chris_stapleton,I Bet You Think About Me [From The Vault] [feat. Chris Stapleton],3,85257259,25495,1904321,52691,"[""5UMCrq-bBCg"", ""AccGdO5XeZY"", ""VN55tCajFYg""]","[""Taylor Swift ft. Chris Stapleton - I Bet You Think About Me (Taylor's Version) (Official Video)"", ""I Bet You Think About Me (Taylor's Version) (From The Vault) (Lyric Video)"", ""I Bet You Think About Me (Taylor's Version) (From The Vault) (Lyric Video)""]"
2026-06-25,i_can_do_it_with_a_broken_heart,I Can Do It With A Broken Heart,3,81313171,49811,1356721,59176,"[""Sl6en1NPTYM"", ""i8_w_m6HLJ0"", ""b6zPqm0lLQs""]","[""Taylor Swift - I Can Do It With A Broken Heart (Official Video)"", ""Taylor Swift - I Can Do It With a Broken Heart (Official Lyric Video)"", ""Taylor Swift - I Can Do It With A Broken Heart (Dombresky Remix)""]"
2026-06-25,total_surprise_share_yours_with_tsantiherochallenge_brought_to_you_by_youtube_shorts,Total Surprise Share Yours With Tsantiherochallenge Brought To You By Youtube Shorts,1,79828653,495,3346228,24532,"[""lM1P2JwZ5jE""]","[""Total surprise 😉 Share yours with  #TSAntiHeroChallenge brought to you by YouTube Shorts.""]"
2026-06-25,karma_ft_ice_spice,Karma Ft Ice Spice,1,79062301,25529,1444856,51997,"[""XzOvgu3GPwY""]","[""Taylor Swift ft. Ice Spice - Karma (Official Music Video) ft. Ice Spice""]"
2026-06-25,lover_feat_shawn_mendes,Lover Feat Shawn Mendes,2,78072640,62817,1184746,29944,"[""b5Zay_Hd_7Q"", ""RGJFqm1BnP4""]","[""Taylor Swift - Lover Remix Feat. Shawn Mendes (Lyric Video)"", ""Taylor Swift - Lover Remix Feat. Shawn Mendes (Snow Globe Lyric Video)""]"
2026-06-25,champagne_problems,Champagne Problems,1,76543466,49327,656630,19204,"[""wMpqCRF7TKg""]","[""Taylor Swift - champagne problems (Official Lyric Video)""]"
2026-06-25,the_1,The 1,1,66837710,31058,710130,20026,"[""KsZ6tROaVOQ""]","[""Taylor Swift - the 1 (Official Lyric Video)""]"
2026-06-25,you_re_on_your_own_kid,You Re On Your Own Kid,1,65488981,59401,420880,6067,"[""7Gbg6Z70J7E""]","[""Taylor Swift - You're On Your Own, Kid (Official Lyric Video)""]"
2026-06-25,guilty_as_sin,Guilty As Sin,1,64874406,162769,229083,4636,"[""OOYlWF6V8t8""]","[""Taylor Swift - Guilty as Sin (Official Lyric Video)""]"
2026-06-25,its_me_sharing_all_the_problems_join_the_tsantiherochallenge_brought_to_you_by_youtube_shorts,Its Me Sharing All The Problems Join The Tsantiherochallenge Brought To You By Youtube Shorts,1,64666769,3710,2787587,18252,"[""IVQqOzFKN2M""]","[""It’s me, 👋 sharing ALL the problems. Join the #TSAntiHeroChallenge brought to you by YouTube Shorts""]"
2026-06-25,the_last_time_feat_gary_lightbody,The Last Time [feat. Gary Lightbody],3,64210539,10445,561502,14794,"[""QuijXg8wm28"", ""pCH4QrSx2Jg"", ""TfjfzDIAIGE""]","[""Taylor Swift - The Last Time ft. Gary Lightbody"", ""Taylor Swift - The Last Time (Taylor's Version) (Lyric Video) ft. Gary Lightbody"", ""\""The Last Time\"" Song Preview from RED - Now Available""]"
2026-06-25,midnight_rain,Midnight Rain,1,63583345,52725,489882,6492,"[""Odh9ddPUkEY""]","[""Taylor Swift - Midnight Rain (Official Lyric Video)""]"
2026-06-25,my_tears_ricochet,My Tears Ricochet,1,60755091,51417,529738,13525,"[""OWbDJFtHl3w""]","[""Taylor Swift – my tears ricochet (Official Lyric Video)""]"
2026-06-25,betty,Betty,2,59681393,16205,1043453,46675,"[""6TAPqXkZW_I"", ""orXAg5dIMa8""]","[""Taylor Swift – betty (Official Lyric Video)"", ""Taylor Swift - betty (Live from the 2020 Academy of Country Music Awards)""]"
2026-06-25,change,Change,4,56555559,3608,295170,20353,"[""B1jYllE0T-k"", ""jwWR1cQTKyw"", ""FMDVWSqALRs"", ""QDiyzUSx288""]","[""Taylor Swift - Change"", ""Taylor Swift - Change (Taylor's Version) (Lyric Video)"", ""Taylor Swift - Change (Live)"", ""Taylor Swift - Change (Live From Clear Channel Stripped 2008 / Audio)""]"
2026-06-25,tim_mcgraw,Tim Mcgraw,1,55970489,10953,375936,25104,"[""GkD20ajVxnY""]","[""Taylor Swift - Tim McGraw""]"
2026-06-25,paper_rings,Paper Rings,1,55404687,26599,522755,9955,"[""8zdg-pDF10g""]","[""Taylor Swift - Paper Rings (Official Audio)""]"
2026-06-25,i_can_see_you,I Can See You,3,55309064,18074,1478472,53424,"[""lVkKLf4DCn8"", ""jOD86iMAEY0"", ""AFzzgQ7uCw4""]","[""Taylor Swift - I Can See You (Taylor’s Version) (From The Vault) (Official Video)"", ""Taylor Swift - I Can See You (Taylor’s Version) (From The Vault) (Lyric Video)"", ""I Can See You (From The Vault) (Behind the Scenes with Joey King, Taylor Lautner & Presley Cash)""]"
2026-06-25,its_me_benjamin_joining_the_tsantiherochallenge_brought_to_you_by_youtube_shorts,Its Me Benjamin Joining The Tsantiherochallenge Brought To You By Youtube Shorts,1,53271982,1052,2869900,15459,"[""ijjGqwdXa1c""]","[""It’s me, Benjamin 🐱 joining the #TSAntiHeroChallenge brought to you by YouTube Shorts""]"
2026-06-25,mr_perfectly_fine,Mr Perfectly Fine,1,51138560,17770,709560,37568,"[""rFjJs6ZjPe8""]","[""Taylor Swift - Mr. Perfectly Fine (Taylor’s Version) (From The Vault) (Lyric Video)""]"
2026-06-25,the_archer,The Archer,2,47167462,19362,779094,40090,"[""8KpKc3C9V3w"", ""d_2WyBcFbFY""]","[""Taylor Swift - The Archer (Lyric Video)"", ""Taylor Swift - The Archer (Live From Paris)""]"
2026-06-25,long_live,Long Live,1,46964544,81096,284082,8395,"[""F5TMU6916U8""]","[""Taylor Swift - Long Live (Taylor's Version) (Lyric Video)""]"
2026-06-25,london_boy,London Boy,1,45789312,42619,335004,12960,"[""VsKoOH6DVys""]","[""Taylor Swift - London Boy (Official Audio)""]"
2026-06-25,miss_americana_and_the_heartbreak_prince,Miss Americana And The Heartbreak Prince,1,44723978,17849,349518,9692,"[""Kwf7P2GNAVw""]","[""Taylor Swift - Miss Americana & The Heartbreak Prince (Official Audio)""]"
2026-06-25,the_best_day,The Best Day,3,43028359,11929,720461,29741,"[""n0cde-Km05o"", ""KZeI9I875Ig"", ""l4_6eQm7RTQ""]","[""Taylor Swift - The Best Day (Taylor's Version) (Official Music Video)"", ""Taylor Swift - The Best Day (Taylor's Version) (Lyric Video)"", ""Taylor Swift - The Best Day""]"
2026-06-25,i_m_only_me_when_i_m_with_you,I M Only Me When I M With You,1,42494070,1928,191699,10771,"[""AlTfYj7q5gQ""]","[""Taylor Swift - I'm Only Me When I'm With You""]"
2026-06-25,maroon,Maroon,1,40728943,28434,287405,5236,"[""lvHZjvIyqsk""]","[""Taylor Swift - Maroon (Official Lyric Video)""]"
2026-06-25,karma,Karma,3,40664563,10946,696779,23693,"[""rg18Kf4en2o"", ""Hoi-PI8QpTU"", ""ZwK7hrDC5UM""]","[""Taylor Swift - Karma (Lyric Video)"", ""Taylor Swift ft. Ice Spice - Karma (Official Visualizer)"", ""Karma (feat. Ice Spice) (Behind the Scenes)""]"
2026-06-25,snow_on_the_beach_ft_lana_del_rey,Snow On The Beach Ft Lana Del Rey,1,39205245,26253,460529,8933,"[""ycE7bUq3-2k""]","[""Taylor Swift - Snow On The Beach (Lyric Video) ft. Lana Del Rey""]"
2026-06-25,right_where_you_left_me,Right Where You Left Me,1,39195349,40828,455998,16406,"[""Ur_wAcYDnuA""]","[""Taylor Swift - right where you left me (Official Lyric Video)""]"
2026-06-25,down_bad,Down Bad,1,37852900,33283,190970,4576,"[""EVbtjaWXQVg""]","[""Taylor Swift - Down Bad (Official Lyric Video)""]"
2026-06-25,you_re_losing_me,You Re Losing Me,1,36928529,27224,393971,21046,"[""pQq9eP5OFhw""]","[""Taylor Swift - You're Losing Me (From The Vault)""]"
2026-06-25,the_life_of_a_showgirl_dressing_room_rehearsal_version,The Life of a Showgirl [Dressing Room Rehearsal Version],7,36612682,45368,754841,26015,"[""OU6362Nggg0"", ""slUhVTAznMo"", ""w_DD-7_zVtw"", ""zqaLqctWP28"", ""0Xh9s_3uRO8"", ""BLFnkfAc7iY"", ""V9ED1fR21U0""]","[""Taylor Swift - The Life of a Showgirl (Feat. Sabrina Carpenter) (Lyric Video)"", ""Taylor Swift - The Life of a Showgirl (feat. Sabrina Carpenter) (Visualizer)"", ""And, baby, that’s show business for you. New album The Life of a Showgirl. Out October 3  ❤️‍🔥"", ""The Life of a Showgirl: The Tiny Bubbles in Champagne Vinyl Collection ❤️‍🔥"", ""The Life of a Showgirl: The Shiny Bug Vinyl Collection is available now on my site for 48 hours❤️‍🔥"", ""The Life of a Showgirl: Baby, That’s Show Business Vinyl Collection is available now on my site❤️‍🔥"", ""The Life of a Showgirl: The Crowd is Your King Edition only at Target""]"
2026-06-25,elizabeth_taylor,Elizabeth Taylor,3,36538800,92530,451492,18988,"[""WqbJT_vC0rs"", ""7X5iDKPrZH0"", ""4Mg_Qtr6Osg""]","[""Taylor Swift - Elizabeth Taylor (Official Music Video)"", ""Taylor Swift - Elizabeth Taylor (Lyric Video)"", ""Taylor Swift - Elizabeth Taylor (Visualizer)""]"
2026-06-25,speak_now,Speak Now,2,35507360,12565,360422,15277,"[""JlZnvyBqceY"", ""4wUPASp2hfY""]","[""Taylor Swift - Speak Now (Taylor's Version) (Lyric Video)"", ""Taylor Swift - Speak Now (Live on Letterman)""]"
2026-06-25,is_it_over_now,Is It Over Now,1,35370367,26336,294629,8373,"[""tNxUxm3-658""]","[""Taylor Swift - Is It Over Now? (Taylor's Version) (From The Vault) (Lyric Video)""]"
2026-06-25,afterglow,Afterglow,1,35065428,17211,317300,6940,"[""8HxbqAsppwU""]","[""Taylor Swift - Afterglow (Official Audio)""]"
2026-06-25,message_in_a_bottle,Message In A Bottle,2,34273750,50179,436926,14579,"[""cVaG6adE2mA"", ""mCWRjuhRRYg""]","[""Taylor Swift - Message In A Bottle (Taylor's Version) (From The Vault) (Lyric Video)"", ""Taylor Swift - Message In A Bottle (Fat Max G Remix) (Taylor’s Version) (Visualizer)""]"
2026-06-25,invisible_string,Invisible String,1,33910310,18622,350343,9686,"[""OuFnpmGwg5k""]","[""Taylor Swift – invisible string (Official Lyric Video)""]"
2026-06-25,whos_afraid_of_little_old_me,Whos Afraid Of Little Old Me,1,33168012,22720,235639,7534,"[""vOZFiX6hDXQ""]","[""Taylor Swift - Who’s Afraid of Little Old Me? (Official Lyric Video)""]"
2026-06-25,illicit_affairs,Illicit Affairs,1,33108896,18187,325525,7649,"[""MLV2SJKWk4M""]","[""Taylor Swift – illicit affairs (Official Lyric Video)""]"
2026-06-25,loml,Loml,1,33029497,61478,173708,4403,"[""GZ4vaTRn0HU""]","[""Taylor Swift - loml (Official Lyric Video)""]"
2026-06-25,mirrorball,Mirrorball,1,32993587,15550,349147,8968,"[""KaM1bCuG4xo""]","[""Taylor Swift – mirrorball (Official Lyric Video)""]"
2026-06-25,the_last_great_american_dynasty,The Last Great American Dynasty,1,31808230,12939,369562,11911,"[""2s5xdY6MCeI""]","[""Taylor Swift - the last great american dynasty (Official Lyric Video)""]"
2026-06-25,i_forgot_that_you_existed,I Forgot That You Existed,1,31535107,7811,343360,8386,"[""p1cEvNn88jM""]","[""Taylor Swift - I Forgot That You Existed (Official Audio)""]"
2026-06-25,this_love,This Love,1,29489718,22372,553332,23720,"[""mvxQYPR4lmU""]","[""Taylor Swift - This Love (Taylor's Version) (Lyric Video)""]"
2026-06-25,no_body_no_crime_ft_haim,No Body No Crime Ft Haim,1,29275105,6872,446296,14693,"[""IEPomqor2A8""]","[""Taylor Swift - no body, no crime (Official Lyric Video) ft. HAIM""]"
2026-06-25,so_high_school,So High School,1,29205835,48717,185401,5503,"[""w-FkV0EM_CU""]","[""Taylor Swift -  So High School (Official Lyric Video)""]"
2026-06-25,the_great_war,The Great War,1,29162634,20585,232407,4108,"[""iFX6_9h7th0""]","[""Taylor Swift - The Great War (Official Lyric Video)""]"
2026-06-25,christmas_tree_farm,Christmas Tree Farm,2,29012237,1287,849044,32263,"[""mN3rDTAdM2o"", ""Ozk8xq0Lp1g""]","[""Taylor Swift - Christmas Tree Farm"", ""Taylor Swift - Christmas Tree Farm (Lyric Video)""]"
2026-06-25,my_boy_only_breaks_his_favorite_toys,My Boy Only Breaks His Favorite Toys,1,28051268,26518,156124,3613,"[""wRKXAAV6jh4""]","[""Taylor Swift - My Boy Only Breaks His Favorite Toys (Official Lyric Video)""]"
2026-06-25,this_is_me_trying,This Is Me Trying,1,27964093,16839,355015,9717,"[""9bdLTPNrlEg""]","[""Taylor Swift – this is me trying (Official Lyric Video)""]"
2026-06-25,father_figure,Father Figure,2,27103207,45637,193325,8677,"[""98SmlWOKuME"", ""b3hW8c9mmLQ""]","[""Taylor Swift - Father Figure (Lyric Video)"", ""Taylor Swift - Father Figure (Visualizer)""]"
2026-06-25,so_long_london,So Long London,1,26588992,19420,169544,4302,"[""CCUr2pNJft4""]","[""Taylor Swift - So Long, London (Official Lyric Video)""]"
2026-06-25,but_daddy_i_love_him,But Daddy I Love Him,1,26573933,19784,171344,4867,"[""U2W173hRfyA""]","[""Taylor Swift - But Daddy I Love Him (Official Lyric Video)""]"
2026-06-25,welcome_to_new_york,Welcome To New York,1,26235804,25080,259569,8771,"[""FsGdznlfE2U""]","[""Taylor Swift - Welcome To New York (Taylor's Version) (Lyric Video)""]"
2026-06-25,false_god,False God,2,25987642,20697,400814,9883,"[""acQXa5ArHIk"", ""kjD3LoXp-Pw""]","[""Taylor Swift - False God (Official Audio)"", ""Taylor Swift - \""False God\"" (Live on Saturday Night Live / 2019)""]"
2026-06-25,tolerate_it,Tolerate It,1,25833582,14325,301259,8994,"[""ukxEKY_7MOc""]","[""Taylor Swift - tolerate it (Official Lyric Video)""]"
2026-06-25,wi_h_li_t,Wi H Li T,2,25565782,63322,211189,8994,"[""wqgUzLHgNMI"", ""mC54kTYa9oI""]","[""Taylor Swift - Wi$h Li$t (Lyric Video)"", ""Taylor Swift - Wi$h Li$t (Visualizer)""]"
2026-06-25,seven,Seven,1,25229697,11065,327797,12264,"[""pEY-GPsru_E""]","[""Taylor Swift – seven (Official Lyric Video)""]"
2026-06-25,taylor_performs_wildest_dreams_at_the_grammy_museum,Taylor Performs Wildest Dreams At The Grammy Museum,1,24875034,4175,432245,14102,"[""OGDkg3QiJmk""]","[""Taylor Performs \""Wildest Dreams\"" at The GRAMMY Museum""]"
2026-06-25,taylor_performs_blank_space_at_the_grammy_museum,Taylor Performs Blank Space At The Grammy Museum,1,24683993,4173,482247,13879,"[""p1Zt47V3pPw""]","[""Taylor performs \""Blank Space\"" at The GRAMMY Museum""]"
2026-06-25,death_by_a_thousand_cuts,Death By A Thousand Cuts,2,23926441,8919,277588,7054,"[""GTEFSuFfgnU"", ""rqsmrSyLTNM""]","[""Taylor Swift - Death By A Thousand Cuts (Official Audio)"", ""Taylor Swift - Death By A Thousand Cuts (Live From Paris)""]"
2026-06-25,would_ve_could_ve_should_ve,Would Ve Could Ve Should Ve,1,23815458,11982,239214,5778,"[""B-MfwP_RmHY""]","[""Taylor Swift - Would've, Could've, Should've (Official Lyric Video)""]"
2026-06-25,evermore_ft_bon_iver,Evermore Ft Bon Iver,1,23407194,6452,369352,11999,"[""EXLgZZE072g""]","[""Taylor Swift - evermore (Official Lyric Video) ft. Bon Iver""]"
2026-06-25,all_too_well_recorded_at_long_pond_studios,All Too Well Recorded At Long Pond Studios,2,22728606,11901,763843,24111,"[""r0yq_yXFQhg"", ""gRo0ZtgB2io""]","[""Taylor Swift - All Too Well (Sad Girl Autumn Version) - Recorded at Long Pond Studios"", ""All Too Well (Sad Girl Autumn Version) - Recorded at Long Pond Studios (Lyric Video)""]"
2026-06-25,now_that_we_don_t_talk,Now That We Don T Talk,1,22531651,15472,214053,5545,"[""yF4ulRTCn44""]","[""Taylor Swift - Now That We Don't Talk (Taylor's Version) (From The Vault) (Lyric Video)""]"
2026-06-25,i_think_he_knows,I Think He Knows,1,21111646,5455,220355,5843,"[""2d1wKn-oJnA""]","[""Taylor Swift - I Think He Knows (Official Audio)""]"
2026-06-25,better_man,Better Man,1,21022863,21244,245365,5193,"[""PReSQYTFvcs""]","[""Taylor Swift - Better Man (Taylor's Version) (From The Vault) (Lyric Video)""]"
2026-06-25,the_prophecy,The Prophecy,1,20726675,30023,131576,3361,"[""_PsBoqNwYo4""]","[""Taylor Swift - The Prophecy (Official Lyric Video)""]"
2026-06-25,taylor_swift_s_gift_giving_of_2014_swiftmas,Taylor Swift S Gift Giving Of 2014 Swiftmas,1,20152723,101,187600,16689,"[""j3yyF31jbKo""]","[""Taylor Swift's Gift Giving of 2014 | SWIFTMAS""]"
2026-06-25,mastermind,Mastermind,1,20143531,8200,180197,3312,"[""Tmz1lz0zcLQ""]","[""Taylor Swift - Mastermind (Official Lyric Video)""]"
2026-06-25,the_alchemy,The Alchemy,1,20013338,27920,119624,2945,"[""iMMUAd66vxo""]","[""Taylor Swift - The Alchemy (Official Lyric Video)""]"
2026-06-25,the_smallest_man_who_ever_lived,The Smallest Man Who Ever Lived,1,19916002,12599,122832,3875,"[""Atdzfj8LcuY""]","[""Taylor Swift - The Smallest Man Who Ever Lived (Official Lyric Video)""]"
2026-06-25,vigilante_shit,Vigilante Shit,1,19900699,6220,256869,4303,"[""Uoey4W_3bos""]","[""Taylor Swift - Vigilante Shit (Official Lyric Video)""]"
2026-06-25,gold_rush,Gold Rush,1,19807205,5558,284047,8926,"[""Pz-f9mM3Ms8""]","[""Taylor Swift - gold rush (Official Lyric Video)""]"
2026-06-25,the_tortured_poets_department,The Tortured Poets Department,1,19541793,11389,167768,5606,"[""RQMz4JDbtmI""]","[""Taylor Swift - The Tortured Poets Department (Official Lyric Video)""]"
2026-06-25,cancelled,Cancelled,2,19478771,25223,191433,15842,"[""F-5XoUZ42Tc"", ""Ij6SgmK8KGQ""]","[""Taylor Swift - CANCELLED! (Lyric Video)"", ""Taylor Swift - CANCELLED! (Visualizer)""]"
2026-06-25,wood,Wood,2,19042113,23871,162770,8602,"[""6m50keINEOI"", ""erilCNjng-g""]","[""Taylor Swift - Wood (Lyric Video)"", ""Taylor Swift - Wood (Visualizer)""]"
2026-06-25,actually_romantic,Actually Romantic,2,18915226,23652,176402,11385,"[""FnEg1RgmqO4"", ""ShsfUTynzQU""]","[""Taylor Swift - Actually Romantic (Lyric Video)"", ""Taylor Swift - Actually Romantic (Visualizer)""]"
2026-06-25,say_don_t_go,Say Don T Go,1,18875774,17814,186627,4725,"[""C-z-IckrQK8""]","[""Taylor Swift - Say Don't Go (Taylor's Version) (From The Vault) (Lyric Video)""]"
2026-06-25,eyes_open,Eyes Open,1,18773569,684,174673,11253,"[""8hsVICl7d8k""]","[""Taylor Swift - Eyes Open (Lyric Version)""]"
2026-06-25,the_lakes,The Lakes,2,18718873,4439,572205,29533,"[""tOHcAc3r2kw"", ""y8tF0yRl8-w""]","[""Taylor Swift - the lakes (Official Lyric Video)"", ""taylor swift - the lakes (original version) [audio]""]"
2026-06-25,shake_it_off_outtakes_video_1_the_cheerleaders,Shake It Off Outtakes Video 1 The Cheerleaders,1,18670205,635,168735,3968,"[""TEpTNFHHjNg""]","[""Taylor Swift - Shake It Off Outtakes Video #1 - The Cheerleaders (Behind The Scenes Video)""]"
2026-06-25,tis_the_damn_season,Tis The Damn Season,1,18345211,6090,234545,6149,"[""WuvhOD-mP8M""]","[""Taylor Swift - ‘tis the damn season (Official Lyric Video)""]"
2026-06-25,ivy,Ivy,1,18281324,6650,223827,7375,"[""9nIOx-ezlzA""]","[""Taylor Swift - ivy (Official Lyric Video)""]"
2026-06-25,labyrinth,Labyrinth,1,18210779,18224,212656,2675,"[""xTXsKMXUi7w""]","[""Taylor Swift - Labyrinth (Lyric Video)""]"
2026-06-25,snow_on_the_beach,Snow On The Beach,1,18014934,15121,362932,14464,"[""2CnUYMmEHrs""]","[""Taylor Swift - Snow On The Beach (Feat. More Lana Del Rey)""]"
2026-06-25,ruin_the_friendship,Ruin The Friendship,2,17663649,66101,169374,6292,"[""WQCPl5rTMDQ"", ""RId6LV1wtQY""]","[""Taylor Swift - Ruin The Friendship (Lyric Video)"", ""Taylor Swift - Ruin the Friendship (Visualizer)""]"
2026-06-25,marjorie,Marjorie,1,17357670,15464,346483,12438,"[""hP6QpMeSG6s""]","[""Taylor Swift - marjorie (Official Lyric Video)""]"
2026-06-25,slut,Slut,1,17101700,7825,284814,5859,"[""qrxsceexTBw""]","[""Taylor Swift - \""Slut!\"" (Taylor's Version) (From The Vault) (Lyric Video)""]"
2026-06-25,eldest_daughter,Eldest Daughter,2,16637599,20642,200932,7633,"[""HwQnW_ZRKhc"", ""rc6NKSVv2fw""]","[""Taylor Swift - Eldest Daughter (Lyric Video)"", ""Taylor Swift - Eldest Daughter (Visualizer)""]"
2026-06-25,clean,Clean,1,16510349,21947,176534,4373,"[""AppsjTInqiw""]","[""Taylor Swift - Clean (Taylor's Version) (Lyric Video)""]"
2026-06-25,lover_s_lounge,Lover S Lounge,1,16390653,263,,4602,"[""dDO6HnY7h24""]","[""Taylor Swift - Lover's Lounge (Live)""]"
2026-06-25,imgonnagetyouback,Imgonnagetyouback,1,16376292,19594,92382,2786,"[""SBGdvxi2JmU""]","[""Taylor Swift - imgonnagetyouback (Official Lyric Video)""]"
2026-06-25,florida,Florida,1,16196514,7667,121536,3714,"[""uEssK8o3jKg""]","[""Taylor Swift - Florida!!! (feat. Florence + The Machine) (Official Lyric Video)""]"
2026-06-25,question,Question,1,16082104,4448,158982,2758,"[""xxrf_QBD5DE""]","[""Taylor Swift - Question...? (Official Lyric Video)""]"
2026-06-25,babe,Babe,1,15755873,20093,201876,5024,"[""3pj39qZZYoQ""]","[""Taylor Swift - Babe (Taylor's Version) (From The Vault) (Lyric Video)""]"
2026-06-25,mad_woman,Mad Woman,1,15410033,4262,263388,8500,"[""6DP4q_1EgQQ""]","[""Taylor Swift – mad woman (Official Lyric Video)""]"
2026-06-25,taylor_swift_the_eras_tour_concert_film_official_trailer,Taylor Swift The Eras Tour Concert Film Official Trailer,1,15407006,908,435712,20189,"[""KudedLV0tP0""]","[""TAYLOR SWIFT | THE ERAS TOUR Concert Film Official Trailer""]"
2026-06-25,hits_different,Hits Different,1,15180445,13427,207349,7527,"[""_f4yoKJL7IQ""]","[""Taylor Swift - Hits Different""]"
2026-06-25,hoax,Hoax,1,14848756,3725,281106,8985,"[""ryLGxpjwAhM""]","[""Taylor Swift – hoax (Official Lyric Video)""]"
2026-06-25,coney_island_ft_the_national,Coney Island Ft The National,1,14848544,4780,184861,6541,"[""c_p_TBaHvos""]","[""Taylor Swift - coney island (Lyric Video) ft. The National""]"
2026-06-25,cowboy_like_me,Cowboy Like Me,1,14789042,7783,184576,7116,"[""YPlNBb6I8qU""]","[""Taylor Swift - cowboy like me (Official Lyric Video)""]"
2026-06-25,dear_john,Dear John,1,14758008,13093,163877,4675,"[""N-FYySSy0rM""]","[""Taylor Swift - Dear John (Taylor's Version) (Lyric Video)""]"
2026-06-25,only_the_young,Only The Young,1,14584723,2769,402168,16600,"[""GJU-S1t2r1M""]","[""Taylor Swift - Only The Young (Featured in Miss Americana / Lyric Video)""]"
2026-06-25,last_kiss,Last Kiss,1,14503800,23697,139572,3886,"[""idWma942CUI""]","[""Taylor Swift - Last Kiss (Taylor's Version) (Lyric Video)""]"
2026-06-25,long_story_short,Long Story Short,1,13991947,4846,211994,5237,"[""rqQHa2HcGtM""]","[""Taylor Swift - long story short (Official Lyric Video)""]"
2026-06-25,fresh_out_the_slammer,Fresh Out The Slammer,1,13970209,15336,96841,2629,"[""0EKbEP2L32M""]","[""Taylor Swift - Fresh Out The Slammer (Official Lyric Video)""]"
2026-06-25,sweet_nothing,Sweet Nothing,1,13841718,7387,158049,2620,"[""rn0brgg2BpI""]","[""Taylor Swift - Sweet Nothing (Official Lyric Video)""]"
2026-06-25,livestream_announcement,Livestream Announcement,1,13839132,27,78774,4711,"[""PWdT2ONbJbc""]","[""Taylor Swift - Livestream Announcement (8/22/19 @ 5pm EST)""]"
2026-06-25,bad_blood,Bad Blood,1,13679250,14651,192579,5480,"[""lUvBk4owRNU""]","[""Taylor Swift - Bad Blood (Taylor's Version) (Lyric Video)""]"
2026-06-25,epiphany,Epiphany,1,13664505,3248,239742,9877,"[""DUnDkI7l9LQ""]","[""Taylor Swift – epiphany (Official Lyric Video)""]"
2026-06-25,dorothea,Dorothea,1,13618499,6625,266758,9261,"[""zI4DS5GmQWE""]","[""Taylor Swift - dorothea (Official Lyric Video)""]"
2026-06-25,jenny_from_the_block,Jenny From The Block,1,13382708,673,119315,3695,"[""FTA4kzsTmxc""]","[""Taylor Swift and Jennifer Lopez: Jenny from the Block""]"
2026-06-25,honey,Honey,2,13364867,19306,145250,6294,"[""4-EzK5UB40U"", ""9Sx8MWI8qTU""]","[""Taylor Swift - Honey (Lyric Video)"", ""Taylor Swift - Honey (Visualizer)""]"
2026-06-25,13_days_til_we_return_speak_now_to_its_mother,13 Days Til We Return Speak Now To Its Mother,1,12986612,1353,547085,12681,"[""yJTfs8YS2w0""]","[""13 days til we return Speak Now to its mother 😝""]"
2026-06-25,state_of_grace,State Of Grace,2,12935153,3911,280616,9035,"[""-mrC5tRkxrY"", ""D3mJe28un4M""]","[""Taylor Swift - State Of Grace (Taylor's Version) (Lyric Video)"", ""Taylor Swift - State Of Grace (Acoustic Version) (Taylor's Version) (Lyric Video)""]"
2026-06-25,its_time_to_go,Its Time To Go,1,12643109,2660,306068,10416,"[""1iRbIYkccgw""]","[""Taylor Swift - it’s time to go (Official Lyric Video)""]"
2026-06-25,carolina,Carolina,2,12455106,4294,453200,16689,"[""egxyRSb_XtI"", ""3Q94kA7llGw""]","[""Taylor Swift - Carolina (From The Motion Picture “Where The Crawdads Sing” / Lyric Video)"", ""Taylor Swift - Carolina (From The Motion Picture “Where The Crawdads Sing” / Audio)""]"
2026-06-25,bigger_than_the_whole_sky,Bigger Than The Whole Sky,1,12190313,8767,167803,4407,"[""l8Tps3PITx4""]","[""Taylor Swift - Bigger Than The Whole Sky (Lyric Video)""]"
2026-06-25,you_are_in_love,You Are In Love,1,12171260,19009,131339,3505,"[""M7ySK0keirY""]","[""Taylor Swift - You Are In Love (Taylor's Version) (Lyric Video)""]"
2026-06-25,peter,Peter,1,12046948,14808,89640,3165,"[""Mxxswu7V1Us""]","[""Taylor Swift - Peter (Official Lyric Video)""]"
2026-06-25,happiness,Happiness,1,11974930,4051,213574,6882,"[""tP4TTgt4nb0""]","[""Taylor Swift - happiness (Official Lyric Video)""]"
2026-06-25,come_back_be_here,Come Back Be Here,1,11862582,8682,145051,2492,"[""hHWOAUjnmjQ""]","[""Taylor Swift - Come Back...Be Here (Taylor's Version) (Lyric Video)""]"
2026-06-25,the_black_dog,The Black Dog,1,11826385,9393,100429,2983,"[""56TZ3B8Qxsk""]","[""Taylor Swift - The Black Dog (Official Lyric Video)""]"
2026-06-25,the_very_first_night,The Very First Night,1,11683251,4134,171712,3545,"[""rVuyi-dPMIc""]","[""Taylor Swift - The Very First Night (Taylor's Version) (From The Vault) (Lyric Video)""]"
2026-06-25,better_than_revenge,Better Than Revenge,1,11487568,5016,184286,6151,"[""EH70M5OeS4o""]","[""Taylor Swift - Better Than Revenge (Taylor's Version) (Lyric Video)""]"
2026-06-25,peace,Peace,1,11457814,3286,207011,6721,"[""HpxX4ZE4KWE""]","[""Taylor Swift – peace (Official Lyric Video)""]"
2026-06-25,cardigan_august_willow,Cardigan August Willow,1,11445225,4690,593544,28130,"[""Uzii44SDYFA""]","[""Taylor Swift - cardigan / august / willow (Live From The 63rd GRAMMYs ® / 2021)""]"
2026-06-25,nothing_new_from_the_vault_feat_phoebe_bridgers,Nothing New [From The Vault] [feat. Phoebe Bridgers],1,11384922,4062,200502,4535,"[""m3fWCRvz5JA""]","[""Nothing New (Taylor's Version) (From The Vault) (Lyric Video)""]"
2026-06-25,how_did_it_end,How Did It End,1,11331692,11323,83412,2296,"[""O3wlMR0y4a4""]","[""Taylor Swift - How Did It End? (Official Lyric Video)""]"
2026-06-25,timeless,Timeless,1,11285003,12504,163608,4640,"[""osmzwWw4RYM""]","[""Taylor Swift - Timeless (Taylor’s Version) (From The Vault) (Lyric Video)""]"
2026-06-25,high_infidelity,High Infidelity,1,11252865,4814,132731,3344,"[""-qee6dFKlw4""]","[""Taylor Swift - High Infidelity (Official Lyric Video)""]"
2026-06-25,untouchable,Untouchable,2,11198033,15976,144481,4695,"[""8bNlGwnEUAs"", ""o_CgCUINYmQ""]","[""Taylor Swift - Untouchable (Taylor's Version) (Lyric Video)"", ""Taylor Swift - Untouchable (Live From Clear Channel Stripped 2008 / Audio)""]"
2026-06-25,performances_from_red_album,Performances From Red Album,1,11118136,1501,216023,11188,"[""2obMo7y-rvA""]","[""Taylor Swift - Acoustic Performances from RED Album""]"
2026-06-25,shake_it_off_outtakes_video_8_the_director,Shake It Off Outtakes Video 8 The Director,1,10963880,54,91667,1984,"[""DqZOcABIgTk""]","[""Taylor Swift - Shake It Off Outtakes Video #8 - The Director""]"
2026-06-25,breathe_karaoke_version,Breathe [Karaoke Version],1,10862820,5108,164502,5404,"[""qsUK-BG5OQQ""]","[""Taylor Swift - Breathe (Taylor's Version) (Lyric Video) ft. Colbie Caillat""]"
2026-06-25,paris,Paris,1,10860163,4628,126056,2184,"[""ySZGZrcqvr4""]","[""Taylor Swift - Paris (Official Lyric Video)""]"
2026-06-25,foolish_one,Foolish One,1,10772519,11337,141583,4947,"[""6-x1AlDudZw""]","[""Taylor Swift - Foolish One (Taylor’s Version) (From The Vault) (Lyric Video)""]"
2026-06-25,soon_youll_get_better_ft_the_chicks,Soon Youll Get Better Ft The Chicks,1,10766672,1786,172347,6766,"[""tMoW5G5LU08""]","[""Taylor Swift - Soon You’ll Get Better (Official Audio) ft. The Chicks""]"
2026-06-25,you_re_not_sorry,You Re Not Sorry,2,10753083,4552,184142,5173,"[""DNaSlUYIXBg"", ""_4AaNBf9nkU""]","[""Taylor Swift - You're Not Sorry (Taylor's Version) (Lyric Video)"", ""Taylor Swift - You're Not Sorry (CSI Remix / Audio)""]"
2026-06-25,forever_and_always,Forever And Always,2,10742523,3596,221700,6040,"[""T-41vMWQTUA"", ""RcGowZ26sE0""]","[""Taylor Swift - Forever & Always (Taylor's Version) (Lyric Video)"", ""Taylor Swift - Forever & Always (Piano Version) (Taylor's Version) (Lyric Video)""]"
2026-06-25,shake_it_off_outtakes_video_2_the_ballerinas,Shake It Off Outtakes Video 2 The Ballerinas,1,10495946,153,90879,2040,"[""kY-_D-IptZE""]","[""Taylor Swift - Shake It Off Outtakes Video #2 - The Ballerinas (Behind The Scenes Video)""]"
2026-06-25,hey_stephen,Hey Stephen,1,10113044,4132,171787,5759,"[""tMhiHrL7rPE""]","[""Taylor Swift - Hey Stephen (Taylor's Version) (Lyric Video)""]"
2026-06-25,you_all_over_me_from_the_vault_feat_maren_morris,You All Over Me [From The Vault] [feat. Maren Morris],1,9997708,978,352274,21896,"[""XKaMUm7YwZc""]","[""Taylor Swift ft. Maren Morris - You All Over Me (From The Vault) (Official Lyric Video)""]"
2026-06-25,all_you_had_to_do_was_stay,All You Had To Do Was Stay,1,9920013,8791,99414,1920,"[""_Usd5X5XJXM""]","[""Taylor Swift - All You Had To Do Was Stay (Taylor's Version) (Lyric Video)""]"
2026-06-25,i_knew_it_i_knew_you,"I Knew It, I Knew You",2,9761509,592740,268518,8841,"[""hDU4GB1PTxc"", ""o9LcBozLplo""]","[""Taylor Swift - I Knew It, I Knew You (from Toy Story 5)"", ""“I Knew It, I Knew You” from Toy Story 5 is out everywhere now. 🤠🐴""]"
2026-06-25,delicate_music_video_dance_rehearsal_part_1,Delicate Music Video Dance Rehearsal Part 1,1,9079469,154,184503,4023,"[""sEr7bAtZ8rY""]","[""Delicate Music Video Dance Rehearsal Part 1""]"
2026-06-25,run_ft_ed_sheeran,Run Ft Ed Sheeran,1,9072153,1246,244073,4296,"[""flv8AEWrRMI""]","[""Taylor Swift - Run (Taylor's Version) (From The Vault) (Lyric Video) ft. Ed Sheeran""]"
2026-06-25,haunted,Haunted,1,8896435,4744,146230,4939,"[""4cC6fw8EqWU""]","[""Taylor Swift - Haunted (Taylor's Version) (Lyric Video)""]"
2026-06-25,how_you_get_the_girl,How You Get The Girl,1,8793586,7562,109702,2275,"[""rnwD7veCoFQ""]","[""Taylor Swift - How You Get The Girl (Taylor's Version) (Lyric Video)""]"
2026-06-25,i_almost_do,I Almost Do,1,8732841,4775,139312,3062,"[""w1AV_35zVwU""]","[""Taylor Swift - I Almost Do (Taylor's Version) (Lyric Video)""]"
2026-06-25,i_hate_it_here,I Hate It Here,1,8657615,5051,110022,5214,"[""BpkmUfv1I4Q""]","[""Taylor Swift - I Hate It Here (Official Lyric Video)""]"
2026-06-25,angels_reputation_stadium_tour,Angels Reputation Stadium Tour,1,8632971,12133,103879,4228,"[""RamgJyJsep4""]","[""Taylor Swift and Robbie Williams - Angels - reputation Stadium Tour""]"
2026-06-25,out_of_the_woods_the_making_of,Out Of The Woods The Making Of,1,8573635,90,216558,7700,"[""TXJlB9riS1Y""]","[""Taylor Swift - Out Of The Woods – The Making Of""]"
2026-06-25,its_nice_to_have_a_friend,Its Nice To Have A Friend,1,8452889,1773,143455,6068,"[""eaP1VswBF28""]","[""Taylor Swift - It’s Nice To Have A Friend (Official Audio)""]"
2026-06-25,look_what_you_made_me_do_taylor_mountain,Look What You Made Me Do Taylor Mountain,1,8268855,114,208437,4780,"[""XF_ARz7jTUw""]","[""Look What You Made Me Do: Taylor Mountain""]"
2026-06-25,miss_americana_official_trailer,Miss Americana Official Trailer,1,8204141,70,392744,14410,"[""40RsbcFRwNA""]","[""Miss Americana | Official Trailer""]"
2026-06-25,beautiful_ghosts,Beautiful Ghosts,1,8163689,642,324630,14697,"[""trIjpVH8h88""]","[""Taylor Swift - Beautiful Ghosts (From The Motion Picture \""Cats\"" / Lyric Video)""]"
2026-06-25,should_ve_said_no,Should Ve Said No,2,8154310,994,129170,10448,"[""v9bxXO9fj98"", ""FydBi2b_eoA""]","[""Should've Said No"", ""Taylor Swift - Should've Said No (Live From Clear Channel Stripped 2008 / Audio)""]"
2026-06-25,shake_it_off_outtakes_video_5_the_twerkers_and_finger_tutting,Shake It Off Outtakes Video 5 The Twerkers And Finger Tutting,1,8059553,46,60796,1843,"[""70Ps-GzbSfw""]","[""Shake It Off Outtakes Video #5 - The Twerkers and Finger Tutting (Behind-The-Scenes Video)""]"
2026-06-25,i_know_places,I Know Places,1,7889855,4867,117595,3266,"[""0jTGzm-6cYE""]","[""Taylor Swift - I Know Places (Taylor's Version) (Lyric Video)""]"
2026-06-25,the_bolter,The Bolter,1,7729192,7363,62477,1622,"[""bAi80EylyXQ""]","[""Taylor Swift - The Bolter (Official Lyric Video)""]"
2026-06-25,dear_reader,Dear Reader,1,7645008,6064,109574,2157,"[""X0Jti9F-oQA""]","[""Taylor Swift - Dear Reader (Official Lyric Video)""]"
2026-06-25,viva_la_vida,Viva La Vida,1,7580007,1101,175852,6643,"[""AcGbuveDwTg""]","[""Taylor Swift - Viva La Vida""]"
2026-06-25,wonderland,Wonderland,1,7576979,5477,109225,2550,"[""JhICcmiIE80""]","[""Taylor Swift - Wonderland (Taylor's Version) (Lyric Video)""]"
2026-06-25,look_what_you_made_me_do_zombie_transformation,Look What You Made Me Do Zombie Transformation,1,7454995,253,139321,3962,"[""BKCmxyohzww""]","[""Look What You Made Me Do - Zombie Transformation""]"
2026-06-25,clara_bow,Clara Bow,1,7289570,4190,60156,1611,"[""fcVUbmdQfaE""]","[""Taylor Swift - Clara Bow (Official Lyric Video)""]"
2026-06-25,me_behind_the_scenes_the_story_of_benjamin_button,Me Behind The Scenes The Story Of Benjamin Button,1,7244330,217,314495,10949,"[""MUf1ili4Zew""]","[""ME! Behind The Scenes: The Story of Benjamin Button""]"
2026-06-25,chloe_or_sam_or_sophia_or_marcus,Chloe Or Sam Or Sophia Or Marcus,1,7227306,7929,60714,1740,"[""gOtOWeD9YJk""]","[""Taylor Swift - Chloe or Sam or Sophia or Marcus (Official Lyric Video)""]"
2026-06-25,i_can_fix_him,I Can Fix Him,1,6811041,3284,53156,1256,"[""OKWfv-x2rdU""]","[""Taylor Swift - I Can Fix Him (No Really I Can) (Official Lyric Video)""]"
2026-06-25,treacherous,Treacherous,1,6717654,2242,136916,2833,"[""u1D1AgDfreg""]","[""Taylor Swift - Treacherous (Taylor's Version) (Lyric Video)""]"
2026-06-25,shake_it_off_outtakes_video_7_the_band_the_fans_and_the_extras,Shake It Off Outtakes Video 7 The Band The Fans And The Extras,1,6649588,70,57050,1374,"[""s8h0tZy0HqA""]","[""Taylor Swift - Shake It Off Outtakes Video #7 - The Band, The Fans and The Extras""]"
2026-06-25,stay_stay_stay,Stay Stay Stay,1,6519100,1829,133367,3536,"[""OhJ-S9Nrh7Q""]","[""Taylor Swift - Stay Stay Stay (Taylor's Version) (Lyric Video)""]"
2026-06-25,thank_you_aimee,Thank You Aimee,1,6516641,2674,80228,4064,"[""oaBJlKXBvjk""]","[""Taylor Swift - thanK you aIMee (Official Lyric Video)""]"
2026-06-25,suburban_legends,Suburban Legends,1,6417537,4164,95979,2424,"[""ZGBPKYbzSXs""]","[""Taylor Swift - Suburban Legends (Taylor's Version) (From The Vault) (Lyric Video)""]"
2026-06-25,i_don_t_wanna_live_forever_bts_1_zayn_and_taylor,I Don T Wanna Live Forever Bts 1 Zayn And Taylor,1,6386755,65,188731,4750,"[""QIUWI7dfnC0""]","[""I Don't Wanna Live Forever (Fifty Shades Darker) BTS 1 - Zayn & Taylor [EXTENDED]""]"
2026-06-25,shake_it_off_outtakes_video_4_the_animators,Shake It Off Outtakes Video 4 The Animators,1,6306807,52,56308,1493,"[""vMWpIfxvnWo""]","[""Taylor Swift - Shake It Off Outtakes Video #4 - The Animators (Behind The Scenes Video)""]"
2026-06-25,never_grow_up,Never Grow Up,1,6241835,9435,111061,3784,"[""maEVfpxDB8k""]","[""Taylor Swift - Never Grow Up (Taylor's Version) (Lyric Video)""]"
2026-06-25,jump_then_fall,Jump Then Fall,1,6208476,4072,112068,2951,"[""vUHDR6Rg3Y4""]","[""Taylor Swift - Jump Then Fall (Taylor's Version) (Lyric Video)""]"
2026-06-25,i_wish_you_would,I Wish You Would,1,6156446,3877,82639,1650,"[""89aQIli8aVU""]","[""Taylor Swift - I Wish You Would (Taylor's Version) (Lyric Video)""]"
2026-06-25,castles_crumbling_feat_hayley_williams,Castles Crumbling [feat. Hayley Williams],1,6095046,2881,110213,3455,"[""V80A8qN4fR8""]","[""Castles Crumbling (Taylor’s Version) (From The Vault) (Lyric Video)""]"
2026-06-25,summer_forecast_cruel,Summer Forecast Cruel,1,6087732,822,343830,7104,"[""okPrv0o_7GQ""]","[""Summer forecast: Cruel. 😎""]"
2026-06-25,the_moment_i_knew,The Moment I Knew,1,6052670,1619,115056,2712,"[""LmXn6BU16e0""]","[""Taylor Swift - The Moment I Knew (Taylor's Version) (Lyric Video)""]"
2026-06-25,demonstrating_my_fine_athletic_skills_and_more,Demonstrating My Fine Athletic Skills And More,1,5861863,82,179131,10876,"[""IgZY0frgysw""]","[""Demonstrating my fine athletic skills. And more.""]"
2026-06-25,taylor_swift_reputation_stadium_tour_official_trailer_netflix,Taylor Swift Reputation Stadium Tour Official Trailer Netflix,1,5812237,160,216143,14955,"[""HIb_TlK2HAI""]","[""Taylor Swift reputation Stadium Tour | Official Trailer | Netflix""]"
2026-06-25,closure,Closure,1,5726075,1386,140393,4717,"[""AIFnKqIeEdY""]","[""Taylor Swift - closure (Official Lyric Video)""]"
2026-06-25,whisper_hello_i_miss_you_quite_terribly,Whisper Hello I Miss You Quite Terribly,1,5699728,22,21083,3095,"[""8w4A1vVaNmE""]","[""Whisper hello, I miss you quite terribly.""]"
2026-06-25,electric_touch_feat_fall_out_boy,Electric Touch [feat. Fall Out Boy],1,5534967,2352,107947,3051,"[""hMPK2vNXr-E""]","[""Electric Touch (Taylor’s Version) (From The Vault) (Lyric Video)""]"
2026-06-25,glitch,Glitch,1,5476278,1715,77175,1335,"[""Y2a73EvnZ4s""]","[""Taylor Swift - Glitch (Official Lyric Video)""]"
2026-06-25,sad_beautiful_tragic,Sad Beautiful Tragic,1,5339526,1820,108003,2241,"[""jQfB4Gahi3I""]","[""Taylor Swift - Sad Beautiful Tragic (Taylor's Version) (Lyric Video)""]"
2026-06-25,shake_it_off_outtakes_video_3_the_modern_dancers,Shake It Off Outtakes Video 3 The Modern Dancers,1,5302441,77,56998,1092,"[""zdYy6-P_ggQ""]","[""Taylor Swift - Shake It Off Outtakes Video #3 - The Modern Dancers (Behind The Scenes Video)""]"
2026-06-25,me_behind_the_scenes_je_suis_calme,Me Behind The Scenes Je Suis Calme,1,5295778,111,210514,6080,"[""lj2mZ8zDToY""]","[""ME! Behind The Scenes: Je Suis Calme""]"
2026-06-25,forever_winter_from_the_vault,Forever Winter [From The Vault],1,5276654,1745,118292,3037,"[""TkAomsYFsJw""]","[""Taylor Swift - Forever Winter (Taylor's Version) (From The Vault) (Lyric Video)""]"
2026-06-25,the_albatross,The Albatross,1,5209569,3399,49916,1140,"[""4wOsiM2T_xc""]","[""Taylor Swift - The Albatross (Official Lyric Video)""]"
2026-06-25,thats_when,Thats When,1,5144085,1371,127129,5006,"[""aOa6D6ku3dM""]","[""That’s When (Taylor’s Version) (From The Vault) (Lyric Video)""]"
2026-06-25,the_making_of_a_song_delicate_watch_more_on_taylor_swift_now,The Making Of A Song Delicate Watch More On Taylor Swift Now,1,5128801,249,200279,5162,"[""eQVhAN7-IAw""]","[""The Making of a Song: “Delicate” – watch more on Taylor Swift NOW""]"
2026-06-25,when_emma_falls_in_love,When Emma Falls In Love,1,5055532,2116,99129,3133,"[""IYqgVYjN3Go""]","[""Taylor Swift - When Emma Falls in Love (Taylor’s Version) (Lyric Video)""]"
2026-06-25,shake_it_off_outtakes_video_6_the_ribbon_dancers,Shake It Off Outtakes Video 6 The Ribbon Dancers,1,5014334,166,46251,1465,"[""bs5SZOHowHI""]","[""Taylor Swift - Shake It Off Outtakes Video #6 - The Ribbon Dancers (Behind The Scenes Video)""]"
2026-06-25,now_playing_the_i_can_do_it_with_a_broken_heart_music_video,Now Playing The I Can Do It With A Broken Heart Music Video,1,4999767,996,304873,6947,"[""VCTze4UuC9g""]","[""✨ NOW PLAYING ✨ The “I Can Do It With A Broken Heart” Music Video 🤍""]"
2026-06-25,official_look_what_you_made_me_do_video_teaser_clip,Official Look What You Made Me Do Video Teaser Clip,1,4959575,147,115129,5834,"[""iM_j8_AZJW4""]","[""Official \""Look What You Made Me Do\"" Video Teaser Clip""]"
2026-06-25,the_other_side_of_the_door,The Other Side Of The Door,1,4942004,2596,93704,2656,"[""425n1NoRtgA""]","[""Taylor Swift - The Other Side Of The Door (Taylor’s Version) (Lyric Video)""]"
2026-06-25,the_lucky_one,The Lucky One,1,4941020,1693,141356,4711,"[""4LtQxA_ooLk""]","[""Taylor Swift - The Lucky One (Taylor's Version) (Lyric Video)""]"
2026-06-25,starlight,Starlight,1,4871767,2179,124889,2794,"[""lPvcwgEuKTg""]","[""Taylor Swift - Starlight (Taylor's Version) (Lyric Video)""]"
2026-06-25,holy_ground,Holy Ground,1,4790811,1659,96004,2235,"[""S4PuN-IWi2g""]","[""Taylor Swift - Holy Ground (Taylor's Version) (Lyric Video)""]"
2026-06-25,rent_on_demand_starting_you_guessed_it_december_13,Rent On Demand Starting You Guessed It December 13,1,4746737,415,325948,13536,"[""zz9YgUoisOA""]","[""Rent on demand starting … you guessed it, December 13 🫶💋""]"
2026-06-25,innocent,Innocent,1,4728181,2105,93651,2706,"[""vO6JqQpJboY""]","[""Taylor Swift - Innocent (Taylor's Version) (Lyric Video)""]"
2026-06-25,accidentally_going_clubbing_with_your_parents_is_something_everyone_should_try_at_least_once,Accidentally Going Clubbing With Your Parents Is Something Everyone Should Try At Least Once,1,4632848,681,320084,7189,"[""ilkvTXfv2TY""]","[""accidentally going clubbing with your parents is something everyone should try at least once""]"
2026-06-25,hits_different_really_hits_different_plus_its_got_one_of_my_fav_bridges_only_avail_at_target,Hits Different Really Hits Different Plus Its Got One Of My Fav Bridges Only Avail At Target,1,4627188,452,346340,4189,"[""uhjx7FemU6o""]","[""Hits Different really hits different, plus it’s got one of my fav bridges 😆 only avail at Target""]"
2026-06-25,today_was_a_fairytale,Today Was A Fairytale,1,4617993,2309,117501,3848,"[""xSWVPqnKcXQ""]","[""Taylor Swift - Today Was A Fairytale (Taylor's Version) (Lyric Video)""]"
2026-06-25,ronan,Ronan,1,4364374,1292,193512,6343,"[""kdiBc40gW7s""]","[""Taylor Swift - Ronan (Taylor's Version) (Lyric Video)""]"
2026-06-25,the_opalite_video_is_out_now_visit_taylorswift_com_for_more,The Opalite Video Is Out Now Visit Taylorswift Com For More,1,4358462,4651,127604,2967,"[""2Shv-eeNmY4""]","[""The Opalite video is out now. Visit TaylorSwift.com for more""]"
2026-06-25,tell_me_why,Tell Me Why,1,4278352,1204,93129,2391,"[""cwFbq-70EwE""]","[""Taylor Swift - Tell Me Why (Taylor's Version) (Lyric Video)""]"
2026-06-25,i_look_in_people_s_windows,I Look In People S Windows,1,4189818,2992,47278,1235,"[""6HIA7ouBfGY""]","[""Taylor Swift - I Look in People's Windows (Official Lyric Video)""]"
2026-06-25,girl_at_home,Girl At Home,1,3953682,1465,95500,2799,"[""UNckfN9upqo""]","[""Taylor Swift - Girl At Home (Taylor's Version) (Lyric Video)""]"
2026-06-25,back_in_the_office_miamitstheerastour,Back In The Office Miamitstheerastour,1,3926158,3980,249127,14512,"[""g_meC49cN5k""]","[""Back in the office… 😎 #MiamiTSTheErasTour""]"
2026-06-25,cassandra,Cassandra,1,3847362,2131,53361,2074,"[""0hYY86DmqPY""]","[""Taylor Swift - Cassandra (Official Lyric Video)""]"
2026-06-25,1989_secret_sessions_behind_the_scenes,1989 Secret Sessions Behind The Scenes,1,3822726,100,92604,5139,"[""EKnl7STzSMU""]","[""1989 Secret Sessions, Behind The Scenes!""]"
2026-06-25,bye_bye_baby,Bye Bye Baby,1,3811824,659,118155,4628,"[""yuFuwXd-B9E""]","[""Taylor Swift - Bye Bye Baby (Taylor’s Version) (From The Vault) (Lyric Video)""]"
2026-06-25,ready_for_it_trailer,Ready For It Trailer,1,3787153,66,97344,7688,"[""GU5_g8Tmiv8""]","[""...Ready For It? Trailer""]"
2026-06-25,shes_got_4_days_left_to_rehearse_for_her_big_moment,Shes Got 4 Days Left To Rehearse For Her Big Moment,1,3665740,1609,161053,3020,"[""9BTFD_gX6qQ""]","[""She’s got 4️⃣ days left to rehearse for her big moment… 😂""]"
2026-06-25,the_anti_hero_makes_me_feel_hyped_enough_for_an_imaginary_funeral_brawl,The Anti Hero Makes Me Feel Hyped Enough For An Imaginary Funeral Brawl,1,3652790,377,189536,1875,"[""NbS4s_6jYTg""]","[""The Anti Hero (Roosevelt remix) makes me feel hyped enough for an imaginary funeral brawl""]"
2026-06-25,dont_you,Dont You,1,3599957,1078,100473,3597,"[""dHdAN4FXzmc""]","[""Taylor Swift - Don’t You (Taylor’s Version) (From The Vault) (Lyric Video)""]"
2026-06-25,surprising_gena,Surprising Gena,1,3590934,81,59491,3742,"[""J1LMp-jEH_k""]","[""Surprising Gena""]"
2026-06-25,thank_you,Thank You,1,3569750,109,206713,8395,"[""ve_o2kq4_jY""]","[""Thank you.""]"
2026-06-25,vevocertified_pt_1_award_presentation,Vevocertified Pt 1 Award Presentation,1,3552844,7,16552,1643,"[""sWgxCBXn2Y0""]","[""Taylor Swift - #VevoCertified, Pt. 1: Award Presentation""]"
2026-06-25,you_need_to_calm_down_behind_the_scenes_morning_routine,You Need To Calm Down Behind The Scenes Morning Routine,1,3533429,81,146071,4339,"[""s4MN_hGvTCA""]","[""You Need To Calm Down Behind The Scenes: Morning Routine""]"
2026-06-25,were_the_problem,Were The Problem,1,3522386,695,252855,2265,"[""yJ_GML26Xk4""]","[""We’re the problem""]"
2026-06-25,the_reputation_secret_sessions,The Reputation Secret Sessions,1,3460284,101,155264,6440,"[""kGOmPmILndU""]","[""The reputation Secret Sessions""]"
2026-06-25,my_name_is_taylor_and_i_was_born_in_1989,My Name Is Taylor And I Was Born In 1989,1,3341894,371,291717,8074,"[""vaRGgiGfsw4""]","[""✨🫶 My name is Taylor and I was born in 1989 🫶✨""]"
2026-06-25,retainers,Retainers,1,3313283,48,76705,5138,"[""-zymq4JgQ7E""]","[""Retainers.""]"
2026-06-25,you_need_to_calm_down_behind_the_scenes_pop_queen_pageant,You Need To Calm Down Behind The Scenes Pop Queen Pageant,1,3237808,74,165999,4463,"[""6MLzSp0OJL0""]","[""You Need To Calm Down Behind The Scenes: Pop Queen Pageant""]"
2026-06-25,i_dont_wanna_live_forever_bts_4_glitter_lip,I Dont Wanna Live Forever Bts 4 Glitter Lip,1,3155209,22,71358,2396,"[""dwdtzwua2pY""]","[""Taylor Swift, ZAYN - I Don’t Wanna Live Forever (Fifty Shades Darker) BTS 4 – Glitter Lip [EXTENDED]""]"
2026-06-25,being_on_tour_everyone_ignores_me,Being On Tour Everyone Ignores Me,1,3142395,61,183295,9985,"[""V3QOzyS5M4Q""]","[""Being on tour. Everyone ignores me.""]"
2026-06-25,the_manuscript,The Manuscript,1,3122260,2313,46243,1267,"[""iY6Qhlua8Zw""]","[""Taylor Swift - The Manuscript (Official Lyric Video)""]"
2026-06-25,the_making_of_cardigan_vevo_footnotes,The Making Of Cardigan Vevo Footnotes,1,3069602,272,126862,4357,"[""GPQdWYNi8Wc""]","[""Taylor Swift - The Making of 'cardigan' | Vevo Footnotes""]"
2026-06-25,we_were_happy,We Were Happy,1,2981146,541,105735,4147,"[""seU5y5EgIwk""]","[""Taylor Swift - We Were Happy (Taylor’s Version) (From The Vault)""]"
2026-06-25,first_time_hearing_i_don_t_wanna_live_forever_on_the_radio,First Time Hearing I Don T Wanna Live Forever On The Radio,1,2949666,44,160516,4663,"[""fJBFvNiJ4Kw""]","[""First time hearing \""I Don't Wanna Live Forever (Fifty Shades Darker)\"" on the radio""]"
2026-06-25,i_hope_it_s_gonna_make_you_notice,I Hope It S Gonna Make You Notice,1,2908713,28,35426,3386,"[""M134RqAbiwY""]","[""I hope it's gonna make you notice.""]"
2026-06-25,willow_music_video_behind_the_scenes,Willow Music Video Behind The Scenes,1,2807898,412,147401,4653,"[""CYHt7_RANiY""]","[""Taylor Swift - willow (lonely witch version) - music video behind the scenes""]"
2026-06-25,the_making_of_christmas_tree_farm,The Making Of Christmas Tree Farm,1,2801602,90,132963,5324,"[""O2Irnn7F1PM""]","[""Taylor Swift - The Making Of Christmas Tree Farm""]"
2026-06-25,superman,Superman,1,2750245,1548,57427,1674,"[""Fn0er7H1Dm0""]","[""Taylor Swift - Superman (Taylor’s Version) (Lyric Video)""]"
2026-06-25,the_eras_tour_concert_film_is_now_officially_coming_to_theaters_worldwide_on_oct_13,The Eras Tour Concert Film Is Now Officially Coming To Theaters Worldwide On Oct 13,1,2714332,325,250192,6097,"[""KzNLM4nmRak""]","[""The Eras Tour concert film is now officially coming to theaters WORLDWIDE on Oct 13! 🩵""]"
2026-06-25,pre_order_1989_now_on_my_site,Pre Order 1989 Now On My Site,1,2697819,278,222692,5330,"[""0FZULHCZKBc""]","[""Pre order 1989 (Taylor’s Version) now on my site 🩵😎🩵""]"
2026-06-25,superstar,Superstar,1,2591326,982,71208,3066,"[""IsCik8wznlU""]","[""Taylor Swift - Superstar (Taylor's Version) (Lyric Video)""]"
2026-06-25,asia,Asia,1,2546837,91,100902,8891,"[""Zmv26eqduSg""]","[""Asia! (my February video blog)""]"
2026-06-25,youtube_presents_taylor_swift,Youtube Presents Taylor Swift,1,2520242,58,30208,4047,"[""OOPFMrF7v4Q""]","[""YouTube Presents Taylor Swift""]"
2026-06-25,lover_album_photoshoot_behind_the_scenes,Lover Album Photoshoot Behind The Scenes,1,2502905,48,62457,1757,"[""hKcEdTPOGGw""]","[""Lover Album Photoshoot: Behind The Scenes""]"
2026-06-25,safe_and_sound,Safe And Sound,1,2459591,18,22520,959,"[""dLfkQNnzh2o""]","[""Safe & Sound (The Hunger Games: Songs From District 12 And Beyond - The Collaboration)""]"
2026-06-25,meet_me_at_midnight_for_the_lavender_haze_music_video_premiere,Meet Me At Midnight For The Lavender Haze Music Video Premiere,1,2452829,323,200924,2632,"[""HqDZxtMIx0M""]","[""Meet me at midnight…for the Lavender Haze music video premiere (!!!!!!!!!!!!!)""]"
2026-06-25,delicate_music_video_dance_rehearsal_part_2,Delicate Music Video Dance Rehearsal Part 2,1,2451471,55,92642,1813,"[""zGSneb3McDo""]","[""Delicate Music Video Dance Rehearsal Part 2""]"
2026-06-25,come_in_with_the_rain,Come In With The Rain,1,2433065,940,68061,2597,"[""ePjcjLRHPOo""]","[""Taylor Swift - Come In With The Rain (Taylor's Version) (Lyric Video)""]"
2026-06-25,robin,Robin,1,2362295,1588,35898,1288,"[""FQyEZZPbOb0""]","[""Taylor Swift - Robin (Official Lyric Video)""]"
2026-06-25,you_need_to_calm_down_behind_the_scenes_friends_and_neighbors,You Need To Calm Down Behind The Scenes Friends And Neighbors,1,2323464,85,102806,2372,"[""SYd0pYqOJqA""]","[""You Need To Calm Down Behind The Scenes: Friends & Neighbors""]"
2026-06-25,entering_the_phantom_clear_ttpd_vinyl_into_evidence_available_exclusively_at_target_now,Entering The Phantom Clear Ttpd Vinyl Into Evidence Available Exclusively At Target Now,1,2308685,479,237808,3178,"[""GhXsnvmUQrg""]","[""Entering the Phantom Clear TTPD vinyl into evidence. Available exclusively at Target now""]"
2026-06-25,october_15_2024,October 15 2024,1,2242645,752,187371,5898,"[""yj1_GJiJovg""]","[""October 15, 2024""]"
2026-06-25,preview_welcome_to_new_york_by_taylor_swift,Preview Welcome To New York By Taylor Swift,1,2140877,12,19013,1466,"[""81doBkpkdJQ""]","[""Preview \""Welcome To New York\"" by Taylor Swift""]"
2026-06-25,thank_you_for_making_these_reveals_so_much_chaotic_fun,Thank You For Making These Reveals So Much Chaotic Fun,1,2126792,296,185306,2890,"[""US0OipWyYro""]","[""Thank you for making these reveals so much chaotic fun (which is the best kind of fun, after all 😜)""]"
2026-06-25,look_what_you_made_me_do_looks,Look What You Made Me Do Looks,1,2123195,82,90788,1831,"[""np4Nw0tBun8""]","[""Look What You Made Me Do - Looks""]"
2026-06-25,tsantiherochallenge_coming_october_21_brought_to_you_by_youtube_shorts,Tsantiherochallenge Coming October 21 Brought To You By Youtube Shorts,1,2082186,496,156088,1777,"[""3fUS9GAMxv4""]","[""🕰 #TSAntiHeroChallenge. Coming October 21. Brought to you by YouTube Shorts.""]"
2026-06-25,taylor_swift_web_chat_and_g_hangout,Taylor Swift Web Chat And G Hangout,1,2041129,119,29044,1522,"[""P6gFma4H7fA""]","[""Taylor Swift Web Chat and G+ Hangout""]"
2026-06-25,willow_dancing_witch_version,Willow Dancing Witch Version,1,1969677,714,89489,4245,"[""qAGef4MdPdE""]","[""Taylor Swift - willow - dancing witch version (Elvira remix)""]"
2026-06-25,meredith_learns_about_acm_voting,Meredith Learns About Acm Voting,1,1958950,28,57901,4281,"[""FvodYNcH13Q""]","[""Meredith learns about ACM voting...""]"
2026-06-25,a_message_for_the_department_forafortnightchallenge_coming_soon_to_youtube_shorts,A Message For The Department Forafortnightchallenge Coming Soon To Youtube Shorts,1,1937197,349,157560,1937,"[""QBllgPHa8aQ""]","[""A message for the department 🤍#ForAFortnightChallenge coming soon to YouTube Shorts""]"
2026-06-25,the_ttpd_timetable,The Ttpd Timetable,1,1934030,367,203233,3914,"[""RlDSGLHcZy0""]","[""The TTPD Timetable""]"
2026-06-25,mark_your_calendars_meet_the_midnights_manifest,Mark Your Calendars Meet The Midnights Manifest,1,1873471,250,149621,1350,"[""Jo-8VaRU4ok""]","[""Mark your calendars! Meet the Midnights Manifest 📜""]"
2026-06-25,how_to_be_a_cat,How To Be A Cat,1,1841506,82,172157,4864,"[""hNHBVaFueYw""]","[""How To Be A Cat""]"
2026-06-25,vevocertified_pt_5_you_belong_with_me,Vevocertified Pt 5 You Belong With Me,1,1810046,21,18638,1577,"[""5FODVFJZlTg""]","[""Taylor Swift - #VevoCertified, Pt. 5: You Belong With Me (Taylor Commentary)""]"
2026-06-25,the_tssummer2025_collection_available_at_store_taylorswift_com_while_supplies_last,The Tssummer2025 Collection Available At Store Taylorswift Com While Supplies Last,1,1788768,907,78104,2464,"[""58zLBjzfd4M""]","[""The #TSSummer2025 collection. Available at store.taylorswift.com while supplies last! ☀️""]"
2026-06-25,all_too_well_official_trailer,All Too Well Official Trailer,1,1767708,50,200675,13174,"[""t0Yf43ONyNo""]","[""All Too Well (The Short Film) | Official Trailer""]"
2026-06-25,wonderstruck_taylor_swift_chapter_1,Wonderstruck Taylor Swift Chapter 1,1,1699357,38,25737,2097,"[""woiScNulLyE""]","[""Wonderstruck Taylor Swift Chapter 1""]"
2026-06-25,speak_now_deluxe_edition_only_at_target,Speak Now Deluxe Edition Only At Target,1,1698466,62,72944,2541,"[""5jKcG86bNRs""]","[""Speak Now Deluxe Edition - Only at Target""]"
2026-06-25,folklore_the_long_pond_studio_sessions_official_trailer_disney,Folklore The Long Pond Studio Sessions Official Trailer Disney,1,1574872,0,154867,11158,"[""jgdFUoZzCI0""]","[""Taylor Swift – folklore: the long pond studio sessions | Official Trailer | Disney+""]"
2026-06-25,shot_camera_commercial,Shot Camera Commercial,1,1559992,35,21289,1794,"[""uhHMWLjL77U""]","[""Taylor Swift Sony TX7 Cyber-shot Camera Commercial""]"
2026-06-25,you_change_your_mind_like_a_girl_changes_clothes,You Change Your Mind Like A Girl Changes Clothes,1,1530970,40,22679,2098,"[""RLmmqQNEM_I""]","[""You change your mind like a girl changes clothes.""]"
2026-06-25,safe_and_sound_ft_the_civil_wars,Safe And Sound Ft The Civil Wars,1,1502123,26,21936,1096,"[""xDJLsPd6NdY""]","[""Taylor Swift - Safe & Sound (Behind The Scenes) ft. The Civil Wars""]"
2026-06-25,it_fills_me_with_such_pride_and_joy_to_announce_that_my_version_of_speak_now_will_be_out_july_7,It Fills Me With Such Pride And Joy To Announce That My Version Of Speak Now Will Be Out July 7,1,1428269,241,188062,3619,"[""YvyeAwoZ76w""]","[""It fills me with such pride & joy to announce that my version of Speak Now will be out July 7 💜💜💜""]"
2026-06-25,taylor_swift_talks_about_out_of_the_woods,Taylor Swift Talks About Out Of The Woods,1,1417019,40,24127,1053,"[""M-M5SW8QvmY""]","[""Taylor Swift Talks About \""Out Of The Woods\""""]"
2026-06-25,there_truly_was_magic_in_the_eras_watch_starting_tomorrow_on_d_disneyplust_12am_pt_3am_et,There Truly Was Magic In The Eras Watch Starting Tomorrow On D Disneyplust 12Am Pt 3Am Et,1,1392048,2317,65542,2903,"[""-c9Cg0l__fo""]","[""There truly was magic in the *eras*✨ watch starting TOMORROW on @d@disneyplust 12am PT / 3am ET""]"
2026-06-25,new_conference_table,New Conference Table,1,1361268,28,56889,2234,"[""U3yPyVFKGG8""]","[""New conference table.""]"
2026-06-25,wannabe,Wannabe,1,1356946,84,25556,1944,"[""C7I3_yFQYkc""]","[""Wannabe""]"
2026-06-25,you_re_so_vain,You Re So Vain,1,1354167,61,24059,1121,"[""y7CsaOF3S5c""]","[""Taylor Swift and Carly Simon: You're So Vain""]"
2026-06-25,willow_storyboards_from_the_willow_music_video,Willow Storyboards From The Willow Music Video,1,1225363,407,69637,2628,"[""3CUM7Z3TSmY""]","[""Taylor Swift - willow (dancing witch version) - storyboards from the willow music video""]"
2026-06-25,taylor_swift_wonderstruck_teaser,Taylor Swift Wonderstruck Teaser,1,1209387,5,22133,1949,"[""-CICulOcBQE""]","[""Taylor Swift WONDERSTRUCK Teaser""]"
2026-06-25,my_new_favorite_thing_thank_you,My New Favorite Thing Thank You,1,1201948,17,41682,3746,"[""tBEFMmkgu7s""]","[""My new favorite thing ... thank you!""]"
2026-06-25,some_extraordinary_news,Some Extraordinary News,1,1181141,14,19702,3135,"[""LyoTb3fxEnU""]","[""Some extraordinary news...""]"
2026-06-25,rehearsing_i_don_t_wanna_live_forever_for_directv_now_super_saturday_night,Rehearsing I Don T Wanna Live Forever For Directv Now Super Saturday Night,1,1178552,37,34390,2016,"[""J37Pitvp7RI""]","[""Rehearsing \""I Don't Wanna Live Forever (Fifty Shades Darker)\"" for DIRECTV NOW Super Saturday Night""]"
2026-06-25,your_world_is_my_world,Your World Is My World,1,1151274,27,27459,2417,"[""x2hRdQnbzKQ""]","[""Your world is my world.""]"
2026-06-25,,,1,1094559,153,38144,2894,"[""pA1dPsnfams""]","["":-)""]"
2026-06-25,vevocertified_pt_7_love_story,Vevocertified Pt 7 Love Story,1,1085020,124,14151,926,"[""XdalCja4TK8""]","[""Taylor Swift - #VEVOCertified, Pt. 7: Love Story (Taylor Commentary)""]"
2026-06-25,fearless_tour_2009,Fearless Tour 2009,1,1063003,40,8809,1357,"[""G2rSQF5Qx7k""]","[""FEARLESS Tour 2009""]"
2026-06-25,challenge_2,Challenge 2,1,1060318,13,10794,1619,"[""Uo6HuSCBZu4""]","[""A Hug From Taylor Swift - Challenge #2""]"
2026-06-25,taylor_and_friends,Taylor And Friends,1,1051346,31,11088,1002,"[""m_4CSbzwPtE""]","[""Taylor And \""Friends\""""]"
2026-06-25,december_12th_on_disneyplus,December 12Th On Disneyplus,1,1039516,235,97611,4797,"[""YF6jaBeBMIk""]","[""December 12th on @DisneyPlus""]"
2026-06-25,8_13_7pm_et,8 13 7Pm Et,1,1023574,26,10620,4936,"[""I4TIvOCa3t8""]","[""Taylor Swift Live Webcast on YouTube - 8/13 @ 7pm ET""]"
2026-06-25,challenge_3,Challenge 3,1,1016001,17,8268,895,"[""PVtlDvh74H8""]","[""A Hug From Taylor Swift - Challenge #3""]"
2026-06-25,taylor_swift_billboard_woman_of_the_year,Taylor Swift Billboard Woman Of The Year,1,1009913,15,37313,2044,"[""weQBrpLffrA""]","[""Taylor Swift Billboard Woman of the Year""]"
2026-06-25,watching_the_cma_announcements,Watching The Cma Announcements,1,979024,22,31855,4168,"[""SnN7kIqDgz0""]","[""Watching the CMA Announcements!""]"
2026-06-25,taylor_swift_covergirl_natureluxe,Taylor Swift Covergirl Natureluxe,1,978643,25,13027,1368,"[""ZMt6TFO0zn4""]","[""Taylor Swift CoverGirl NatureLuxe""]"
2026-06-25,i_don_t_wanna_live_forever_bts_2_key_light,I Don T Wanna Live Forever Bts 2 Key Light,1,973135,33,31651,624,"[""OsJ5RyWpY5w""]","[""I Don't Wanna Live Forever (Fifty Shades Darker) BTS 2 - Key Light? [EXTENDED]""]"
2026-06-25,taylor_swift_red_tour_nashville_week,Taylor Swift Red Tour Nashville Week,1,969200,39,16649,1088,"[""DJXfSaOJXOQ""]","[""Taylor Swift RED Tour Nashville Week""]"
2026-06-25,i_knew_you_were_trouble_behind_the_scenes_1,I Knew You Were Trouble Behind The Scenes 1,1,964641,38,20118,870,"[""rghH6QlT5a0""]","[""\""I Knew You Were Trouble.\"" Behind-The-Scenes #1""]"
2026-06-25,wonderstruck_taylor_swift_chapter_2,Wonderstruck Taylor Swift Chapter 2,1,960344,40,20080,1296,"[""LkkY2iaylmI""]","[""Wonderstruck Taylor Swift Chapter 2""]"
2026-06-25,behind_the_scenes_in_band_hero_with_taylor,Behind The Scenes In Band Hero With Taylor,1,941555,13,7598,643,"[""wzLhAZn_JMk""]","[""Behind-the-scenes in BAND HERO with Taylor!""]"
2026-06-25,fairytale_adventures_in_australia_and_japan,Fairytale Adventures In Australia And Japan,1,921926,20,15703,1832,"[""VhFFAQuAUqo""]","[""Fairytale Adventures in Australia and Japan.""]"
2026-06-25,look_what_you_made_me_do_stream_co,Look What You Made Me Do Stream Co,1,892693,78,23945,508,"[""71QPEkD9PhM""]","[""Look What You Made Me Do - Stream Co.""]"
2026-06-25,challenge_1,Challenge 1,1,888738,18,12842,1089,"[""mxBSpHji2oo""]","[""A Hug From Taylor Swift - Challenge #1""]"
2026-06-25,my_band_has_bad_private_plane_manners,My Band Has Bad Private Plane Manners,1,872070,31,10879,614,"[""1G1ES1y6AyI""]","[""My band has bad private plane manners.""]"
2026-06-25,vevocertified_pt_6_mine,Vevocertified Pt 6 Mine,1,853893,7,11669,721,"[""FNWq-pr5ON8""]","[""Taylor Swift - #VevoCertified, Pt. 6: Mine (Taylor Commentary)""]"
2026-06-25,behind_the_scenes_of_taylor_swift_s_week_at_staples_center,Behind The Scenes Of Taylor Swift S Week At Staples Center,1,829766,33,14736,1021,"[""6wEVDvnqQOM""]","[""Behind the scenes of Taylor Swift's week at Staples Center""]"
2026-06-25,trl_recap,Trl Recap,1,826261,67,10282,991,"[""p-5R0u3iTiE""]","[""TRL Recap!""]"
2026-06-25,london,London,1,824194,29,11293,1341,"[""0jWoq3COzts""]","[""London!!!""]"
2026-06-25,look_what_you_made_me_do_the_birdcage,Look What You Made Me Do The Birdcage,1,824008,47,25194,957,"[""jJeK0p1LanY""]","[""Look What You Made Me Do - The Birdcage""]"
2026-06-25,1_with_a_bullet,1 With A Bullet,1,821870,22,8378,1118,"[""qvcSth8LvEw""]","[""1 with a bullet.""]"
2026-06-25,vevocertified_pt_3_taylor_talks_about_her_fans,Vevocertified Pt 3 Taylor Talks About Her Fans,1,811451,1,12487,840,"[""ehLp0cjqkRk""]","[""Taylor Swift - #VEVOCertified, Pt. 3: Taylor Talks About Her Fans""]"
2026-06-25,vevocertified_pt_2_taylor_on_making_music_videos,Vevocertified Pt 2 Taylor On Making Music Videos,1,782574,2,10039,438,"[""YcuEHj-Nr58""]","[""Taylor Swift - #VEVOCertified, Pt. 2: Taylor On Making Music Videos""]"
2026-06-25,sparks_fly_live_on_the_red_tour,Sparks Fly Live On The Red Tour,1,782020,51,19464,945,"[""Nx-5bHeC6xo""]","[""\""Sparks Fly\"" (acoustic) Live on the RED Tour!""]"
2026-06-25,taylor_swift_s_the_1989_world_tour,Taylor Swift S The 1989 World Tour,1,729020,10,10978,1050,"[""JggOSZFlk0U""]","[""Taylor Swift's The 1989 World Tour""]"
2026-06-25,november_11th,November 11Th,1,718324,14,7263,977,"[""45KfDAgw_Is""]","[""November 11th.""]"
2026-06-25,instructional_video,Instructional Video,1,715094,57,12371,921,"[""R7wjyOQw7Zw""]","[""Instructional Video""]"
2026-06-25,myspace_presents_the_fit_featuring_taylor_swift,Myspace Presents The Fit Featuring Taylor Swift,1,699096,20,5413,567,"[""Ivz6lNNAYaE""]","[""MySpace Presents: The Fit Featuring Taylor Swift""]"
2026-06-25,taylor_swift_ice_bucket_challenge_with_jamie_king,Taylor Swift Ice Bucket Challenge With Jamie King,1,666164,32,40859,1303,"[""AoYtgGHfsG4""]","[""Taylor Swift Ice Bucket Challenge with Jamie King""]"
2026-06-25,taylor_swift_in_band_hero,Taylor Swift In Band Hero,1,662680,11,7914,1861,"[""GVKuFZhB1e8""]","[""Taylor Swift In Band Hero""]"
2026-06-25,thanksgiving_break_and_the_academy_is,Thanksgiving Break And The Academy Is,1,662288,16,8264,795,"[""MHDjff07l0I""]","[""Thanksgiving break and The Academy Is...""]"
2026-06-25,taylor_by_taylor_swift_fragrance_video_part_1,Taylor By Taylor Swift Fragrance Video Part 1,1,655365,8,10486,1012,"[""YUSPwqd4674""]","[""Taylor by Taylor Swift Fragrance Video Part 1""]"
2026-06-25,vevocertified_pt_4_taylor_superfans_aka_swifties,Vevocertified Pt 4 Taylor Superfans Aka Swifties,1,653699,4,6733,927,"[""Eo2D8Ez3WAo""]","[""Taylor Swift - #VevoCertified, Pt. 4: Taylor Superfans aka Swifties""]"
2026-06-25,taylor_swift_talks_about_welcome_to_new_york,Taylor Swift Talks About Welcome To New York,1,642981,27,11802,335,"[""xVKTOX3vMKM""]","[""Taylor Swift talks about \""Welcome to New York\""""]"
2026-06-25,the_for_the_fate_of_ophelia_is_available_now_only_on_youtube,The For The Fate Of Ophelia Is Available Now Only On Youtube,1,641457,327,25482,401,"[""fxeEYfVDaJI""]","[""The official music video for “The Fate of Ophelia” is available now, only on YouTube ❤️‍🔥""]"
2026-06-25,opalite_extended_versions_part_1_and_2_out_now_at_taylorswift_com,Opalite Extended Versions Part 1 And 2 Out Now At Taylorswift Com,1,612017,0,42141,805,"[""x_uxpBJQqCA""]","[""Opalite Official Music Video Extended Versions Part 1 & 2 out now at TaylorSwift.com ✨""]"
2026-06-25,wonderstruck_enchanted_taylor_swift_chapter_3,Wonderstruck Enchanted Taylor Swift Chapter 3,1,576716,31,14968,1005,"[""1vj3YhYrULo""]","[""Wonderstruck Enchanted Taylor Swift Chapter 3""]"
2026-06-25,trailer,Trailer,1,567052,14,33425,2152,"[""66kn6Dcr12E""]","[""Taylor Swift's reputation Stadium Tour - Trailer""]"
2026-06-25,the_final_challenge,The Final Challenge,1,561942,15,13370,1424,"[""w7p_BCIX-rw""]","[""A Hug From Taylor Swift - The Final Challenge""]"
2026-06-25,taylor_swift_s_red_tour_announcement,Taylor Swift S Red Tour Announcement,1,531312,15,10538,3216,"[""YoJj-5nAGpM""]","[""Taylor Swift's RED Tour Announcement!""]"
2026-06-25,philadelphia,Philadelphia,1,530587,32,8616,835,"[""DjABPXfE4Fs""]","[""Philadelphia :)""]"
2026-06-25,behind_the_fragrance_taylor_swift_incredible_things_featuring_taylor_swift,Behind The Fragrance Taylor Swift Incredible Things Featuring Taylor Swift,1,518375,19,19357,601,"[""BxZi6jC2JAI""]","[""Behind The Fragrance, Taylor Swift Incredible Things featuring Taylor Swift (Behind The Scenes)""]"
2026-06-25,official_merch,Official Merch,1,518359,4,41628,2311,"[""aoYhTov8jsY""]","[""Taylor Swift reputation Stadium Tour - Official Merch""]"
2026-06-25,taylor_swift_fragrances_made_of_starlight_musical_edition,Taylor Swift Fragrances Made Of Starlight Musical Edition,1,507301,29,13063,369,"[""kpzwfS5x068""]","[""Taylor Swift Fragrances Made Of Starlight Musical Edition""]"
2026-06-25,red_guitar_solo_from_red_tour_opening_night,Red Guitar Solo From Red Tour Opening Night,1,491684,65,11674,863,"[""NZnRUnOQZWU""]","[""\""Red\"" Guitar Solo from RED Tour Opening Night""]"
2026-06-25,the_end_of_an_era_a_6_episode_docuseries_streams_on_disneyplus_beginning_dec_12,The End Of An Era A 6 Episode Docuseries Streams On Disneyplus Beginning Dec 12,1,479324,271,42738,1982,"[""dSSqCoCiQVs""]","[""The End of an Era\"", a 6-episode docuseries, streams on @Disneyplus beginning Dec 12 🫶""]"
2026-06-25,santa_baby,Santa Baby,1,473215,71,3807,281,"[""ZU4o7vvrrPI""]","[""Taylor Swift - Santa Baby (Audio)""]"
2026-06-25,surprise_taylor_wins_2_teen_choice_awards,Surprise Taylor Wins 2 Teen Choice Awards,1,448488,11,6876,1128,"[""Y3eRmLTN7FQ""]","[""Surprise! Taylor Wins 2 Teen Choice Awards!""]"
2026-06-25,just_11_days_until_the_final_show_of_the_eras_tour_is_all_yours,Just 11 Days Until The Final Show Of The Eras Tour Is All Yours,1,447081,268,26122,2409,"[""fHjxp-rpUGw""]","[""Just 11 days until the final show of The Eras Tour is all yours ✨🎂""]"
2026-06-25,i_knew_you_were_trouble_behind_the_scenes_2,I Knew You Were Trouble Behind The Scenes 2,1,441916,18,10522,410,"[""sIjKXPXjVxU""]","[""\""I Knew You Were Trouble.\"" Behind-The-Scenes #2""]"
2026-06-25,taylor_swift_reputation_stadium_tour_trailer_2,Taylor Swift Reputation Stadium Tour Trailer 2,1,435955,12,29330,2088,"[""RMW3fAructY""]","[""Taylor Swift reputation Stadium Tour // Trailer 2""]"
2026-06-25,the_archer_first_ever_live_performance,The Archer First Ever Live Performance,1,428355,28,36051,1259,"[""1qwxqyac0Z8""]","[""Taylor Swift - The Archer First Ever Live Performance""]"
2026-06-25,highlights,Highlights,1,428324,8,8474,317,"[""1D5E5KLkfsI""]","[""Taylor Swift's Worldwide Live Stream on Yahoo - Highlights""]"
2026-06-25,i_knew_you_were_trouble_behind_the_scenes_3,I Knew You Were Trouble Behind The Scenes 3,1,425324,16,10778,485,"[""jinbX0hwYOo""]","[""\""I Knew You Were Trouble.\"" Behind-The-Scenes #3""]"
2026-06-25,nashville_tn,Nashville Tn,1,411100,5,3555,125,"[""-0uRcwk818Y""]","[""Taylor Swift Speak Now Fan Video : Nashville, TN""]"
2026-06-25,taylor_swift_s_journey_to_fearless_on_the_hub,Taylor Swift S Journey To Fearless On The Hub,1,404113,13,5183,542,"[""QQVHNOxYv5E""]","[""Taylor Swift's 'Journey to Fearless' on The Hub""]"
2026-06-25,taylor_swift_s_wonderstruck_fragrance,Taylor Swift S Wonderstruck Fragrance,1,393097,7,9425,1108,"[""urcHObkMCBE""]","[""Taylor Swift's Wonderstruck Fragrance""]"
2026-06-25,first_fans_with_my_cmt_award,First Fans With My Cmt Award,1,382913,62,4732,304,"[""Mi-FBBqUuJE""]","[""First fans with my CMT Award.""]"
2026-06-25,rascal_flatt_s_tour_and_grey_s_anatomy,Rascal Flatt S Tour And Grey S Anatomy,1,367227,20,7176,687,"[""rJVYkPjQf9s""]","[""Rascal Flatt's tour and Grey's Anatomy""]"
2026-06-25,holy_ground_live_on_the_red_tour,Holy Ground Live On The Red Tour,1,362994,17,9064,683,"[""3H21433WdtU""]","[""\""Holy Ground\"" Live on the RED Tour!""]"
2026-06-25,sneak_peek,Sneak Peek,1,350681,9,12562,987,"[""LGA54hn8uwU""]","[""Taylor By Taylor Swift commercial: sneak peek""]"
2026-06-25,win_a_taylor_swift_performance_on_your_campus,Win A Taylor Swift Performance On Your Campus,1,347945,9,4994,1292,"[""6OPPGOl7ctE""]","[""Win A Taylor Swift Performance on Your Campus!""]"
2026-06-25,vote_taylor_acm_entertainer_of_the_year,Vote Taylor Acm Entertainer Of The Year,1,344388,4,7258,806,"[""37Pc4cjk9pY""]","[""Vote Taylor: ACM Entertainer of the Year""]"
2026-06-25,youtube_presents_taylor_swift_q_and_a,Youtube Presents Taylor Swift Q And A,1,328775,6,5450,2719,"[""z___7lkxS0I""]","[""YouTube Presents Taylor Swift Q&A""]"
2026-06-25,behind_the_scenes_cma_music_festival,Behind The Scenes Cma Music Festival,1,321305,16,3801,272,"[""bkADPxWSeak""]","[""Behind The Scenes @ CMA Music Festival""]"
2026-06-25,taylor_swift_answers_questions_from_fans_from_lovers_lounge_live,Taylor Swift Answers Questions From Fans From Lovers Lounge Live,1,316362,10,21755,626,"[""iyYhqYELWtA""]","[""Taylor Swift Answers Questions From Fans From Lover’s Lounge Live""]"
2026-06-25,nov_20_7_6c_cbs,Nov 20 7 6C Cbs,1,306297,166,5383,550,"[""GSvyRVw366k""]","[""Taylor Swift on 60 Minutes - Nov 20 @ 7/6c CBS""]"
2026-06-25,ours_behind_the_scenes_the_office,Ours Behind The Scenes The Office,1,289437,5,6426,564,"[""IdMI-HCO5QY""]","[""\""Ours\"" Behind-the-Scenes - The Office""]"
2026-06-25,store_appearances,Store Appearances,1,278322,2,5683,552,"[""xIoApJgIw8U""]","[""Taylor Swift WONDERSTRUCK In-Store Appearances""]"
2026-06-25,speak_now_world_tour_live_cd_dvd,Speak Now World Tour Live Cd Dvd,1,277669,8,5523,688,"[""KFoOCZeKgzQ""]","[""Speak Now World Tour Live CD+DVD""]"
2026-06-25,taylor_swift_red_tour_asia_announcement,Taylor Swift Red Tour Asia Announcement,1,276822,22,7501,1253,"[""UfRqjF_8IqQ""]","[""Taylor Swift RED Tour Asia announcement""]"
2026-06-25,ours_behind_the_scenes_message_of_ours,Ours Behind The Scenes Message Of Ours,1,271849,2,6551,290,"[""yHqjZUxaigo""]","[""\""Ours\"" Behind-the-Scenes - Message of Ours""]"
2026-06-25,taylors_diary_my_13_year_old_self,Taylors Diary My 13 Year Old Self,1,269962,13,19877,485,"[""UY3UfH-ittk""]","[""Taylor’s Diary - My 13 Year Old Self (Exclusive Reading from Deluxe Edition Lover Album)""]"
2026-06-25,stylememories_one,Stylememories One,1,258242,7,10036,316,"[""bKBJhghRfEk""]","[""#STYLEmemories One""]"
2026-06-25,speak_now_world_tour_live_cd_dvd_available_now,Speak Now World Tour Live Cd Dvd Available Now,1,254506,7,5810,772,"[""O0Mnebw_TJc""]","[""Speak Now World Tour Live CD/DVD - Available Now!""]"
2026-06-25,stylememories_two,Stylememories Two,1,249570,12,10030,266,"[""cM2CXMcG5w8""]","[""#STYLEmemories Two""]"
2026-06-25,q_and_a_with_taylor_on_taylor_by_taylor_swift_the_fragrance,Q And A With Taylor On Taylor By Taylor Swift The Fragrance,1,248524,3,5957,419,"[""EuT6nQvdcpo""]","[""Q&A with Taylor on Taylor By Taylor Swift, the fragrance""]"
2026-06-25,the_red_tour_australia_new_zealand_announcement,The Red Tour Australia New Zealand Announcement,1,241194,6,5520,1753,"[""JgkCFCOAn48""]","[""The RED Tour Australia/New Zealand Announcement!""]"
2026-06-25,stockhold_sweden,Stockhold Sweden,1,214000,8,2436,240,"[""9wXlz0f-2Zo""]","[""Taylor Swift Speak Now Fan Video : Stockhold, Sweden""]"
2026-06-25,the_lucky_one_song_preview_from_red_now_available,The Lucky One Song Preview From Red Now Available,1,213340,3,2234,220,"[""75NpXm04S1I""]","[""\""The Lucky One\"" Song Preview from RED - Now Available""]"
2026-06-25,taylor_swift_red_tour_london_announcement,Taylor Swift Red Tour London Announcement,1,211169,5,4715,1208,"[""SvEbXNgvXWY""]","[""Taylor Swift RED Tour London announcement""]"
2026-06-25,i_almost_do_song_preview_from_red_now_available,I Almost Do Song Preview From Red Now Available,1,205876,2,2177,170,"[""YszERgNNKnc""]","[""\""I Almost Do\"" Song Preview from RED - Now Available""]"
2026-06-25,sad_beautiful_tragic_song_preview_from_red_now_available,Sad Beautiful Tragic Song Preview From Red Now Available,1,203495,3,2056,147,"[""oo1CoPXIOuI""]","[""\""Sad Beautiful Tragic\"" Song Preview from RED - Now Available""]"
2026-06-25,nov_11_11_10c,Nov 11 11 10C,1,202002,6,4025,268,"[""OZJdxFEdjSU""]","[""VH1 StoryTellers - Taylor Swift - Nov 11 @ 11/10c""]"
2026-06-25,22_song_preview_from_red_now_available,22 Song Preview From Red Now Available,1,201251,4,3216,361,"[""yBHlFJ9waVo""]","[""\""22\"" Song Preview from RED - Now Available""]"
2026-06-25,ours_behind_the_scenes_taylor_s_look,Ours Behind The Scenes Taylor S Look,1,200182,5,3266,352,"[""gPJ8PFeq9Xw""]","[""\""Ours\"" Behind-the-Scenes - Taylor's Look""]"
2026-06-25,taylor_talks_hugging_fans_60_minutes_sunday_nov_21_7_6c_cbs,Taylor Talks Hugging Fans 60 Minutes Sunday Nov 21 7 6C Cbs,1,200128,5,3589,382,"[""lZNJnOrwDTQ""]","[""Taylor Talks Hugging Fans - 60 Minutes, Sunday Nov 21 @ 7/6c CBS""]"
2026-06-25,outtakes,Outtakes,1,193035,8,4532,260,"[""Ac7wMLgLtpY""]","[""Taylor Swift on Style: Outtakes""]"
2026-06-25,treacherous_song_preview_from_red_now_available,Treacherous Song Preview From Red Now Available,1,188524,5,3733,469,"[""KNKa1to1v6o""]","[""\""Treacherous\"" Song Preview from RED - Now Available""]"
2026-06-25,ours_behind_the_scenes_zach,Ours Behind The Scenes Zach,1,187195,7,3513,242,"[""h6CRgcouLuU""]","[""\""Ours\"" Behind-the-Scenes - Zach""]"
2026-06-25,starlight_song_preview_from_red_now_available,Starlight Song Preview From Red Now Available,1,186096,4,2911,257,"[""qbx_wdqaeV0""]","[""\""Starlight\"" Song Preview from RED - Now Available""]"
2026-06-25,what_fans_can_expect_on_the_red_tour,What Fans Can Expect On The Red Tour,1,175654,9,5050,523,"[""ueZmiOaDDlU""]","[""What Fans Can Expect on the RED Tour""]"
2026-06-25,ours_behind_the_scenes_that_s_a_wrap,Ours Behind The Scenes That S A Wrap,1,170927,2,3280,172,"[""QvNW_z1Y7Ls""]","[""\""Ours\"" Behind-the-Scenes - That's a Wrap""]"
2026-06-25,ours_behind_the_scenes_working_with_taylor,Ours Behind The Scenes Working With Taylor,1,168254,4,4842,138,"[""wIvJI6mF1ME""]","[""\""Ours\"" Behind-the-Scenes - Working with Taylor""]"
2026-06-25,ours_behind_the_scenes_the_director,Ours Behind The Scenes The Director,1,166140,0,3172,208,"[""AtHsg4USz8g""]","[""\""Ours\"" Behind-the-Scenes - The Director""]"
2026-06-25,ours_behind_the_scenes_we_re_making_a_video,Ours Behind The Scenes We Re Making A Video,1,157145,7,3509,269,"[""beGv3NTnduo""]","[""\""Ours\"" Behind-the-Scenes - We're Making a Video""]"
2026-06-25,hifromtaylor_teaser,Hifromtaylor Teaser,1,154096,4,4369,401,"[""C2giKOnk588""]","[""#HiFromTaylor Teaser""]"
2026-06-25,all_too_well_song_preview_from_red_now_available,All Too Well Song Preview From Red Now Available,1,142403,9,3716,450,"[""k2zfi4gLekU""]","[""\""All Too Well\"" Song Preview from RED - Now Available""]"
2026-06-25,ours_behind_the_scenes_home_movies,Ours Behind The Scenes Home Movies,1,139754,4,3313,269,"[""HsLl-IL9c7E""]","[""\""Ours\"" Behind-the-Scenes - Home Movies""]"
2026-06-25,ours_behind_the_scenes_the_story_of_the_video,Ours Behind The Scenes The Story Of The Video,1,134292,5,2670,119,"[""_zyYtE9di9A""]","[""\""Ours\"" Behind-the-Scenes - \""The Story of the Video\""""]"
2026-06-25,voteacm_com,Voteacm Com,1,130072,5,4128,490,"[""GDdVOpZkqRI""]","[""Vote Taylor Swift ACM Entertainer of the Year: VoteACM.com""]"
2026-06-25,part_3,Part 3,1,128728,7,3520,204,"[""y9yIBAmBDtk""]","[""Taylor Swift on Style: Part 3""]"
2026-06-25,holy_ground_song_preview_from_red_now_available,Holy Ground Song Preview From Red Now Available,1,125304,0,2184,209,"[""Rcex4Nw6Z9U""]","[""\""Holy Ground\"" Song Preview from RED - Now Available""]"
2026-06-25,taylors_diary_discusses_getting_her_first_cat_meredith_grey_tour_and_middle_school,Taylors Diary Discusses Getting Her First Cat Meredith Grey Tour And Middle School,1,122338,7,8425,176,"[""gRIWxlehJVg""]","[""Taylor’s Diary -  Discusses Getting Her First Cat Meredith Grey, Tour and Middle School""]"
2026-06-25,ours_behind_the_scenes_the_inspiration,Ours Behind The Scenes The Inspiration,1,120688,2,2880,106,"[""7D6-_twz7YE""]","[""\""Ours\"" Behind-the-Scenes - The Inspiration""]"
2026-06-25,chicago_il,Chicago Il,1,120221,2,2411,153,"[""91EDAPQLsXc""]","[""Taylor Swift Speak Now Fan Video : Chicago, IL""]"
2026-06-25,san_diego_ca,San Diego Ca,1,118787,7,1734,140,"[""fTFcFeQOeLo""]","[""Taylor Swift Speak Now Fan Video : San Diego, CA""]"
2026-06-25,hampton_nj,Hampton Nj,1,116873,6,1627,100,"[""rx86WwyoI7g""]","[""Taylor Swift Speak Now Fan Video : Hampton, NJ""]"
2026-06-25,part_4,Part 4,1,116294,4,2930,136,"[""41Zxe-tqjoE""]","[""Taylor Swift on Style: Part 4""]"
2026-06-25,stay_stay_stay_song_preview_from_red_now_available,Stay Stay Stay Song Preview From Red Now Available,1,110862,8,2312,227,"[""TGslPGte8Mw""]","[""\""Stay Stay Stay\"" Song Preview from RED - Now Available""]"
2026-06-25,billboard_milestone_award,Billboard Milestone Award,1,109772,5,3770,388,"[""1hdDXzS63SY""]","[""Taylor Swift - Billboard Milestone Award""]"
2026-06-25,welcome_to_the_official_taylor_swift_youtube_channel,Welcome To The Official Taylor Swift Youtube Channel,1,107136,7,3931,441,"[""xmauy4h3rPg""]","[""Welcome to the Official Taylor Swift YouTube Channel!""]"
2026-06-25,ours_behind_the_scenes_director_casting,Ours Behind The Scenes Director Casting,1,104104,1,2775,310,"[""0Ot5C6O-KfA""]","[""\""Ours\"" Behind-the-Scenes - Director Casting""]"
2026-06-25,ours_behind_the_scenes_locations,Ours Behind The Scenes Locations,1,101361,4,2514,135,"[""Y89k5sfHBaw""]","[""\""Ours\"" Behind-the-Scenes - Locations""]"
2026-06-25,oranga_nsw_australia,Oranga Nsw Australia,1,99826,53,1626,99,"[""LSjPFdoeDD8""]","[""Taylor Swift Speak Now Fan Video : Oranga, NSW, Australia""]"
2026-06-25,ajalvir_spain,Ajalvir Spain,1,97998,3,2123,148,"[""CpwF5fw6dE0""]","[""Taylor Swift Speak Now Fan Video : Ajalvir (Madrid), Spain""]"
2026-06-25,last_christmas,Last Christmas,1,79004,20,1136,61,"[""AbKi_WHS9WA""]","[""Taylor Swift - Last Christmas (Audio)""]"
2026-06-25,shot_on_a_bloggie,Shot On A Bloggie,1,57749,5,1855,107,"[""jkin5pRLrQg""]","[""Taylor Swift Speak Now Fan Videos : Shot on a Bloggie""]"
2026-06-25,omaha_ne,Omaha Ne,1,57153,4,1942,312,"[""dlBQSxDuy2I""]","[""Taylor Swift Speak Now Fan Video : Omaha, NE""]"
2026-06-25,minneapolis_mn,Minneapolis Mn,1,57107,6,2365,408,"[""KWPrDngWZSQ""]","[""Taylor Swift Speak Now Fan Video : Minneapolis, MN""]"
2026-06-25,beautiful_eyes,Beautiful Eyes,1,14332,22,354,36,"[""2SXLyqKAFYU""]","[""Taylor Swift - Beautiful Eyes (Live From Clear Channel Stripped 2008 / Audio)""]"
2026-06-25,christmas_must_be_something_more,Christmas Must Be Something More,1,8698,6,196,18,"[""QS-jLu3AOtU""]","[""Taylor Swift - Christmas Must Be Something More (Audio)""]"
2026-06-25,christmases_when_you_were_mine,Christmases When You Were Mine,1,8155,11,185,10,"[""I2LBLztkeDc""]","[""Taylor Swift - Christmases When You Were Mine (Audio)""]"
2026-06-25,white_christmas,White Christmas,1,7944,7,147,6,"[""cMXyjbxuxYQ""]","[""Taylor Swift - White Christmas (Audio)""]"
2026-06-25,silent_night,Silent Night,1,7212,17,250,34,"[""k4lGZmwk0O0""]","[""Taylor Swift - Silent Night (Audio)""]"
2026-06-25,taylorswiftvevo_live_stream,Taylorswiftvevo Live Stream,1,0,0,63,1,"[""oWVYzCPs3nE""]","[""TaylorSwiftVEVO Live Stream""]"
2026-06-25,taylor_swift_live_stream,Taylor Swift Live Stream,1,0,0,94,0,"[""e7HLU5-0VU4""]","[""Taylor Swift Live Stream""]"
2026-06-26,blank_space,Blank Space,2,3842968539,443492,16923250,699896,"[""e-ORhEE9VVg"", ""gir8BEqAutk""]","[""Taylor Swift - Blank Space"", ""Taylor Swift - Blank Space (Taylor's Version) (Lyric Video)""]"
2026-06-26,shake_it_off,Shake It Off,2,3726771707,431806,14528015,610831,"[""nfWlot6h_JM"", ""mvVBuG4IOW4""]","[""Taylor Swift - Shake It Off"", ""Taylor Swift - Shake It Off (Taylor's Version) (Lyric Video)""]"
2026-06-26,you_belong_with_me,You Belong With Me,4,1841454690,216493,11513260,487825,"[""VuNIsY6JdUw"", ""vwp8Ur6tO-8"", ""zudLJdajX5Y"", ""tvnGBYMe9gM""]","[""Taylor Swift - You Belong With Me"", ""Taylor Swift - You Belong With Me (Taylor's Version) (Lyric Video)"", ""Taylor Swift - You Belong With Me (Live on Letterman)"", ""Taylor Swift - You Belong With Me (Live from New York City)""]"
2026-06-26,look_what_you_made_me_do,Look What You Made Me Do,2,1725632067,78779,15956735,957715,"[""3tmd-ClpJxA"", ""3K0RzZGpyds""]","[""Taylor Swift - Look What You Made Me Do"", ""Taylor Swift - Look What You Made Me Do (Lyric Video)""]"
2026-06-26,bad_blood_ft_kendrick_lamar,Bad Blood Ft Kendrick Lamar,1,1685810986,57178,10376377,475653,"[""QcIy9NiNbmo""]","[""Taylor Swift - Bad Blood ft. Kendrick Lamar""]"
2026-06-26,wildest_dreams,Wildest Dreams,3,1072538257,126429,6678988,266805,"[""IdneKLhsWOQ"", ""vtW_4j7SsZk"", ""CUr_UwUUXzU""]","[""Taylor Swift - Wildest Dreams"", ""Taylor Swift - Wildest Dreams (Taylor's Version) (Lyric Video)"", ""Taylor Swift - Wildest Dreams (Taylor’s Version) (Official Audio)""]"
2026-06-26,style,Style,2,996050416,161721,4838573,179947,"[""-CmadmM5cOk"", ""2JgvVfOfoWI""]","[""Taylor Swift - Style"", ""Taylor Swift - Style (Taylor's Version) (Lyric Video)""]"
2026-06-26,love_story,Love Story,8,954690454,192188,8081785,348999,"[""8xg3vE8Ie_E"", ""aXzVF3XeS8M"", ""mNLVMDF9mUo"", ""yfWgXcrNQIw"", ""FeTHyZJvozc"", ""kO9PkyWTZNw"", ""wFcFQP8XKuY"", ""opS9a1_PuWA""]","[""Taylor Swift - Love Story"", ""Taylor Swift - Love Story (Taylor’s Version) [Official Lyric Video]"", ""Taylor Swift - Love Story (Live on Letterman)"", ""Taylor Swift - Love Story (Live from New York City)"", ""Taylor Swift - Love Story (Elvira Remix) (Taylor’s Version) (Official Audio)"", ""Taylor Swift - Love Story (Pop Mix / Audio)"", ""Taylor Swift - Love Story (Digital Dog Remix / Audio)"", ""Taylor Swift - Love Story (Live From Clear Channel Stripped 2008 / Audio)""]"
2026-06-26,we_are_never_ever_getting_back_together,We Are Never Ever Getting Back Together,4,923942080,84153,5291958,276660,"[""WA4iX5D9Z64"", ""zJFcr1KyFqE"", ""BktS1hkMx_k"", ""gcMn_Eu-XTE""]","[""Taylor Swift - We Are Never Ever Getting Back Together"", ""Taylor Swift - We Are Never Ever Getting Back Together (Taylor's Version) (Lyric Video)"", ""Taylor Swift - We Are Never Ever Getting Back Together (Live from New York City)"", ""Taylor Swift - We Are Never Ever Getting Back Together (Lyric Video)""]"
2026-06-26,i_dont_wanna_live_forever,I Dont Wanna Live Forever,1,775709802,40379,5381267,136444,"[""7F37r50VUTQ""]","[""ZAYN, Taylor Swift - I Don’t Wanna Live Forever (Fifty Shades Darker)""]"
2026-06-26,22,22,2,742623441,57936,3845012,303906,"[""AgFeZr5ptV8"", ""9boiT64sm0Q""]","[""Taylor Swift - 22"", ""Taylor Swift - 22 (Taylor's Version) (Lyric Video)""]"
2026-06-26,delicate,Delicate,2,608770150,49383,4947541,222431,"[""tCXGJQYZ9JA"", ""MBR2kxt7RK8""]","[""Taylor Swift - Delicate"", ""Taylor Swift - Delicate (Vertical Version)""]"
2026-06-26,i_knew_you_were_trouble,I Knew You Were Trouble,2,570209582,35478,4227724,280082,"[""TqAollrUJdA"", ""vNoKguSdy4Y""]","[""Taylor Swift - I Knew You Were Trouble (Taylor's Version) (Lyric Video)"", ""Taylor Swift - I Knew You Were Trouble""]"
2026-06-26,never_been_accused_of_not_keeping_it,Never Been Accused Of Not Keeping It,1,496899414,9194,2083341,23016,"[""ZzYBzwfjjDE""]","[""Never been accused of not keeping it 💯""]"
2026-06-26,back_to_december,Back To December,4,493441052,110782,2709013,100450,"[""QUwxKWT6m7U"", ""qc2Z-OX9wnc"", ""vio0RidOMUM"", ""eocfbbyIUn8""]","[""Taylor Swift - Back To December"", ""Taylor Swift - Back To December (Taylor's Version) (Lyric Video)"", ""Taylor Swift - Back To December (Live on Letterman)"", ""Taylor Swift - Back To December""]"
2026-06-26,me_ft_brendon_urie,Me Ft Brendon Urie,3,482358152,39289,7096901,457212,"[""FuXNumBwDOM"", ""S--WI8PUVVo"", ""_zUCMfYkgj0""]","[""Taylor Swift - ME! (feat. Brendon Urie of Panic! At The Disco) ft. Brendon Urie"", ""Taylor Swift - ME! (feat. Brendon Urie of Panic! At The Disco) (Lyric Video) ft. Brendon Urie"", ""Taylor Swift - ME! (Live on The Voice / 2019) ft. Brendon Urie""]"
2026-06-26,ready_for_it,Ready For It,4,471170711,36286,4973524,267553,"[""wIft-t-MQuE"", ""T62maKYX9tU"", ""GZeza5xTeuM"", ""MvIwx0JThsk""]","[""Taylor Swift - …Ready For It?"", ""Taylor Swift - ...Ready For It? (Audio)"", ""Taylor Swift - …Ready for It? (BloodPop® Remix) (Audio)"", ""Taylor Swift, BloodPop® - ...Ready For It?""]"
2026-06-26,the_fate_of_ophelia,The Fate Of Ophelia,5,468350464,977166,4054436,165530,"[""ko70cExuzZM"", ""rbmdfEQODOw"", ""svcboYY81wU"", ""yX2kZ8OIsfU"", ""PdMdbiY6-lE""]","[""Taylor Swift - The Fate of Ophelia (Official Music Video)"", ""Taylor Swift - The Fate of Ophelia (Lyric Video)"", ""Taylor Swift - The Fate of Ophelia (Visualizer)"", ""Taylor Swift - The Fate of Ophelia (The Chainsmokers Remix) (Visualizer)"", ""Taylor Swift - The Fate of Ophelia (Alone In My Tower Acoustic Version) (Visualizer)""]"
2026-06-26,fortnight_acoustic_version,Fortnight [Acoustic Version],13,457360485,91560,13065839,272489,"[""q3zqJs7JUCQ"", ""b7kmP1fsGg8"", ""2hBLC7E8v3A"", ""HZIg5sQrPAM"", ""HzsQHfBA3MY"", ""KJXP13hqf2I"", ""ZwlBxvnH-So"", ""F0TUVujmtxY"", ""0GQ_QeZxdzo"", ""AtDCWnV_Vzo"", ""7yRXgL7SaV0"", ""w04K8z_nfDI"", ""PQTA-EVc5DI""]","[""Taylor Swift - Fortnight (feat. Post Malone) (Official Music Video)"", ""Taylor Swift - Fortnight (feat. Post Malone)"", ""Share your “fortnight” recap with #ForAFortnightChallenge 🤍 brought to you by YouTube Shorts"", ""Taylor Swift - Fortnight (feat. Post Malone) (Acoustic)"", ""Taylor Swift - Fortnight (feat Post Malone) (Official Lyric Video)"", ""Taylor Swift - Fortnight (feat Post Malone) (BLOND:ISH Remix)"", ""A fortnight since TTPD 🤍 brought to you by YouTube Shorts #ForAFortnightChallenge"", ""A fortnight til Paris 🤍 Brought to you by YouTube Shorts #ForAFortnightChallenge"", ""Taylor Swift - Fortnight (feat. Post Malone) (Behind the Scenes)"", ""A fortnight making TTPD 🤍 Brought to you by YouTube Shorts #ForAFortnightChallenge"", ""Album tonight. Fortnight music video tomorrow at 8pm et."", ""Fortnight (Behind the Scenes with Post Malone, Ethan Hawke & Josh Charles)"", ""Taylor Swift - Fortnight (feat. Post Malone) (Cults Remix)""]"
2026-06-26,everything_has_changed,Everything Has Changed - Remix,4,449183454,42114,3615664,165065,"[""w1oM3kQpXRo"", ""eMcMbWl0fDk"", ""YfPfgZjhH1w"", ""dgzN0Puq_hE""]","[""Taylor Swift - Everything Has Changed ft. Ed Sheeran"", ""Taylor Swift - Everything Has Changed (Taylor's Version) (Lyric Video) ft. Ed Sheeran"", ""Britain's Got Talent performance: Everything Has Changed"", ""\""Everything Has Changed\"" Song Preview from RED - Now Available""]"
2026-06-26,you_need_to_calm_down,You Need To Calm Down,3,424535421,55265,5674803,303635,"[""Dkk9gvTmCXY"", ""GWtfOHBF1_w"", ""Uxg-ivPGusQ""]","[""Taylor Swift - You Need To Calm Down"", ""Taylor Swift - You Need To Calm Down (Lyric Video)"", ""Taylor Swift - You Need To Calm Down (Live From Paris)""]"
2026-06-26,lover,Lover,5,419338219,70898,5273537,163767,"[""-BjZmE2gtdo"", ""cvUAzpn48xA"", ""dmipFjOtMA8"", ""KmT4Y8w1nho"", ""a4iTHPwioEc""]","[""Taylor Swift - Lover (Official Music Video)"", ""Taylor Swift - Lover (Official Lyric Video)"", ""Taylor Swift - \""Lover\"" (Live on Saturday Night Live / 2019)"", ""Taylor Swift - Lover (First Dance Remix)"", ""Taylor Swift - Lover (Live From Paris)""]"
2026-06-26,pledge_allegiance_to_your_your_your_viiiiiiiibes,Pledge Allegiance To Your Your Your Viiiiiiiibes,1,403879323,5517,1943697,18284,"[""GXODnqWPzH8""]","[""Pledge allegiance to your 👐 your 🏈 your viiiiiiiibes""]"
2026-06-26,mine,Mine,4,365954203,33712,1667425,96968,"[""oxNLRqMJMZk"", ""XPBwXKgDTdE"", ""xcLIGAIkztc"", ""_9RWI5JBew0""]","[""Taylor Swift - Mine (Taylor's Version) (Lyric Video)"", ""Taylor Swift - Mine"", ""Taylor Swift - Mine (Live on Letterman)"", ""Taylor Swift - Mine (Live, BBC Radio 2 Session)""]"
2026-06-26,red,Red,3,345347340,57626,2330856,86078,"[""R_rUYuFtNO4"", ""Zlot0i3Zykw"", ""gQ0pP2z9niw""]","[""Taylor Swift - Red (Taylor's Version) (Lyric Video)"", ""Taylor Swift - Red"", ""Taylor Swift - Red (Live from New York City)""]"
2026-06-26,end_game_karaoke_version,End Game [Karaoke Version],2,319737594,23052,3578320,182747,"[""dfnCAmr569k"", ""VA7Y_Psp5l4""]","[""Taylor Swift - End Game ft. Ed Sheeran, Future"", ""End Game - Behind The Scenes""]"
2026-06-26,cruel_summer,Cruel Summer - Live from TS | The Eras Tour,3,300721927,123976,1974643,59434,"[""ic8j13piAhQ"", ""xB-RZqcoIgo"", ""GBb8vC0DeXY""]","[""Taylor Swift - Cruel Summer (Official Audio)"", ""Taylor Swift - Cruel Summer (Live from Taylor Swift | The Eras Tour)"", ""Taylor Swift - Cruel Summer (LP Giobbi Remix)""]"
2026-06-26,anti_hero,Anti Hero,9,300602243,66727,4297459,126034,"[""b1kbLwvqugk"", ""XqN2qFvY64U"", ""T1d9PiRAJNM"", ""uybMJ8cSWtA"", ""nF4Jc9sPPug"", ""P0haCYjysUs"", ""eSLO-HpSWD0"", ""-ddfFsLHNQs"", ""Cd3v_pRgOp8""]","[""Taylor Swift - Anti-Hero (Official Music Video)"", ""Taylor Swift - Anti-Hero (Official Lyric Video)"", ""Taylor Swift - Anti-Hero (feat. Bleachers)"", ""Taylor Swift - Anti-Hero (Kungs Remix)"", ""Taylor Swift - Anti-Hero (ILLENIUM Remix)"", ""Anti-Hero (Behind The Scenes with The Ghosts In The Room)"", ""Taylor Swift - Anti-Hero (Roosevelt Remix)"", ""Anti-Hero (Behind the Scenes with Mike Birbiglia, John Early & Mary Elizabeth Ellis)"", ""Taylor Swift - Anti-Hero (Jayda G Remix)""]"
2026-06-26,cardigan,Cardigan,4,277600164,65233,4151301,162810,"[""K-a8s8OLBSE"", ""zLSUp53y-HQ"", ""i50QUXDeC80"", ""PQp643val70""]","[""Taylor Swift - cardigan"", ""Taylor Swift - cardigan (Official Lyric Video)"", ""Taylor Swift - cardigan (cabin in candlelight version / Visualizer)"", ""cardigan (behind the scenes - forest & ocean)""]"
2026-06-26,all_too_well,All Too Well,6,264768354,57284,3421787,103724,"[""sRxrwjOtIag"", ""9OQBDdNHmXo"", ""BZ-rLBkUZf4"", ""nJr_8l0AEWE"", ""pPrdGE4w9ZM"", ""UDzPTerKZn8""]","[""All Too Well (10 Minute Version) (Taylor's Version) (From The Vault) (Lyric Video)"", ""Taylor Swift - All Too Well (Taylor's Version) (Lyric Video)"", ""All Too Well (10 Minute Version) (Taylor's Version) (From The Vault) (Lyric Video)"", ""Taylor Swift - All Too Well (10 Minute Version) (Live on Saturday Night Live)"", ""All Too Well (10 Minute Version) (Taylor's Version) (From The Vault) (Karaoke)"", ""Taylor Swift - All Too Well (Taylor's Version) (Karaoke)""]"
2026-06-26,mean,Mean,3,248680320,13248,1594545,118682,"[""jYa1eI1hpDE"", ""8AR1dKawCi8"", ""RQuY8kERaU0""]","[""Taylor Swift - Mean"", ""Taylor Swift - Mean (Taylor's Version) (Lyric Video)"", ""Taylor Swift - Mean (Live from New York City)""]"
2026-06-26,join_my_tsantiherochallenge_and_share_your_anti_heroic_traits_brought_to_you_by_youtube_shorts,Join My Tsantiherochallenge And Share Your Anti Heroic Traits Brought To You By Youtube Shorts,2,234063582,895,4605423,16269,"[""U1IqinpmpQE"", ""9Wx2It8SbLs""]","[""🫣 Join my #TSAntiHeroChallenge and share your anti-heroic traits, brought to you by YouTube Shorts."", ""😺 Join my #TSAntiHeroChallenge and share your anti-heroic traits, brought to you by YouTube Shorts.""]"
2026-06-26,our_song,Our Song,1,229756199,16851,985536,67308,"[""Jb2stN7kH28""]","[""Taylor Swift - Our Song""]"
2026-06-26,begin_again,Begin Again,3,228016694,24957,1516717,67688,"[""cMPEd8m79Hw"", ""dXNZaHuKWNA"", ""cQ5tlnGg4wc""]","[""Taylor Swift - Begin Again"", ""Taylor Swift - Begin Again (Taylor's Version) (Lyric Video)"", ""Taylor Swift - Begin Again (Live from New York City)""]"
2026-06-26,out_of_the_woods,Out Of The Woods,2,225082013,24707,2197444,133297,"[""JLf9q36UsBk"", ""gp1MR2WAAXY""]","[""Taylor Swift - Out Of The Woods"", ""Taylor Swift - Out Of The Woods (Taylor's Version) (Lyric Video)""]"
2026-06-26,safe_and_sound_feat_the_civil_wars,Safe And Sound Feat The Civil Wars,1,216404242,14200,2021910,107366,"[""RzhAS_GnJIc""]","[""Safe & Sound feat. The Civil Wars (The Hunger Games: Songs From District 12 And Beyond)""]"
2026-06-26,the_man,The Man,7,192430248,21067,3878565,161397,"[""AqAJLh9wuZ0"", ""tbEekLA7J3Y"", ""pHoHDNxay3A"", ""F3aXpa1rQEY"", ""a5gXfaAFPOM"", ""mxtUnuldKgc"", ""IQL1vIP9sos""]","[""Taylor Swift - The Man (Official Video)"", ""Taylor Swift - The Man (Lyric Video)"", ""Taylor Swift - The Man (Official Audio)"", ""Taylor Swift - The Man (Live From Paris)"", ""Taylor Swift - The Man (Becoming The Man: Behind The Scenes)"", ""Taylor Swift - The Man (Behind The Scenes: Directing)"", ""Taylor Swift - The Man (Behind The Scenes: The Umpire)""]"
2026-06-26,willow,Willow,7,191844042,35683,2973708,133948,"[""RsEZmictANA"", ""7EvwIw4gIyk"", ""H9rBt-8jiBE"", ""7XLW5CvDQ7E"", ""sViZJopFdYg"", ""qybUgW7eoZQ"", ""iTNZ-OzBoBo""]","[""Taylor Swift - willow (Official Music Video)"", ""Taylor Swift - willow (Official Lyric Video)"", ""Taylor Swift - willow (lonely witch version) - [yule log]"", ""Taylor Swift - willow (moonlit witch version)"", ""Taylor Swift - willow (dancing witch version) - [yule log]"", ""Taylor Swift - willow - [yule log]"", ""Taylor Swift - willow (moonlit witch version) - [yule log]""]"
2026-06-26,gorgeous,Gorgeous,1,187159797,22517,1604980,75133,"[""EUoe7cf0HYw""]","[""Taylor Swift - Gorgeous (Lyric Video)""]"
2026-06-26,fifteen,Fifteen,2,182540287,8134,912719,74829,"[""Pb-K2tXWK4w"", ""rLCol1C3ouc""]","[""Taylor Swift - Fifteen"", ""Taylor Swift - Fifteen (Taylor's Version) (Lyric Video)""]"
2026-06-26,white_horse,White Horse,2,182419771,19922,982690,54105,"[""9-rKvhsjwKU"", ""D1Xr-JFLxik""]","[""Taylor Swift - White Horse (Taylor's Version) (Lyric Video)"", ""Taylor Swift - White Horse""]"
2026-06-26,teardrops_on_my_guitar,Teardrops On My Guitar,2,179691665,13147,876064,62840,"[""xKCek6_dB0M"", ""1-oRawNFmk4""]","[""Taylor Swift - Teardrops On My Guitar"", ""Taylor Swift - Teardrops On My Guitar (Live From Clear Channel Stripped 2008 / Audio)""]"
2026-06-26,the_story_of_us,The Story Of Us,2,170981218,16249,966880,49152,"[""nN6VR92V70M"", ""pRhWAXg4xek""]","[""Taylor Swift - The Story Of Us"", ""Taylor Swift - The Story Of Us (Taylor's Version) (Lyric Video)""]"
2026-06-26,exile_the_long_pond_studio_sessions,exile [the long pond studio sessions],2,164242651,44168,1834356,66229,"[""osdoLjUNFnA"", ""o5SQIECedTY""]","[""Taylor Swift – exile (feat. Bon Iver) (Official Lyric Video)"", ""Taylor Swift - exile (folklore: the long pond studio sessions | Disney+) ft. Bon Iver""]"
2026-06-26,new_romantics,New Romantics,2,147112928,14352,1342910,67259,"[""wyK7YuwUWsU"", ""3-BcH7KowGE""]","[""Taylor Swift - New Romantics"", ""Taylor Swift - New Romantics (Taylor's Version) (Lyric Video)""]"
2026-06-26,august,August,1,139202664,60488,1124722,39646,"[""nn_0zPAfyo8""]","[""Taylor Swift – august (Official Lyric Video)""]"
2026-06-26,call_it_what_you_want,Call It What You Want,1,132482683,32280,1268388,53685,"[""V54CEElTF_U""]","[""Taylor Swift - Call It What You Want (Lyric Video)""]"
2026-06-26,fearless,Fearless,3,131917166,47392,760126,32107,"[""7lLigiVgJsE"", ""ptSjNWnzpjg"", ""Tj6qU4dlKeA""]","[""Taylor Swift - Fearless (Taylor's Version) (Lyric Video)"", ""Taylor Swift - Fearless"", ""Taylor Swift - Fearless (Live From Clear Channel Stripped 2008 / Audio)""]"
2026-06-26,bejeweled,Bejeweled,5,131201687,20705,2471134,64589,"[""b7QlX3yR2xs"", ""XzKSPRqFg9E"", ""0GeyBM6NS5s"", ""UAtpbCEsJlA"", ""K-8dOw7yuPo""]","[""Taylor Swift - Bejeweled (Official Music Video)"", ""Taylor Swift - Bejeweled (Lyric Video)"", ""Bejeweled (Behind the Scenes with Dita Von Teese)"", ""Bejeweled (Behind the Scenes with Jack Antonoff, HAIM & Pat McGrath)"", ""Bejeweled (Behind the Scenes with Laura Dern)""]"
2026-06-26,sparks_fly,Sparks Fly,2,128698706,25681,753618,36252,"[""UlFrV5GJA_4"", ""oKar-tF__ac""]","[""Taylor Swift - Sparks Fly (Taylor's Version) (Lyric Video)"", ""Taylor Swift - Sparks Fly""]"
2026-06-26,picture_to_burn,Picture To Burn,2,126607090,5011,690545,39361,"[""yCMqcFAigRg"", ""kX6h4gDYLzM""]","[""Taylor Swift - Picture To Burn"", ""Taylor Swift - Picture To Burn (Live From Clear Channel Stripped 2008 / Audio)""]"
2026-06-26,daylight,Daylight,2,123357769,97240,855694,17542,"[""u9raS7-NisU"", ""JSD4XCBWzvs""]","[""Taylor Swift - Daylight (Official Audio)"", ""Taylor Swift - Daylight (Live From Paris)""]"
2026-06-26,all_too_well_the_short_film,All Too Well The Short Film,2,120379157,8195,5330045,143593,"[""tollGa3S0o8"", ""M0Ku_op-LXI""]","[""Taylor Swift - All Too Well: The Short Film"", ""Taylor Swift - All Too Well: The Short Film (Behind The Scenes)""]"
2026-06-26,ours,Ours,2,120043545,8165,890311,42027,"[""LZ34LlaIk88"", ""PH8Uc0Z_KRY""]","[""Taylor Swift - Ours"", ""Taylor Swift - Ours (Taylor’s Version) (Lyric Video)""]"
2026-06-26,live_at_the_2019_american_music_awards,Live At The 2019 American Music Awards,1,119685080,6570,2228585,75878,"[""SVY8I46dkb0""]","[""Taylor Swift - Live at the 2019 American Music Awards""]"
2026-06-26,the_way_i_loved_you,The Way I Loved You,1,115067185,53739,761338,10065,"[""DlexmDDSDZ0""]","[""Taylor Swift - The Way I Loved You (Taylor's Version) (Lyric Video)""]"
2026-06-26,lavender_haze,Lavender Haze,8,114362172,23267,2162696,62334,"[""h8DLofLM7No"", ""mkR_Qwix4Ho"", ""anqxTwGE_nQ"", ""kE31ShDEOwg"", ""pCH19_8E4Hw"", ""6DdAzVDVBpw"", ""ZZtamrXjB_w"", ""nfFujEdM0_E""]","[""Taylor Swift - Lavender Haze (Official Music Video)"", ""Taylor Swift - Lavender Haze (Official Lyric Video)"", ""Taylor Swift - Lavender Haze (Acoustic Version)"", ""Taylor Swift - Lavender Haze (Snakehips Remix)"", ""Taylor Swift - Lavender Haze (Behind The Scenes)"", ""Taylor Swift - Lavender Haze (Felix Jaehn Remix)"", ""Taylor Swift - Lavender Haze (Tensnake Remix)"", ""Taylor Swift - Lavender Haze (Jungle Remix)""]"
2026-06-26,opalite,Opalite,7,112124884,149837,1240154,49955,"[""3PJC6uPIekc"", ""1FVF-9KQiPo"", ""4FUIEcnvT04"", ""wNYl89BsIyg"", ""vZJXqv48lIc"", ""ZeiAo9SeDE8"", ""K3jkKvnemws""]","[""Taylor Swift - Opalite (Lyric Video)"", ""Taylor Swift - Opalite (Official Music Video)"", ""Taylor Swift - Opalite (Visualizer)"", ""Taylor Swift - Opalite (Ely Oaks Remix) (Visualizer)"", ""Taylor Swift - Opalite (BUNT. Remix) (Visualizer)"", ""Taylor Swift - Opalite (Chris Lake Remix) (Visualizer)"", ""Taylor Swift - Opalite (Skream Remix) (Visualizer)""]"
2026-06-26,enchanted,Enchanted,1,98925420,80839,828210,18318,"[""igIfiqqVHtA""]","[""Taylor Swift - Enchanted (Taylor's Version) (Lyric Video)""]"
2026-06-26,cornelia_street,Cornelia Street,3,86897539,28180,760891,25080,"[""VikHHWrgb4Y"", ""3xGvCApIEQY"", ""Vgt1d3eAm7A""]","[""Taylor Swift - Cornelia Street (Official Audio)"", ""Taylor Swift - Cornelia Street (Live From Paris)"", ""Taylor Swift - Cornelia Street (Live From Paris)""]"
2026-06-26,me,Me,3,86792142,6395,1831785,63133,"[""bqOfdv9i4sE"", ""MA0HQG9J9Yk"", ""DIMDgq_MYJs""]","[""ME! (feat. Brendon Urie of Panic! At The Disco) (Live From The Billboard Music Awards / 2019)"", ""Taylor Swift - ME! (Live on The Graham Norton Show)"", ""Taylor Swift - ME! (Live From Paris)""]"
2026-06-26,i_bet_you_think_about_me_from_the_vault_feat_chris_stapleton,I Bet You Think About Me [From The Vault] [feat. Chris Stapleton],3,85269933,12674,1904361,52688,"[""5UMCrq-bBCg"", ""AccGdO5XeZY"", ""VN55tCajFYg""]","[""Taylor Swift ft. Chris Stapleton - I Bet You Think About Me (Taylor's Version) (Official Video)"", ""I Bet You Think About Me (Taylor's Version) (From The Vault) (Lyric Video)"", ""I Bet You Think About Me (Taylor's Version) (From The Vault) (Lyric Video)""]"
2026-06-26,i_can_do_it_with_a_broken_heart,I Can Do It With A Broken Heart,3,81337982,24811,1356788,59175,"[""Sl6en1NPTYM"", ""i8_w_m6HLJ0"", ""b6zPqm0lLQs""]","[""Taylor Swift - I Can Do It With A Broken Heart (Official Video)"", ""Taylor Swift - I Can Do It With a Broken Heart (Official Lyric Video)"", ""Taylor Swift - I Can Do It With A Broken Heart (Dombresky Remix)""]"
2026-06-26,total_surprise_share_yours_with_tsantiherochallenge_brought_to_you_by_youtube_shorts,Total Surprise Share Yours With Tsantiherochallenge Brought To You By Youtube Shorts,1,79828898,245,3346226,24529,"[""lM1P2JwZ5jE""]","[""Total surprise 😉 Share yours with  #TSAntiHeroChallenge brought to you by YouTube Shorts.""]"
2026-06-26,karma_ft_ice_spice,Karma Ft Ice Spice,1,79074906,12605,1444914,51999,"[""XzOvgu3GPwY""]","[""Taylor Swift ft. Ice Spice - Karma (Official Music Video) ft. Ice Spice""]"
2026-06-26,lover_feat_shawn_mendes,Lover Feat Shawn Mendes,2,78103746,31106,1184876,29945,"[""b5Zay_Hd_7Q"", ""RGJFqm1BnP4""]","[""Taylor Swift - Lover Remix Feat. Shawn Mendes (Lyric Video)"", ""Taylor Swift - Lover Remix Feat. Shawn Mendes (Snow Globe Lyric Video)""]"
2026-06-26,champagne_problems,Champagne Problems,1,76567240,23774,656666,19202,"[""wMpqCRF7TKg""]","[""Taylor Swift - champagne problems (Official Lyric Video)""]"
2026-06-26,the_1,The 1,1,66852531,14821,710160,20025,"[""KsZ6tROaVOQ""]","[""Taylor Swift - the 1 (Official Lyric Video)""]"
2026-06-26,you_re_on_your_own_kid,You Re On Your Own Kid,1,65517002,28021,420947,6069,"[""7Gbg6Z70J7E""]","[""Taylor Swift - You're On Your Own, Kid (Official Lyric Video)""]"
2026-06-26,guilty_as_sin,Guilty As Sin,1,64951454,77048,229182,4639,"[""OOYlWF6V8t8""]","[""Taylor Swift - Guilty as Sin (Official Lyric Video)""]"
2026-06-26,its_me_sharing_all_the_problems_join_the_tsantiherochallenge_brought_to_you_by_youtube_shorts,Its Me Sharing All The Problems Join The Tsantiherochallenge Brought To You By Youtube Shorts,1,64668759,1990,2787605,18251,"[""IVQqOzFKN2M""]","[""It’s me, 👋 sharing ALL the problems. Join the #TSAntiHeroChallenge brought to you by YouTube Shorts""]"
2026-06-26,the_last_time_feat_gary_lightbody,The Last Time [feat. Gary Lightbody],3,64215199,4660,561527,14793,"[""pCH4QrSx2Jg"", ""QuijXg8wm28"", ""TfjfzDIAIGE""]","[""Taylor Swift - The Last Time (Taylor's Version) (Lyric Video) ft. Gary Lightbody"", ""Taylor Swift - The Last Time ft. Gary Lightbody"", ""\""The Last Time\"" Song Preview from RED - Now Available""]"
2026-06-26,midnight_rain,Midnight Rain,1,63609041,25696,489922,6491,"[""Odh9ddPUkEY""]","[""Taylor Swift - Midnight Rain (Official Lyric Video)""]"
2026-06-26,my_tears_ricochet,My Tears Ricochet,1,60779438,24347,529795,13525,"[""OWbDJFtHl3w""]","[""Taylor Swift – my tears ricochet (Official Lyric Video)""]"
2026-06-26,betty,Betty,2,59689222,7829,1043476,46676,"[""6TAPqXkZW_I"", ""orXAg5dIMa8""]","[""Taylor Swift – betty (Official Lyric Video)"", ""Taylor Swift - betty (Live from the 2020 Academy of Country Music Awards)""]"
2026-06-26,change,Change,4,56557369,1810,295185,20354,"[""B1jYllE0T-k"", ""jwWR1cQTKyw"", ""FMDVWSqALRs"", ""QDiyzUSx288""]","[""Taylor Swift - Change"", ""Taylor Swift - Change (Taylor's Version) (Lyric Video)"", ""Taylor Swift - Change (Live)"", ""Taylor Swift - Change (Live From Clear Channel Stripped 2008 / Audio)""]"
2026-06-26,tim_mcgraw,Tim Mcgraw,1,55975629,5140,375958,25103,"[""GkD20ajVxnY""]","[""Taylor Swift - Tim McGraw""]"
2026-06-26,paper_rings,Paper Rings,1,55417625,12938,522832,9956,"[""8zdg-pDF10g""]","[""Taylor Swift - Paper Rings (Official Audio)""]"
2026-06-26,i_can_see_you,I Can See You,3,55318197,9133,1478497,53423,"[""lVkKLf4DCn8"", ""jOD86iMAEY0"", ""AFzzgQ7uCw4""]","[""Taylor Swift - I Can See You (Taylor’s Version) (From The Vault) (Official Video)"", ""Taylor Swift - I Can See You (Taylor’s Version) (From The Vault) (Lyric Video)"", ""I Can See You (From The Vault) (Behind the Scenes with Joey King, Taylor Lautner & Presley Cash)""]"
2026-06-26,its_me_benjamin_joining_the_tsantiherochallenge_brought_to_you_by_youtube_shorts,Its Me Benjamin Joining The Tsantiherochallenge Brought To You By Youtube Shorts,1,53272536,554,2869913,15460,"[""ijjGqwdXa1c""]","[""It’s me, Benjamin 🐱 joining the #TSAntiHeroChallenge brought to you by YouTube Shorts""]"
2026-06-26,mr_perfectly_fine,Mr Perfectly Fine,1,51147358,8798,709584,37571,"[""rFjJs6ZjPe8""]","[""Taylor Swift - Mr. Perfectly Fine (Taylor’s Version) (From The Vault) (Lyric Video)""]"
2026-06-26,the_archer,The Archer,2,47176592,9130,779132,40087,"[""8KpKc3C9V3w"", ""d_2WyBcFbFY""]","[""Taylor Swift - The Archer (Lyric Video)"", ""Taylor Swift - The Archer (Live From Paris)""]"
2026-06-26,long_live,Long Live,1,47004912,40368,284148,8393,"[""F5TMU6916U8""]","[""Taylor Swift - Long Live (Taylor's Version) (Lyric Video)""]"
2026-06-26,london_boy,London Boy,1,45809763,20451,335043,12961,"[""VsKoOH6DVys""]","[""Taylor Swift - London Boy (Official Audio)""]"
2026-06-26,miss_americana_and_the_heartbreak_prince,Miss Americana And The Heartbreak Prince,1,44732680,8702,349545,9692,"[""Kwf7P2GNAVw""]","[""Taylor Swift - Miss Americana & The Heartbreak Prince (Official Audio)""]"
2026-06-26,the_best_day,The Best Day,3,43034171,5812,720507,29743,"[""n0cde-Km05o"", ""KZeI9I875Ig"", ""l4_6eQm7RTQ""]","[""Taylor Swift - The Best Day (Taylor's Version) (Official Music Video)"", ""Taylor Swift - The Best Day (Taylor's Version) (Lyric Video)"", ""Taylor Swift - The Best Day""]"
2026-06-26,i_m_only_me_when_i_m_with_you,I M Only Me When I M With You,1,42494926,856,191711,10773,"[""AlTfYj7q5gQ""]","[""Taylor Swift - I'm Only Me When I'm With You""]"
2026-06-26,maroon,Maroon,1,40742830,13887,287435,5237,"[""lvHZjvIyqsk""]","[""Taylor Swift - Maroon (Official Lyric Video)""]"
2026-06-26,karma,Karma,3,40669618,5055,696794,23693,"[""rg18Kf4en2o"", ""Hoi-PI8QpTU"", ""ZwK7hrDC5UM""]","[""Taylor Swift - Karma (Lyric Video)"", ""Taylor Swift ft. Ice Spice - Karma (Official Visualizer)"", ""Karma (feat. Ice Spice) (Behind the Scenes)""]"
2026-06-26,snow_on_the_beach_ft_lana_del_rey,Snow On The Beach Ft Lana Del Rey,1,39217620,12375,460562,8934,"[""ycE7bUq3-2k""]","[""Taylor Swift - Snow On The Beach (Lyric Video) ft. Lana Del Rey""]"
2026-06-26,right_where_you_left_me,Right Where You Left Me,1,39214876,19527,456067,16407,"[""Ur_wAcYDnuA""]","[""Taylor Swift - right where you left me (Official Lyric Video)""]"
2026-06-26,down_bad,Down Bad,1,37868639,15739,190998,4578,"[""EVbtjaWXQVg""]","[""Taylor Swift - Down Bad (Official Lyric Video)""]"
2026-06-26,you_re_losing_me,You Re Losing Me,1,36941545,13016,393990,21045,"[""pQq9eP5OFhw""]","[""Taylor Swift - You're Losing Me (From The Vault)""]"
2026-06-26,the_life_of_a_showgirl_dressing_room_rehearsal_version,The Life of a Showgirl [Dressing Room Rehearsal Version],7,36634671,21989,754939,26017,"[""OU6362Nggg0"", ""slUhVTAznMo"", ""zqaLqctWP28"", ""w_DD-7_zVtw"", ""0Xh9s_3uRO8"", ""BLFnkfAc7iY"", ""V9ED1fR21U0""]","[""Taylor Swift - The Life of a Showgirl (Feat. Sabrina Carpenter) (Lyric Video)"", ""Taylor Swift - The Life of a Showgirl (feat. Sabrina Carpenter) (Visualizer)"", ""The Life of a Showgirl: The Tiny Bubbles in Champagne Vinyl Collection ❤️‍🔥"", ""And, baby, that’s show business for you. New album The Life of a Showgirl. Out October 3  ❤️‍🔥"", ""The Life of a Showgirl: The Shiny Bug Vinyl Collection is available now on my site for 48 hours❤️‍🔥"", ""The Life of a Showgirl: Baby, That’s Show Business Vinyl Collection is available now on my site❤️‍🔥"", ""The Life of a Showgirl: The Crowd is Your King Edition only at Target""]"
2026-06-26,elizabeth_taylor,Elizabeth Taylor,3,36584147,45347,451719,18991,"[""WqbJT_vC0rs"", ""7X5iDKPrZH0"", ""4Mg_Qtr6Osg""]","[""Taylor Swift - Elizabeth Taylor (Official Music Video)"", ""Taylor Swift - Elizabeth Taylor (Lyric Video)"", ""Taylor Swift - Elizabeth Taylor (Visualizer)""]"
2026-06-26,speak_now,Speak Now,2,35513470,6110,360448,15278,"[""JlZnvyBqceY"", ""4wUPASp2hfY""]","[""Taylor Swift - Speak Now (Taylor's Version) (Lyric Video)"", ""Taylor Swift - Speak Now (Live on Letterman)""]"
2026-06-26,is_it_over_now,Is It Over Now,1,35383143,12776,294644,8373,"[""tNxUxm3-658""]","[""Taylor Swift - Is It Over Now? (Taylor's Version) (From The Vault) (Lyric Video)""]"
2026-06-26,afterglow,Afterglow,1,35073609,8181,317307,6939,"[""8HxbqAsppwU""]","[""Taylor Swift - Afterglow (Official Audio)""]"
2026-06-26,message_in_a_bottle,Message In A Bottle,2,34298579,24829,436992,14579,"[""cVaG6adE2mA"", ""mCWRjuhRRYg""]","[""Taylor Swift - Message In A Bottle (Taylor's Version) (From The Vault) (Lyric Video)"", ""Taylor Swift - Message In A Bottle (Fat Max G Remix) (Taylor’s Version) (Visualizer)""]"
2026-06-26,invisible_string,Invisible String,1,33919272,8962,350365,9685,"[""OuFnpmGwg5k""]","[""Taylor Swift – invisible string (Official Lyric Video)""]"
2026-06-26,whos_afraid_of_little_old_me,Whos Afraid Of Little Old Me,1,33178666,10654,235666,7536,"[""vOZFiX6hDXQ""]","[""Taylor Swift - Who’s Afraid of Little Old Me? (Official Lyric Video)""]"
2026-06-26,illicit_affairs,Illicit Affairs,1,33117681,8785,325542,7649,"[""MLV2SJKWk4M""]","[""Taylor Swift – illicit affairs (Official Lyric Video)""]"
2026-06-26,loml,Loml,1,33059477,29980,173783,4403,"[""GZ4vaTRn0HU""]","[""Taylor Swift - loml (Official Lyric Video)""]"
2026-06-26,mirrorball,Mirrorball,1,33000599,7012,349169,8968,"[""KaM1bCuG4xo""]","[""Taylor Swift – mirrorball (Official Lyric Video)""]"
2026-06-26,the_last_great_american_dynasty,The Last Great American Dynasty,1,31814342,6112,369571,11911,"[""2s5xdY6MCeI""]","[""Taylor Swift - the last great american dynasty (Official Lyric Video)""]"
2026-06-26,i_forgot_that_you_existed,I Forgot That You Existed,1,31539033,3926,343373,8389,"[""p1cEvNn88jM""]","[""Taylor Swift - I Forgot That You Existed (Official Audio)""]"
2026-06-26,this_love,This Love,1,29500686,10968,553364,23683,"[""mvxQYPR4lmU""]","[""Taylor Swift - This Love (Taylor's Version) (Lyric Video)""]"
2026-06-26,no_body_no_crime_ft_haim,No Body No Crime Ft Haim,1,29278220,3115,446304,14690,"[""IEPomqor2A8""]","[""Taylor Swift - no body, no crime (Official Lyric Video) ft. HAIM""]"
2026-06-26,so_high_school,So High School,1,29229245,23410,185469,5504,"[""w-FkV0EM_CU""]","[""Taylor Swift -  So High School (Official Lyric Video)""]"
2026-06-26,the_great_war,The Great War,1,29172730,10096,232430,4108,"[""iFX6_9h7th0""]","[""Taylor Swift - The Great War (Official Lyric Video)""]"
2026-06-26,christmas_tree_farm,Christmas Tree Farm,2,29012870,633,849040,32260,"[""mN3rDTAdM2o"", ""Ozk8xq0Lp1g""]","[""Taylor Swift - Christmas Tree Farm"", ""Taylor Swift - Christmas Tree Farm (Lyric Video)""]"
2026-06-26,my_boy_only_breaks_his_favorite_toys,My Boy Only Breaks His Favorite Toys,1,28064150,12882,156143,3614,"[""wRKXAAV6jh4""]","[""Taylor Swift - My Boy Only Breaks His Favorite Toys (Official Lyric Video)""]"
2026-06-26,this_is_me_trying,This Is Me Trying,1,27971905,7812,355045,9719,"[""9bdLTPNrlEg""]","[""Taylor Swift – this is me trying (Official Lyric Video)""]"
2026-06-26,father_figure,Father Figure,2,27125828,22621,193366,8681,"[""98SmlWOKuME"", ""b3hW8c9mmLQ""]","[""Taylor Swift - Father Figure (Lyric Video)"", ""Taylor Swift - Father Figure (Visualizer)""]"
2026-06-26,so_long_london,So Long London,1,26597931,8939,169561,4307,"[""CCUr2pNJft4""]","[""Taylor Swift - So Long, London (Official Lyric Video)""]"
2026-06-26,but_daddy_i_love_him,But Daddy I Love Him,1,26583284,9351,171369,4868,"[""U2W173hRfyA""]","[""Taylor Swift - But Daddy I Love Him (Official Lyric Video)""]"
2026-06-26,welcome_to_new_york,Welcome To New York,1,26247701,11897,259612,8771,"[""FsGdznlfE2U""]","[""Taylor Swift - Welcome To New York (Taylor's Version) (Lyric Video)""]"
2026-06-26,false_god,False God,2,25997689,10047,400842,9883,"[""acQXa5ArHIk"", ""kjD3LoXp-Pw""]","[""Taylor Swift - False God (Official Audio)"", ""Taylor Swift - \""False God\"" (Live on Saturday Night Live / 2019)""]"
2026-06-26,tolerate_it,Tolerate It,1,25840327,6745,301276,8994,"[""ukxEKY_7MOc""]","[""Taylor Swift - tolerate it (Official Lyric Video)""]"
2026-06-26,wi_h_li_t,Wi H Li T,2,25597569,31787,211285,8995,"[""wqgUzLHgNMI"", ""mC54kTYa9oI""]","[""Taylor Swift - Wi$h Li$t (Lyric Video)"", ""Taylor Swift - Wi$h Li$t (Visualizer)""]"
2026-06-26,seven,Seven,1,25235034,5337,327819,12265,"[""pEY-GPsru_E""]","[""Taylor Swift – seven (Official Lyric Video)""]"
2026-06-26,taylor_performs_wildest_dreams_at_the_grammy_museum,Taylor Performs Wildest Dreams At The Grammy Museum,1,24877126,2092,432261,14102,"[""OGDkg3QiJmk""]","[""Taylor Performs \""Wildest Dreams\"" at The GRAMMY Museum""]"
2026-06-26,taylor_performs_blank_space_at_the_grammy_museum,Taylor Performs Blank Space At The Grammy Museum,1,24686095,2102,482271,13878,"[""p1Zt47V3pPw""]","[""Taylor performs \""Blank Space\"" at The GRAMMY Museum""]"
2026-06-26,death_by_a_thousand_cuts,Death By A Thousand Cuts,2,23930645,4204,277597,7054,"[""GTEFSuFfgnU"", ""rqsmrSyLTNM""]","[""Taylor Swift - Death By A Thousand Cuts (Official Audio)"", ""Taylor Swift - Death By A Thousand Cuts (Live From Paris)""]"
2026-06-26,would_ve_could_ve_should_ve,Would Ve Could Ve Should Ve,1,23821435,5977,239237,5779,"[""B-MfwP_RmHY""]","[""Taylor Swift - Would've, Could've, Should've (Official Lyric Video)""]"
2026-06-26,evermore_ft_bon_iver,Evermore Ft Bon Iver,1,23410558,3364,369367,11999,"[""EXLgZZE072g""]","[""Taylor Swift - evermore (Official Lyric Video) ft. Bon Iver""]"
2026-06-26,all_too_well_recorded_at_long_pond_studios,All Too Well Recorded At Long Pond Studios,2,22735085,6479,763894,24108,"[""r0yq_yXFQhg"", ""gRo0ZtgB2io""]","[""Taylor Swift - All Too Well (Sad Girl Autumn Version) - Recorded at Long Pond Studios"", ""All Too Well (Sad Girl Autumn Version) - Recorded at Long Pond Studios (Lyric Video)""]"
2026-06-26,now_that_we_don_t_talk,Now That We Don T Talk,1,22539122,7471,214075,5545,"[""yF4ulRTCn44""]","[""Taylor Swift - Now That We Don't Talk (Taylor's Version) (From The Vault) (Lyric Video)""]"
2026-06-26,i_think_he_knows,I Think He Knows,1,21114183,2537,220365,5845,"[""2d1wKn-oJnA""]","[""Taylor Swift - I Think He Knows (Official Audio)""]"
2026-06-26,better_man,Better Man,1,21033232,10369,245402,5191,"[""PReSQYTFvcs""]","[""Taylor Swift - Better Man (Taylor's Version) (From The Vault) (Lyric Video)""]"
2026-06-26,the_prophecy,The Prophecy,1,20741100,14425,131626,3361,"[""_PsBoqNwYo4""]","[""Taylor Swift - The Prophecy (Official Lyric Video)""]"
2026-06-26,taylor_swift_s_gift_giving_of_2014_swiftmas,Taylor Swift S Gift Giving Of 2014 Swiftmas,1,20152776,53,187601,16689,"[""j3yyF31jbKo""]","[""Taylor Swift's Gift Giving of 2014 | SWIFTMAS""]"
2026-06-26,mastermind,Mastermind,1,20147493,3962,180212,3312,"[""Tmz1lz0zcLQ""]","[""Taylor Swift - Mastermind (Official Lyric Video)""]"
2026-06-26,the_alchemy,The Alchemy,1,20026573,13235,119657,2945,"[""iMMUAd66vxo""]","[""Taylor Swift - The Alchemy (Official Lyric Video)""]"
2026-06-26,the_smallest_man_who_ever_lived,The Smallest Man Who Ever Lived,1,19921896,5894,122854,3876,"[""Atdzfj8LcuY""]","[""Taylor Swift - The Smallest Man Who Ever Lived (Official Lyric Video)""]"
2026-06-26,vigilante_shit,Vigilante Shit,1,19903754,3055,256874,4303,"[""Uoey4W_3bos""]","[""Taylor Swift - Vigilante Shit (Official Lyric Video)""]"
2026-06-26,gold_rush,Gold Rush,1,19809829,2624,284055,8926,"[""Pz-f9mM3Ms8""]","[""Taylor Swift - gold rush (Official Lyric Video)""]"
2026-06-26,the_tortured_poets_department,The Tortured Poets Department,1,19547042,5249,167780,5608,"[""RQMz4JDbtmI""]","[""Taylor Swift - The Tortured Poets Department (Official Lyric Video)""]"
2026-06-26,cancelled,Cancelled,2,19491153,12382,191471,15854,"[""F-5XoUZ42Tc"", ""Ij6SgmK8KGQ""]","[""Taylor Swift - CANCELLED! (Lyric Video)"", ""Taylor Swift - CANCELLED! (Visualizer)""]"
2026-06-26,wood,Wood,2,19053715,11602,162816,8603,"[""6m50keINEOI"", ""erilCNjng-g""]","[""Taylor Swift - Wood (Lyric Video)"", ""Taylor Swift - Wood (Visualizer)""]"
2026-06-26,actually_romantic,Actually Romantic,2,18926533,11307,176431,11385,"[""FnEg1RgmqO4"", ""ShsfUTynzQU""]","[""Taylor Swift - Actually Romantic (Lyric Video)"", ""Taylor Swift - Actually Romantic (Visualizer)""]"
2026-06-26,say_don_t_go,Say Don T Go,1,18884171,8397,186641,4725,"[""C-z-IckrQK8""]","[""Taylor Swift - Say Don't Go (Taylor's Version) (From The Vault) (Lyric Video)""]"
2026-06-26,eyes_open,Eyes Open,1,18773911,342,174677,11254,"[""8hsVICl7d8k""]","[""Taylor Swift - Eyes Open (Lyric Version)""]"
2026-06-26,the_lakes,The Lakes,2,18720904,2031,572209,29533,"[""tOHcAc3r2kw"", ""y8tF0yRl8-w""]","[""Taylor Swift - the lakes (Official Lyric Video)"", ""taylor swift - the lakes (original version) [audio]""]"
2026-06-26,shake_it_off_outtakes_video_1_the_cheerleaders,Shake It Off Outtakes Video 1 The Cheerleaders,1,18670521,316,168741,3968,"[""TEpTNFHHjNg""]","[""Taylor Swift - Shake It Off Outtakes Video #1 - The Cheerleaders (Behind The Scenes Video)""]"
2026-06-26,tis_the_damn_season,Tis The Damn Season,1,18348102,2891,234550,6150,"[""WuvhOD-mP8M""]","[""Taylor Swift - ‘tis the damn season (Official Lyric Video)""]"
2026-06-26,ivy,Ivy,1,18284629,3305,223831,7376,"[""9nIOx-ezlzA""]","[""Taylor Swift - ivy (Official Lyric Video)""]"
2026-06-26,labyrinth,Labyrinth,1,18219631,8852,212678,2676,"[""xTXsKMXUi7w""]","[""Taylor Swift - Labyrinth (Lyric Video)""]"
2026-06-26,snow_on_the_beach,Snow On The Beach,1,18021935,7001,362945,14463,"[""2CnUYMmEHrs""]","[""Taylor Swift - Snow On The Beach (Feat. More Lana Del Rey)""]"
2026-06-26,ruin_the_friendship,Ruin The Friendship,2,17695430,31781,169471,6294,"[""WQCPl5rTMDQ"", ""RId6LV1wtQY""]","[""Taylor Swift - Ruin The Friendship (Lyric Video)"", ""Taylor Swift - Ruin the Friendship (Visualizer)""]"
2026-06-26,marjorie,Marjorie,1,17365395,7725,346610,12445,"[""hP6QpMeSG6s""]","[""Taylor Swift - marjorie (Official Lyric Video)""]"
2026-06-26,slut,Slut,1,17105524,3824,284862,5860,"[""qrxsceexTBw""]","[""Taylor Swift - \""Slut!\"" (Taylor's Version) (From The Vault) (Lyric Video)""]"
2026-06-26,eldest_daughter,Eldest Daughter,2,16647437,9838,200980,7634,"[""HwQnW_ZRKhc"", ""rc6NKSVv2fw""]","[""Taylor Swift - Eldest Daughter (Lyric Video)"", ""Taylor Swift - Eldest Daughter (Visualizer)""]"
2026-06-26,clean,Clean,1,16521138,10789,176551,4374,"[""AppsjTInqiw""]","[""Taylor Swift - Clean (Taylor's Version) (Lyric Video)""]"
2026-06-26,lover_s_lounge,Lover S Lounge,1,16390819,166,,4602,"[""dDO6HnY7h24""]","[""Taylor Swift - Lover's Lounge (Live)""]"
2026-06-26,imgonnagetyouback,Imgonnagetyouback,1,16385919,9627,92394,2787,"[""SBGdvxi2JmU""]","[""Taylor Swift - imgonnagetyouback (Official Lyric Video)""]"
2026-06-26,florida,Florida,1,16200066,3552,121553,3719,"[""uEssK8o3jKg""]","[""Taylor Swift - Florida!!! (feat. Florence + The Machine) (Official Lyric Video)""]"
2026-06-26,question,Question,1,16084295,2191,158988,2758,"[""xxrf_QBD5DE""]","[""Taylor Swift - Question...? (Official Lyric Video)""]"
2026-06-26,babe,Babe,1,15765129,9256,201889,5025,"[""3pj39qZZYoQ""]","[""Taylor Swift - Babe (Taylor's Version) (From The Vault) (Lyric Video)""]"
2026-06-26,mad_woman,Mad Woman,1,15412179,2146,263397,8500,"[""6DP4q_1EgQQ""]","[""Taylor Swift – mad woman (Official Lyric Video)""]"
2026-06-26,taylor_swift_the_eras_tour_concert_film_official_trailer,Taylor Swift The Eras Tour Concert Film Official Trailer,1,15407435,429,435714,20191,"[""KudedLV0tP0""]","[""TAYLOR SWIFT | THE ERAS TOUR Concert Film Official Trailer""]"
2026-06-26,hits_different,Hits Different,1,15186693,6248,207367,7527,"[""_f4yoKJL7IQ""]","[""Taylor Swift - Hits Different""]"
2026-06-26,coney_island_ft_the_national,Coney Island Ft The National,1,14850745,2201,184868,6541,"[""c_p_TBaHvos""]","[""Taylor Swift - coney island (Lyric Video) ft. The National""]"
2026-06-26,hoax,Hoax,1,14850404,1648,281112,8987,"[""ryLGxpjwAhM""]","[""Taylor Swift – hoax (Official Lyric Video)""]"
2026-06-26,cowboy_like_me,Cowboy Like Me,1,14792710,3668,184597,7116,"[""YPlNBb6I8qU""]","[""Taylor Swift - cowboy like me (Official Lyric Video)""]"
2026-06-26,dear_john,Dear John,1,14764296,6288,163896,4675,"[""N-FYySSy0rM""]","[""Taylor Swift - Dear John (Taylor's Version) (Lyric Video)""]"
2026-06-26,only_the_young,Only The Young,1,14585881,1158,402175,16600,"[""GJU-S1t2r1M""]","[""Taylor Swift - Only The Young (Featured in Miss Americana / Lyric Video)""]"
2026-06-26,last_kiss,Last Kiss,1,14515305,11505,139595,3886,"[""idWma942CUI""]","[""Taylor Swift - Last Kiss (Taylor's Version) (Lyric Video)""]"
2026-06-26,long_story_short,Long Story Short,1,13994122,2175,212001,5237,"[""rqQHa2HcGtM""]","[""Taylor Swift - long story short (Official Lyric Video)""]"
2026-06-26,fresh_out_the_slammer,Fresh Out The Slammer,1,13977638,7429,96858,2629,"[""0EKbEP2L32M""]","[""Taylor Swift - Fresh Out The Slammer (Official Lyric Video)""]"
2026-06-26,sweet_nothing,Sweet Nothing,1,13845279,3561,158062,2621,"[""rn0brgg2BpI""]","[""Taylor Swift - Sweet Nothing (Official Lyric Video)""]"
2026-06-26,livestream_announcement,Livestream Announcement,1,13839147,15,78774,4711,"[""PWdT2ONbJbc""]","[""Taylor Swift - Livestream Announcement (8/22/19 @ 5pm EST)""]"
2026-06-26,bad_blood,Bad Blood,1,13686190,6940,192602,5478,"[""lUvBk4owRNU""]","[""Taylor Swift - Bad Blood (Taylor's Version) (Lyric Video)""]"
2026-06-26,epiphany,Epiphany,1,13666044,1539,239750,9878,"[""DUnDkI7l9LQ""]","[""Taylor Swift – epiphany (Official Lyric Video)""]"
2026-06-26,dorothea,Dorothea,1,13621606,3107,266775,9261,"[""zI4DS5GmQWE""]","[""Taylor Swift - dorothea (Official Lyric Video)""]"
2026-06-26,jenny_from_the_block,Jenny From The Block,1,13383036,328,119324,3695,"[""FTA4kzsTmxc""]","[""Taylor Swift and Jennifer Lopez: Jenny from the Block""]"
2026-06-26,honey,Honey,2,13374439,9572,145280,6294,"[""4-EzK5UB40U"", ""9Sx8MWI8qTU""]","[""Taylor Swift - Honey (Lyric Video)"", ""Taylor Swift - Honey (Visualizer)""]"
2026-06-26,13_days_til_we_return_speak_now_to_its_mother,13 Days Til We Return Speak Now To Its Mother,1,12987330,718,547095,12680,"[""yJTfs8YS2w0""]","[""13 days til we return Speak Now to its mother 😝""]"
2026-06-26,state_of_grace,State Of Grace,2,12937003,1850,280629,9033,"[""-mrC5tRkxrY"", ""D3mJe28un4M""]","[""Taylor Swift - State Of Grace (Taylor's Version) (Lyric Video)"", ""Taylor Swift - State Of Grace (Acoustic Version) (Taylor's Version) (Lyric Video)""]"
2026-06-26,its_time_to_go,Its Time To Go,1,12644420,1311,306074,10416,"[""1iRbIYkccgw""]","[""Taylor Swift - it’s time to go (Official Lyric Video)""]"
2026-06-26,carolina,Carolina,2,12457169,2063,453221,16688,"[""egxyRSb_XtI"", ""3Q94kA7llGw""]","[""Taylor Swift - Carolina (From The Motion Picture “Where The Crawdads Sing” / Lyric Video)"", ""Taylor Swift - Carolina (From The Motion Picture “Where The Crawdads Sing” / Audio)""]"
2026-06-26,bigger_than_the_whole_sky,Bigger Than The Whole Sky,1,12194455,4142,167828,4407,"[""l8Tps3PITx4""]","[""Taylor Swift - Bigger Than The Whole Sky (Lyric Video)""]"
2026-06-26,you_are_in_love,You Are In Love,1,12180545,9285,131383,3506,"[""M7ySK0keirY""]","[""Taylor Swift - You Are In Love (Taylor's Version) (Lyric Video)""]"
2026-06-26,peter,Peter,1,12053712,6764,89657,3165,"[""Mxxswu7V1Us""]","[""Taylor Swift - Peter (Official Lyric Video)""]"
2026-06-26,happiness,Happiness,1,11976858,1928,213584,6883,"[""tP4TTgt4nb0""]","[""Taylor Swift - happiness (Official Lyric Video)""]"
2026-06-26,come_back_be_here,Come Back Be Here,1,11866840,4258,145059,2492,"[""hHWOAUjnmjQ""]","[""Taylor Swift - Come Back...Be Here (Taylor's Version) (Lyric Video)""]"
2026-06-26,the_black_dog,The Black Dog,1,11830941,4556,100447,2983,"[""56TZ3B8Qxsk""]","[""Taylor Swift - The Black Dog (Official Lyric Video)""]"
2026-06-26,the_very_first_night,The Very First Night,1,11684982,1731,171720,3545,"[""rVuyi-dPMIc""]","[""Taylor Swift - The Very First Night (Taylor's Version) (From The Vault) (Lyric Video)""]"
2026-06-26,better_than_revenge,Better Than Revenge,1,11490015,2447,184295,6151,"[""EH70M5OeS4o""]","[""Taylor Swift - Better Than Revenge (Taylor's Version) (Lyric Video)""]"
2026-06-26,peace,Peace,1,11459406,1592,207016,6722,"[""HpxX4ZE4KWE""]","[""Taylor Swift – peace (Official Lyric Video)""]"
2026-06-26,cardigan_august_willow,Cardigan August Willow,1,11447546,2321,593581,28130,"[""Uzii44SDYFA""]","[""Taylor Swift - cardigan / august / willow (Live From The 63rd GRAMMYs ® / 2021)""]"
2026-06-26,nothing_new_from_the_vault_feat_phoebe_bridgers,Nothing New [From The Vault] [feat. Phoebe Bridgers],1,11386765,1843,200516,4535,"[""m3fWCRvz5JA""]","[""Nothing New (Taylor's Version) (From The Vault) (Lyric Video)""]"
2026-06-26,how_did_it_end,How Did It End,1,11337131,5439,83437,2296,"[""O3wlMR0y4a4""]","[""Taylor Swift - How Did It End? (Official Lyric Video)""]"
2026-06-26,timeless,Timeless,1,11291076,6073,163625,4640,"[""osmzwWw4RYM""]","[""Taylor Swift - Timeless (Taylor’s Version) (From The Vault) (Lyric Video)""]"
2026-06-26,high_infidelity,High Infidelity,1,11255121,2256,132741,3344,"[""-qee6dFKlw4""]","[""Taylor Swift - High Infidelity (Official Lyric Video)""]"
2026-06-26,untouchable,Untouchable,2,11205248,7215,144513,4696,"[""8bNlGwnEUAs"", ""o_CgCUINYmQ""]","[""Taylor Swift - Untouchable (Taylor's Version) (Lyric Video)"", ""Taylor Swift - Untouchable (Live From Clear Channel Stripped 2008 / Audio)""]"
2026-06-26,performances_from_red_album,Performances From Red Album,1,11118915,779,216039,11187,"[""2obMo7y-rvA""]","[""Taylor Swift - Acoustic Performances from RED Album""]"
2026-06-26,shake_it_off_outtakes_video_8_the_director,Shake It Off Outtakes Video 8 The Director,1,10963907,27,91669,1984,"[""DqZOcABIgTk""]","[""Taylor Swift - Shake It Off Outtakes Video #8 - The Director""]"
2026-06-26,breathe_karaoke_version,Breathe [Karaoke Version],1,10865318,2498,164505,5404,"[""qsUK-BG5OQQ""]","[""Taylor Swift - Breathe (Taylor's Version) (Lyric Video) ft. Colbie Caillat""]"
2026-06-26,paris,Paris,1,10862398,2235,126067,2184,"[""ySZGZrcqvr4""]","[""Taylor Swift - Paris (Official Lyric Video)""]"
2026-06-26,foolish_one,Foolish One,1,10777852,5333,141595,4947,"[""6-x1AlDudZw""]","[""Taylor Swift - Foolish One (Taylor’s Version) (From The Vault) (Lyric Video)""]"
2026-06-26,soon_youll_get_better_ft_the_chicks,Soon Youll Get Better Ft The Chicks,1,10767509,837,172350,6767,"[""tMoW5G5LU08""]","[""Taylor Swift - Soon You’ll Get Better (Official Audio) ft. The Chicks""]"
2026-06-26,you_re_not_sorry,You Re Not Sorry,2,10755112,2029,184153,5173,"[""DNaSlUYIXBg"", ""_4AaNBf9nkU""]","[""Taylor Swift - You're Not Sorry (Taylor's Version) (Lyric Video)"", ""Taylor Swift - You're Not Sorry (CSI Remix / Audio)""]"
2026-06-26,forever_and_always,Forever And Always,2,10744148,1625,221711,6040,"[""T-41vMWQTUA"", ""RcGowZ26sE0""]","[""Taylor Swift - Forever & Always (Taylor's Version) (Lyric Video)"", ""Taylor Swift - Forever & Always (Piano Version) (Taylor's Version) (Lyric Video)""]"
2026-06-26,shake_it_off_outtakes_video_2_the_ballerinas,Shake It Off Outtakes Video 2 The Ballerinas,1,10496012,66,90882,2040,"[""kY-_D-IptZE""]","[""Taylor Swift - Shake It Off Outtakes Video #2 - The Ballerinas (Behind The Scenes Video)""]"
2026-06-26,hey_stephen,Hey Stephen,1,10115083,2039,171792,5759,"[""tMhiHrL7rPE""]","[""Taylor Swift - Hey Stephen (Taylor's Version) (Lyric Video)""]"
2026-06-26,i_knew_it_i_knew_you,"I Knew It, I Knew You",2,10042204,280695,271132,8935,"[""hDU4GB1PTxc"", ""o9LcBozLplo""]","[""Taylor Swift - I Knew It, I Knew You (from Toy Story 5)"", ""“I Knew It, I Knew You” from Toy Story 5 is out everywhere now. 🤠🐴""]"
2026-06-26,you_all_over_me_from_the_vault_feat_maren_morris,You All Over Me [From The Vault] [feat. Maren Morris],1,9998148,440,352280,21896,"[""XKaMUm7YwZc""]","[""Taylor Swift ft. Maren Morris - You All Over Me (From The Vault) (Official Lyric Video)""]"
2026-06-26,all_you_had_to_do_was_stay,All You Had To Do Was Stay,1,9924007,3994,99424,1920,"[""_Usd5X5XJXM""]","[""Taylor Swift - All You Had To Do Was Stay (Taylor's Version) (Lyric Video)""]"
2026-06-26,delicate_music_video_dance_rehearsal_part_1,Delicate Music Video Dance Rehearsal Part 1,1,9079559,90,184502,4023,"[""sEr7bAtZ8rY""]","[""Delicate Music Video Dance Rehearsal Part 1""]"
2026-06-26,run_ft_ed_sheeran,Run Ft Ed Sheeran,1,9072777,624,244076,4296,"[""flv8AEWrRMI""]","[""Taylor Swift - Run (Taylor's Version) (From The Vault) (Lyric Video) ft. Ed Sheeran""]"
2026-06-26,haunted,Haunted,1,8898745,2310,146243,4939,"[""4cC6fw8EqWU""]","[""Taylor Swift - Haunted (Taylor's Version) (Lyric Video)""]"
2026-06-26,how_you_get_the_girl,How You Get The Girl,1,8797125,3539,109711,2275,"[""rnwD7veCoFQ""]","[""Taylor Swift - How You Get The Girl (Taylor's Version) (Lyric Video)""]"
2026-06-26,i_almost_do,I Almost Do,1,8735186,2345,139317,3065,"[""w1AV_35zVwU""]","[""Taylor Swift - I Almost Do (Taylor's Version) (Lyric Video)""]"
2026-06-26,i_hate_it_here,I Hate It Here,1,8660003,2388,110036,5214,"[""BpkmUfv1I4Q""]","[""Taylor Swift - I Hate It Here (Official Lyric Video)""]"
2026-06-26,angels_reputation_stadium_tour,Angels Reputation Stadium Tour,1,8638250,5279,103904,4228,"[""RamgJyJsep4""]","[""Taylor Swift and Robbie Williams - Angels - reputation Stadium Tour""]"
2026-06-26,out_of_the_woods_the_making_of,Out Of The Woods The Making Of,1,8573668,33,216561,7699,"[""TXJlB9riS1Y""]","[""Taylor Swift - Out Of The Woods – The Making Of""]"
2026-06-26,its_nice_to_have_a_friend,Its Nice To Have A Friend,1,8453793,904,143459,6068,"[""eaP1VswBF28""]","[""Taylor Swift - It’s Nice To Have A Friend (Official Audio)""]"
2026-06-26,look_what_you_made_me_do_taylor_mountain,Look What You Made Me Do Taylor Mountain,1,8268899,44,208436,4781,"[""XF_ARz7jTUw""]","[""Look What You Made Me Do: Taylor Mountain""]"
2026-06-26,miss_americana_official_trailer,Miss Americana Official Trailer,1,8204174,33,392744,14398,"[""40RsbcFRwNA""]","[""Miss Americana | Official Trailer""]"
2026-06-26,beautiful_ghosts,Beautiful Ghosts,1,8164034,345,324632,14696,"[""trIjpVH8h88""]","[""Taylor Swift - Beautiful Ghosts (From The Motion Picture \""Cats\"" / Lyric Video)""]"
2026-06-26,should_ve_said_no,Should Ve Said No,2,8154807,497,129183,10448,"[""v9bxXO9fj98"", ""FydBi2b_eoA""]","[""Should've Said No"", ""Taylor Swift - Should've Said No (Live From Clear Channel Stripped 2008 / Audio)""]"
2026-06-26,shake_it_off_outtakes_video_5_the_twerkers_and_finger_tutting,Shake It Off Outtakes Video 5 The Twerkers And Finger Tutting,1,8059573,20,60798,1843,"[""70Ps-GzbSfw""]","[""Shake It Off Outtakes Video #5 - The Twerkers and Finger Tutting (Behind-The-Scenes Video)""]"
2026-06-26,i_know_places,I Know Places,1,7892246,2391,117604,3266,"[""0jTGzm-6cYE""]","[""Taylor Swift - I Know Places (Taylor's Version) (Lyric Video)""]"
2026-06-26,the_bolter,The Bolter,1,7732709,3517,62490,1622,"[""bAi80EylyXQ""]","[""Taylor Swift - The Bolter (Official Lyric Video)""]"
2026-06-26,dear_reader,Dear Reader,1,7648492,3484,109601,2157,"[""X0Jti9F-oQA""]","[""Taylor Swift - Dear Reader (Official Lyric Video)""]"
2026-06-26,viva_la_vida,Viva La Vida,1,7580536,529,175859,6643,"[""AcGbuveDwTg""]","[""Taylor Swift - Viva La Vida""]"
2026-06-26,wonderland,Wonderland,1,7579524,2545,109229,2550,"[""JhICcmiIE80""]","[""Taylor Swift - Wonderland (Taylor's Version) (Lyric Video)""]"
2026-06-26,look_what_you_made_me_do_zombie_transformation,Look What You Made Me Do Zombie Transformation,1,7455121,126,139321,3962,"[""BKCmxyohzww""]","[""Look What You Made Me Do - Zombie Transformation""]"
2026-06-26,clara_bow,Clara Bow,1,7291407,1837,60170,1613,"[""fcVUbmdQfaE""]","[""Taylor Swift - Clara Bow (Official Lyric Video)""]"
2026-06-26,me_behind_the_scenes_the_story_of_benjamin_button,Me Behind The Scenes The Story Of Benjamin Button,1,7244473,143,314496,10948,"[""MUf1ili4Zew""]","[""ME! Behind The Scenes: The Story of Benjamin Button""]"
2026-06-26,chloe_or_sam_or_sophia_or_marcus,Chloe Or Sam Or Sophia Or Marcus,1,7230939,3633,60727,1740,"[""gOtOWeD9YJk""]","[""Taylor Swift - Chloe or Sam or Sophia or Marcus (Official Lyric Video)""]"
2026-06-26,i_can_fix_him,I Can Fix Him,1,6812509,1468,53164,1256,"[""OKWfv-x2rdU""]","[""Taylor Swift - I Can Fix Him (No Really I Can) (Official Lyric Video)""]"
2026-06-26,treacherous,Treacherous,1,6718669,1015,136918,2832,"[""u1D1AgDfreg""]","[""Taylor Swift - Treacherous (Taylor's Version) (Lyric Video)""]"
2026-06-26,shake_it_off_outtakes_video_7_the_band_the_fans_and_the_extras,Shake It Off Outtakes Video 7 The Band The Fans And The Extras,1,6649622,34,57052,1374,"[""s8h0tZy0HqA""]","[""Taylor Swift - Shake It Off Outtakes Video #7 - The Band, The Fans and The Extras""]"
2026-06-26,stay_stay_stay,Stay Stay Stay,1,6520102,1002,133372,3536,"[""OhJ-S9Nrh7Q""]","[""Taylor Swift - Stay Stay Stay (Taylor's Version) (Lyric Video)""]"
2026-06-26,thank_you_aimee,Thank You Aimee,1,6517918,1277,80232,4064,"[""oaBJlKXBvjk""]","[""Taylor Swift - thanK you aIMee (Official Lyric Video)""]"
2026-06-26,suburban_legends,Suburban Legends,1,6419511,1974,95984,2424,"[""ZGBPKYbzSXs""]","[""Taylor Swift - Suburban Legends (Taylor's Version) (From The Vault) (Lyric Video)""]"
2026-06-26,i_don_t_wanna_live_forever_bts_1_zayn_and_taylor,I Don T Wanna Live Forever Bts 1 Zayn And Taylor,1,6386792,37,188733,4750,"[""QIUWI7dfnC0""]","[""I Don't Wanna Live Forever (Fifty Shades Darker) BTS 1 - Zayn & Taylor [EXTENDED]""]"
2026-06-26,shake_it_off_outtakes_video_4_the_animators,Shake It Off Outtakes Video 4 The Animators,1,6306831,24,56310,1493,"[""vMWpIfxvnWo""]","[""Taylor Swift - Shake It Off Outtakes Video #4 - The Animators (Behind The Scenes Video)""]"
2026-06-26,never_grow_up,Never Grow Up,1,6246588,4753,111105,3786,"[""maEVfpxDB8k""]","[""Taylor Swift - Never Grow Up (Taylor's Version) (Lyric Video)""]"
2026-06-26,jump_then_fall,Jump Then Fall,1,6210544,2068,112076,2951,"[""vUHDR6Rg3Y4""]","[""Taylor Swift - Jump Then Fall (Taylor's Version) (Lyric Video)""]"
2026-06-26,i_wish_you_would,I Wish You Would,1,6158264,1818,82642,1650,"[""89aQIli8aVU""]","[""Taylor Swift - I Wish You Would (Taylor's Version) (Lyric Video)""]"
2026-06-26,castles_crumbling_feat_hayley_williams,Castles Crumbling [feat. Hayley Williams],1,6096483,1437,110218,3455,"[""V80A8qN4fR8""]","[""Castles Crumbling (Taylor’s Version) (From The Vault) (Lyric Video)""]"
2026-06-26,summer_forecast_cruel,Summer Forecast Cruel,1,6088164,432,343836,7103,"[""okPrv0o_7GQ""]","[""Summer forecast: Cruel. 😎""]"
2026-06-26,the_moment_i_knew,The Moment I Knew,1,6053540,870,115059,2712,"[""LmXn6BU16e0""]","[""Taylor Swift - The Moment I Knew (Taylor's Version) (Lyric Video)""]"
2026-06-26,demonstrating_my_fine_athletic_skills_and_more,Demonstrating My Fine Athletic Skills And More,1,5861893,30,179131,10875,"[""IgZY0frgysw""]","[""Demonstrating my fine athletic skills. And more.""]"
2026-06-26,taylor_swift_reputation_stadium_tour_official_trailer_netflix,Taylor Swift Reputation Stadium Tour Official Trailer Netflix,1,5812312,75,216141,14955,"[""HIb_TlK2HAI""]","[""Taylor Swift reputation Stadium Tour | Official Trailer | Netflix""]"
2026-06-26,closure,Closure,1,5726686,611,140397,4717,"[""AIFnKqIeEdY""]","[""Taylor Swift - closure (Official Lyric Video)""]"
2026-06-26,whisper_hello_i_miss_you_quite_terribly,Whisper Hello I Miss You Quite Terribly,1,5699744,16,21083,3095,"[""8w4A1vVaNmE""]","[""Whisper hello, I miss you quite terribly.""]"
2026-06-26,electric_touch_feat_fall_out_boy,Electric Touch [feat. Fall Out Boy],1,5536033,1066,107953,3052,"[""hMPK2vNXr-E""]","[""Electric Touch (Taylor’s Version) (From The Vault) (Lyric Video)""]"
2026-06-26,glitch,Glitch,1,5477211,933,77183,1334,"[""Y2a73EvnZ4s""]","[""Taylor Swift - Glitch (Official Lyric Video)""]"
2026-06-26,sad_beautiful_tragic,Sad Beautiful Tragic,1,5340446,920,108014,2243,"[""jQfB4Gahi3I""]","[""Taylor Swift - Sad Beautiful Tragic (Taylor's Version) (Lyric Video)""]"
2026-06-26,shake_it_off_outtakes_video_3_the_modern_dancers,Shake It Off Outtakes Video 3 The Modern Dancers,1,5302477,36,57000,1092,"[""zdYy6-P_ggQ""]","[""Taylor Swift - Shake It Off Outtakes Video #3 - The Modern Dancers (Behind The Scenes Video)""]"
2026-06-26,me_behind_the_scenes_je_suis_calme,Me Behind The Scenes Je Suis Calme,1,5295850,72,210514,6078,"[""lj2mZ8zDToY""]","[""ME! Behind The Scenes: Je Suis Calme""]"
2026-06-26,forever_winter_from_the_vault,Forever Winter [From The Vault],1,5277476,822,118294,3037,"[""TkAomsYFsJw""]","[""Taylor Swift - Forever Winter (Taylor's Version) (From The Vault) (Lyric Video)""]"
2026-06-26,the_albatross,The Albatross,1,5211077,1508,49918,1140,"[""4wOsiM2T_xc""]","[""Taylor Swift - The Albatross (Official Lyric Video)""]"
2026-06-26,thats_when,Thats When,1,5144766,681,127132,5006,"[""aOa6D6ku3dM""]","[""That’s When (Taylor’s Version) (From The Vault) (Lyric Video)""]"
2026-06-26,the_making_of_a_song_delicate_watch_more_on_taylor_swift_now,The Making Of A Song Delicate Watch More On Taylor Swift Now,1,5128917,116,200281,5163,"[""eQVhAN7-IAw""]","[""The Making of a Song: “Delicate” – watch more on Taylor Swift NOW""]"
2026-06-26,when_emma_falls_in_love,When Emma Falls In Love,1,5056586,1054,99135,3133,"[""IYqgVYjN3Go""]","[""Taylor Swift - When Emma Falls in Love (Taylor’s Version) (Lyric Video)""]"
2026-06-26,shake_it_off_outtakes_video_6_the_ribbon_dancers,Shake It Off Outtakes Video 6 The Ribbon Dancers,1,5014430,96,46253,1465,"[""bs5SZOHowHI""]","[""Taylor Swift - Shake It Off Outtakes Video #6 - The Ribbon Dancers (Behind The Scenes Video)""]"
2026-06-26,now_playing_the_i_can_do_it_with_a_broken_heart_music_video,Now Playing The I Can Do It With A Broken Heart Music Video,1,5000337,570,304881,6945,"[""VCTze4UuC9g""]","[""✨ NOW PLAYING ✨ The “I Can Do It With A Broken Heart” Music Video 🤍""]"
2026-06-26,official_look_what_you_made_me_do_video_teaser_clip,Official Look What You Made Me Do Video Teaser Clip,1,4959627,52,115132,5834,"[""iM_j8_AZJW4""]","[""Official \""Look What You Made Me Do\"" Video Teaser Clip""]"
2026-06-26,the_other_side_of_the_door,The Other Side Of The Door,1,4943294,1290,93709,2657,"[""425n1NoRtgA""]","[""Taylor Swift - The Other Side Of The Door (Taylor’s Version) (Lyric Video)""]"
2026-06-26,the_lucky_one,The Lucky One,1,4942008,988,141360,4713,"[""4LtQxA_ooLk""]","[""Taylor Swift - The Lucky One (Taylor's Version) (Lyric Video)""]"
2026-06-26,starlight,Starlight,1,4872782,1015,124897,2793,"[""lPvcwgEuKTg""]","[""Taylor Swift - Starlight (Taylor's Version) (Lyric Video)""]"
2026-06-26,holy_ground,Holy Ground,1,4791655,844,96010,2235,"[""S4PuN-IWi2g""]","[""Taylor Swift - Holy Ground (Taylor's Version) (Lyric Video)""]"
2026-06-26,rent_on_demand_starting_you_guessed_it_december_13,Rent On Demand Starting You Guessed It December 13,1,4746961,224,325959,13535,"[""zz9YgUoisOA""]","[""Rent on demand starting … you guessed it, December 13 🫶💋""]"
2026-06-26,innocent,Innocent,1,4729305,1124,93661,2706,"[""vO6JqQpJboY""]","[""Taylor Swift - Innocent (Taylor's Version) (Lyric Video)""]"
2026-06-26,accidentally_going_clubbing_with_your_parents_is_something_everyone_should_try_at_least_once,Accidentally Going Clubbing With Your Parents Is Something Everyone Should Try At Least Once,1,4633217,369,320088,7190,"[""ilkvTXfv2TY""]","[""accidentally going clubbing with your parents is something everyone should try at least once""]"
2026-06-26,hits_different_really_hits_different_plus_its_got_one_of_my_fav_bridges_only_avail_at_target,Hits Different Really Hits Different Plus Its Got One Of My Fav Bridges Only Avail At Target,1,4627409,221,346342,4189,"[""uhjx7FemU6o""]","[""Hits Different really hits different, plus it’s got one of my fav bridges 😆 only avail at Target""]"
2026-06-26,today_was_a_fairytale,Today Was A Fairytale,1,4619121,1128,117511,3849,"[""xSWVPqnKcXQ""]","[""Taylor Swift - Today Was A Fairytale (Taylor's Version) (Lyric Video)""]"
2026-06-26,ronan,Ronan,1,4365018,644,193517,6343,"[""kdiBc40gW7s""]","[""Taylor Swift - Ronan (Taylor's Version) (Lyric Video)""]"
2026-06-26,the_opalite_video_is_out_now_visit_taylorswift_com_for_more,The Opalite Video Is Out Now Visit Taylorswift Com For More,1,4360941,2479,127658,2967,"[""2Shv-eeNmY4""]","[""The Opalite video is out now. Visit TaylorSwift.com for more""]"
2026-06-26,tell_me_why,Tell Me Why,1,4278850,498,93132,2391,"[""cwFbq-70EwE""]","[""Taylor Swift - Tell Me Why (Taylor's Version) (Lyric Video)""]"
2026-06-26,i_look_in_people_s_windows,I Look In People S Windows,1,4191119,1301,47284,1235,"[""6HIA7ouBfGY""]","[""Taylor Swift - I Look in People's Windows (Official Lyric Video)""]"
2026-06-26,girl_at_home,Girl At Home,1,3954373,691,95507,2799,"[""UNckfN9upqo""]","[""Taylor Swift - Girl At Home (Taylor's Version) (Lyric Video)""]"
2026-06-26,back_in_the_office_miamitstheerastour,Back In The Office Miamitstheerastour,1,3928229,2071,249156,14511,"[""g_meC49cN5k""]","[""Back in the office… 😎 #MiamiTSTheErasTour""]"
2026-06-26,cassandra,Cassandra,1,3848258,896,53365,2074,"[""0hYY86DmqPY""]","[""Taylor Swift - Cassandra (Official Lyric Video)""]"
2026-06-26,1989_secret_sessions_behind_the_scenes,1989 Secret Sessions Behind The Scenes,1,3822777,51,92605,5139,"[""EKnl7STzSMU""]","[""1989 Secret Sessions, Behind The Scenes!""]"
2026-06-26,bye_bye_baby,Bye Bye Baby,1,3812115,291,118156,4628,"[""yuFuwXd-B9E""]","[""Taylor Swift - Bye Bye Baby (Taylor’s Version) (From The Vault) (Lyric Video)""]"
2026-06-26,ready_for_it_trailer,Ready For It Trailer,1,3787189,36,97344,7688,"[""GU5_g8Tmiv8""]","[""...Ready For It? Trailer""]"
2026-06-26,shes_got_4_days_left_to_rehearse_for_her_big_moment,Shes Got 4 Days Left To Rehearse For Her Big Moment,1,3666566,826,161071,3021,"[""9BTFD_gX6qQ""]","[""She’s got 4️⃣ days left to rehearse for her big moment… 😂""]"
2026-06-26,the_anti_hero_makes_me_feel_hyped_enough_for_an_imaginary_funeral_brawl,The Anti Hero Makes Me Feel Hyped Enough For An Imaginary Funeral Brawl,1,3652943,153,189537,1875,"[""NbS4s_6jYTg""]","[""The Anti Hero (Roosevelt remix) makes me feel hyped enough for an imaginary funeral brawl""]"
2026-06-26,dont_you,Dont You,1,3600523,566,100476,3597,"[""dHdAN4FXzmc""]","[""Taylor Swift - Don’t You (Taylor’s Version) (From The Vault) (Lyric Video)""]"
2026-06-26,surprising_gena,Surprising Gena,1,3590984,50,59491,3742,"[""J1LMp-jEH_k""]","[""Surprising Gena""]"
2026-06-26,thank_you,Thank You,1,3569818,68,206717,8395,"[""ve_o2kq4_jY""]","[""Thank you.""]"
2026-06-26,vevocertified_pt_1_award_presentation,Vevocertified Pt 1 Award Presentation,1,3552859,15,16552,1643,"[""sWgxCBXn2Y0""]","[""Taylor Swift - #VevoCertified, Pt. 1: Award Presentation""]"
2026-06-26,you_need_to_calm_down_behind_the_scenes_morning_routine,You Need To Calm Down Behind The Scenes Morning Routine,1,3533469,40,146072,4339,"[""s4MN_hGvTCA""]","[""You Need To Calm Down Behind The Scenes: Morning Routine""]"
2026-06-26,were_the_problem,Were The Problem,1,3522801,415,252860,2266,"[""yJ_GML26Xk4""]","[""We’re the problem""]"
2026-06-26,the_reputation_secret_sessions,The Reputation Secret Sessions,1,3460341,57,155264,6440,"[""kGOmPmILndU""]","[""The reputation Secret Sessions""]"
2026-06-26,my_name_is_taylor_and_i_was_born_in_1989,My Name Is Taylor And I Was Born In 1989,1,3342115,221,291723,8074,"[""vaRGgiGfsw4""]","[""✨🫶 My name is Taylor and I was born in 1989 🫶✨""]"
2026-06-26,retainers,Retainers,1,3313321,38,76705,5138,"[""-zymq4JgQ7E""]","[""Retainers.""]"
2026-06-26,you_need_to_calm_down_behind_the_scenes_pop_queen_pageant,You Need To Calm Down Behind The Scenes Pop Queen Pageant,1,3237845,37,166001,4463,"[""6MLzSp0OJL0""]","[""You Need To Calm Down Behind The Scenes: Pop Queen Pageant""]"
2026-06-26,i_dont_wanna_live_forever_bts_4_glitter_lip,I Dont Wanna Live Forever Bts 4 Glitter Lip,1,3155221,12,71358,2396,"[""dwdtzwua2pY""]","[""Taylor Swift, ZAYN - I Don’t Wanna Live Forever (Fifty Shades Darker) BTS 4 – Glitter Lip [EXTENDED]""]"
2026-06-26,being_on_tour_everyone_ignores_me,Being On Tour Everyone Ignores Me,1,3142421,26,183292,9985,"[""V3QOzyS5M4Q""]","[""Being on tour. Everyone ignores me.""]"
2026-06-26,the_manuscript,The Manuscript,1,3123330,1070,46253,1267,"[""iY6Qhlua8Zw""]","[""Taylor Swift - The Manuscript (Official Lyric Video)""]"
2026-06-26,the_making_of_cardigan_vevo_footnotes,The Making Of Cardigan Vevo Footnotes,1,3069771,169,126863,4358,"[""GPQdWYNi8Wc""]","[""Taylor Swift - The Making of 'cardigan' | Vevo Footnotes""]"
2026-06-26,we_were_happy,We Were Happy,1,2981366,220,105736,4147,"[""seU5y5EgIwk""]","[""Taylor Swift - We Were Happy (Taylor’s Version) (From The Vault)""]"
2026-06-26,first_time_hearing_i_don_t_wanna_live_forever_on_the_radio,First Time Hearing I Don T Wanna Live Forever On The Radio,1,2949676,10,160514,4663,"[""fJBFvNiJ4Kw""]","[""First time hearing \""I Don't Wanna Live Forever (Fifty Shades Darker)\"" on the radio""]"
2026-06-26,i_hope_it_s_gonna_make_you_notice,I Hope It S Gonna Make You Notice,1,2908724,11,35427,3385,"[""M134RqAbiwY""]","[""I hope it's gonna make you notice.""]"
2026-06-26,willow_music_video_behind_the_scenes,Willow Music Video Behind The Scenes,1,2808080,182,147404,4653,"[""CYHt7_RANiY""]","[""Taylor Swift - willow (lonely witch version) - music video behind the scenes""]"
2026-06-26,the_making_of_christmas_tree_farm,The Making Of Christmas Tree Farm,1,2801653,51,132962,5324,"[""O2Irnn7F1PM""]","[""Taylor Swift - The Making Of Christmas Tree Farm""]"
2026-06-26,superman,Superman,1,2751055,810,57433,1675,"[""Fn0er7H1Dm0""]","[""Taylor Swift - Superman (Taylor’s Version) (Lyric Video)""]"
2026-06-26,the_eras_tour_concert_film_is_now_officially_coming_to_theaters_worldwide_on_oct_13,The Eras Tour Concert Film Is Now Officially Coming To Theaters Worldwide On Oct 13,1,2714478,146,250194,6099,"[""KzNLM4nmRak""]","[""The Eras Tour concert film is now officially coming to theaters WORLDWIDE on Oct 13! 🩵""]"
2026-06-26,pre_order_1989_now_on_my_site,Pre Order 1989 Now On My Site,1,2697960,141,222693,5330,"[""0FZULHCZKBc""]","[""Pre order 1989 (Taylor’s Version) now on my site 🩵😎🩵""]"
2026-06-26,superstar,Superstar,1,2591732,406,71210,3066,"[""IsCik8wznlU""]","[""Taylor Swift - Superstar (Taylor's Version) (Lyric Video)""]"
2026-06-26,asia,Asia,1,2546886,49,100903,8891,"[""Zmv26eqduSg""]","[""Asia! (my February video blog)""]"
2026-06-26,youtube_presents_taylor_swift,Youtube Presents Taylor Swift,1,2520271,29,30209,4047,"[""OOPFMrF7v4Q""]","[""YouTube Presents Taylor Swift""]"
2026-06-26,lover_album_photoshoot_behind_the_scenes,Lover Album Photoshoot Behind The Scenes,1,2502937,32,62459,1757,"[""hKcEdTPOGGw""]","[""Lover Album Photoshoot: Behind The Scenes""]"
2026-06-26,safe_and_sound,Safe And Sound,1,2459599,8,22520,959,"[""dLfkQNnzh2o""]","[""Safe & Sound (The Hunger Games: Songs From District 12 And Beyond - The Collaboration)""]"
2026-06-26,meet_me_at_midnight_for_the_lavender_haze_music_video_premiere,Meet Me At Midnight For The Lavender Haze Music Video Premiere,1,2453016,187,200926,2632,"[""HqDZxtMIx0M""]","[""Meet me at midnight…for the Lavender Haze music video premiere (!!!!!!!!!!!!!)""]"
2026-06-26,delicate_music_video_dance_rehearsal_part_2,Delicate Music Video Dance Rehearsal Part 2,1,2451505,34,92642,1813,"[""zGSneb3McDo""]","[""Delicate Music Video Dance Rehearsal Part 2""]"
2026-06-26,come_in_with_the_rain,Come In With The Rain,1,2433488,423,68064,2597,"[""ePjcjLRHPOo""]","[""Taylor Swift - Come In With The Rain (Taylor's Version) (Lyric Video)""]"
2026-06-26,robin,Robin,1,2363016,721,35901,1285,"[""FQyEZZPbOb0""]","[""Taylor Swift - Robin (Official Lyric Video)""]"
2026-06-26,you_need_to_calm_down_behind_the_scenes_friends_and_neighbors,You Need To Calm Down Behind The Scenes Friends And Neighbors,1,2323515,51,102807,2372,"[""SYd0pYqOJqA""]","[""You Need To Calm Down Behind The Scenes: Friends & Neighbors""]"
2026-06-26,entering_the_phantom_clear_ttpd_vinyl_into_evidence_available_exclusively_at_target_now,Entering The Phantom Clear Ttpd Vinyl Into Evidence Available Exclusively At Target Now,1,2308922,237,237816,3178,"[""GhXsnvmUQrg""]","[""Entering the Phantom Clear TTPD vinyl into evidence. Available exclusively at Target now""]"
2026-06-26,october_15_2024,October 15 2024,1,2243016,371,187368,5898,"[""yj1_GJiJovg""]","[""October 15, 2024""]"
2026-06-26,preview_welcome_to_new_york_by_taylor_swift,Preview Welcome To New York By Taylor Swift,1,2140885,8,19013,1466,"[""81doBkpkdJQ""]","[""Preview \""Welcome To New York\"" by Taylor Swift""]"
2026-06-26,thank_you_for_making_these_reveals_so_much_chaotic_fun,Thank You For Making These Reveals So Much Chaotic Fun,1,2126921,129,185306,2890,"[""US0OipWyYro""]","[""Thank you for making these reveals so much chaotic fun (which is the best kind of fun, after all 😜)""]"
2026-06-26,look_what_you_made_me_do_looks,Look What You Made Me Do Looks,1,2123219,24,90788,1831,"[""np4Nw0tBun8""]","[""Look What You Made Me Do - Looks""]"
2026-06-26,tsantiherochallenge_coming_october_21_brought_to_you_by_youtube_shorts,Tsantiherochallenge Coming October 21 Brought To You By Youtube Shorts,1,2082420,234,156091,1777,"[""3fUS9GAMxv4""]","[""🕰 #TSAntiHeroChallenge. Coming October 21. Brought to you by YouTube Shorts.""]"
2026-06-26,taylor_swift_web_chat_and_g_hangout,Taylor Swift Web Chat And G Hangout,1,2041192,63,29045,1525,"[""P6gFma4H7fA""]","[""Taylor Swift Web Chat and G+ Hangout""]"
2026-06-26,willow_dancing_witch_version,Willow Dancing Witch Version,1,1970019,342,89490,4245,"[""qAGef4MdPdE""]","[""Taylor Swift - willow - dancing witch version (Elvira remix)""]"
2026-06-26,meredith_learns_about_acm_voting,Meredith Learns About Acm Voting,1,1958960,10,57902,4278,"[""FvodYNcH13Q""]","[""Meredith learns about ACM voting...""]"
2026-06-26,a_message_for_the_department_forafortnightchallenge_coming_soon_to_youtube_shorts,A Message For The Department Forafortnightchallenge Coming Soon To Youtube Shorts,1,1937365,168,157561,1937,"[""QBllgPHa8aQ""]","[""A message for the department 🤍#ForAFortnightChallenge coming soon to YouTube Shorts""]"
2026-06-26,the_ttpd_timetable,The Ttpd Timetable,1,1934228,198,203234,3914,"[""RlDSGLHcZy0""]","[""The TTPD Timetable""]"
2026-06-26,mark_your_calendars_meet_the_midnights_manifest,Mark Your Calendars Meet The Midnights Manifest,1,1873583,112,149621,1350,"[""Jo-8VaRU4ok""]","[""Mark your calendars! Meet the Midnights Manifest 📜""]"
2026-06-26,how_to_be_a_cat,How To Be A Cat,1,1841539,33,172159,4864,"[""hNHBVaFueYw""]","[""How To Be A Cat""]"
2026-06-26,vevocertified_pt_5_you_belong_with_me,Vevocertified Pt 5 You Belong With Me,1,1810051,5,18637,1577,"[""5FODVFJZlTg""]","[""Taylor Swift - #VevoCertified, Pt. 5: You Belong With Me (Taylor Commentary)""]"
2026-06-26,the_tssummer2025_collection_available_at_store_taylorswift_com_while_supplies_last,The Tssummer2025 Collection Available At Store Taylorswift Com While Supplies Last,1,1789258,490,78112,2464,"[""58zLBjzfd4M""]","[""The #TSSummer2025 collection. Available at store.taylorswift.com while supplies last! ☀️""]"
2026-06-26,all_too_well_official_trailer,All Too Well Official Trailer,1,1767734,26,200674,13174,"[""t0Yf43ONyNo""]","[""All Too Well (The Short Film) | Official Trailer""]"
2026-06-26,wonderstruck_taylor_swift_chapter_1,Wonderstruck Taylor Swift Chapter 1,1,1699382,25,25739,2097,"[""woiScNulLyE""]","[""Wonderstruck Taylor Swift Chapter 1""]"
2026-06-26,speak_now_deluxe_edition_only_at_target,Speak Now Deluxe Edition Only At Target,1,1698489,23,72944,2541,"[""5jKcG86bNRs""]","[""Speak Now Deluxe Edition - Only at Target""]"
2026-06-26,folklore_the_long_pond_studio_sessions_official_trailer_disney,Folklore The Long Pond Studio Sessions Official Trailer Disney,1,1574872,0,154866,11156,"[""jgdFUoZzCI0""]","[""Taylor Swift – folklore: the long pond studio sessions | Official Trailer | Disney+""]"
2026-06-26,shot_camera_commercial,Shot Camera Commercial,1,1560006,14,21288,1794,"[""uhHMWLjL77U""]","[""Taylor Swift Sony TX7 Cyber-shot Camera Commercial""]"
2026-06-26,you_change_your_mind_like_a_girl_changes_clothes,You Change Your Mind Like A Girl Changes Clothes,1,1530988,18,22679,2098,"[""RLmmqQNEM_I""]","[""You change your mind like a girl changes clothes.""]"
2026-06-26,safe_and_sound_ft_the_civil_wars,Safe And Sound Ft The Civil Wars,1,1502138,15,21936,1096,"[""xDJLsPd6NdY""]","[""Taylor Swift - Safe & Sound (Behind The Scenes) ft. The Civil Wars""]"
2026-06-26,it_fills_me_with_such_pride_and_joy_to_announce_that_my_version_of_speak_now_will_be_out_july_7,It Fills Me With Such Pride And Joy To Announce That My Version Of Speak Now Will Be Out July 7,1,1428385,116,188062,3619,"[""YvyeAwoZ76w""]","[""It fills me with such pride & joy to announce that my version of Speak Now will be out July 7 💜💜💜""]"
2026-06-26,taylor_swift_talks_about_out_of_the_woods,Taylor Swift Talks About Out Of The Woods,1,1417033,14,24128,1053,"[""M-M5SW8QvmY""]","[""Taylor Swift Talks About \""Out Of The Woods\""""]"
2026-06-26,there_truly_was_magic_in_the_eras_watch_starting_tomorrow_on_d_disneyplust_12am_pt_3am_et,There Truly Was Magic In The Eras Watch Starting Tomorrow On D Disneyplust 12Am Pt 3Am Et,1,1393243,1195,65565,2906,"[""-c9Cg0l__fo""]","[""There truly was magic in the *eras*✨ watch starting TOMORROW on @d@disneyplust 12am PT / 3am ET""]"
2026-06-26,new_conference_table,New Conference Table,1,1361284,16,56888,2234,"[""U3yPyVFKGG8""]","[""New conference table.""]"
2026-06-26,wannabe,Wannabe,1,1356996,50,25557,1944,"[""C7I3_yFQYkc""]","[""Wannabe""]"
2026-06-26,you_re_so_vain,You Re So Vain,1,1354190,23,24060,1121,"[""y7CsaOF3S5c""]","[""Taylor Swift and Carly Simon: You're So Vain""]"
2026-06-26,willow_storyboards_from_the_willow_music_video,Willow Storyboards From The Willow Music Video,1,1225560,197,69636,2628,"[""3CUM7Z3TSmY""]","[""Taylor Swift - willow (dancing witch version) - storyboards from the willow music video""]"
2026-06-26,taylor_swift_wonderstruck_teaser,Taylor Swift Wonderstruck Teaser,1,1209400,13,22132,1948,"[""-CICulOcBQE""]","[""Taylor Swift WONDERSTRUCK Teaser""]"
2026-06-26,my_new_favorite_thing_thank_you,My New Favorite Thing Thank You,1,1201959,11,41682,3743,"[""tBEFMmkgu7s""]","[""My new favorite thing ... thank you!""]"
2026-06-26,some_extraordinary_news,Some Extraordinary News,1,1181146,5,19702,3135,"[""LyoTb3fxEnU""]","[""Some extraordinary news...""]"
2026-06-26,rehearsing_i_don_t_wanna_live_forever_for_directv_now_super_saturday_night,Rehearsing I Don T Wanna Live Forever For Directv Now Super Saturday Night,1,1178558,6,34390,2016,"[""J37Pitvp7RI""]","[""Rehearsing \""I Don't Wanna Live Forever (Fifty Shades Darker)\"" for DIRECTV NOW Super Saturday Night""]"
2026-06-26,your_world_is_my_world,Your World Is My World,1,1151288,14,27461,2417,"[""x2hRdQnbzKQ""]","[""Your world is my world.""]"
2026-06-26,,,1,1094640,81,38146,2893,"[""pA1dPsnfams""]","["":-)""]"
2026-06-26,vevocertified_pt_7_love_story,Vevocertified Pt 7 Love Story,1,1085027,7,14151,926,"[""XdalCja4TK8""]","[""Taylor Swift - #VEVOCertified, Pt. 7: Love Story (Taylor Commentary)""]"
2026-06-26,fearless_tour_2009,Fearless Tour 2009,1,1063023,20,8809,1357,"[""G2rSQF5Qx7k""]","[""FEARLESS Tour 2009""]"
2026-06-26,challenge_2,Challenge 2,1,1060324,6,10794,1619,"[""Uo6HuSCBZu4""]","[""A Hug From Taylor Swift - Challenge #2""]"
2026-06-26,taylor_and_friends,Taylor And Friends,1,1051371,25,11088,1002,"[""m_4CSbzwPtE""]","[""Taylor And \""Friends\""""]"
2026-06-26,december_12th_on_disneyplus,December 12Th On Disneyplus,1,1039635,119,97614,4797,"[""YF6jaBeBMIk""]","[""December 12th on @DisneyPlus""]"
2026-06-26,8_13_7pm_et,8 13 7Pm Et,1,1023586,12,10620,4936,"[""I4TIvOCa3t8""]","[""Taylor Swift Live Webcast on YouTube - 8/13 @ 7pm ET""]"
2026-06-26,challenge_3,Challenge 3,1,1016007,6,8268,895,"[""PVtlDvh74H8""]","[""A Hug From Taylor Swift - Challenge #3""]"
2026-06-26,taylor_swift_billboard_woman_of_the_year,Taylor Swift Billboard Woman Of The Year,1,1009917,4,37313,2044,"[""weQBrpLffrA""]","[""Taylor Swift Billboard Woman of the Year""]"
2026-06-26,watching_the_cma_announcements,Watching The Cma Announcements,1,979038,14,31858,4169,"[""SnN7kIqDgz0""]","[""Watching the CMA Announcements!""]"
2026-06-26,taylor_swift_covergirl_natureluxe,Taylor Swift Covergirl Natureluxe,1,978659,16,13028,1368,"[""ZMt6TFO0zn4""]","[""Taylor Swift CoverGirl NatureLuxe""]"
2026-06-26,i_don_t_wanna_live_forever_bts_2_key_light,I Don T Wanna Live Forever Bts 2 Key Light,1,973159,24,31651,624,"[""OsJ5RyWpY5w""]","[""I Don't Wanna Live Forever (Fifty Shades Darker) BTS 2 - Key Light? [EXTENDED]""]"
2026-06-26,taylor_swift_red_tour_nashville_week,Taylor Swift Red Tour Nashville Week,1,969209,9,16651,1088,"[""DJXfSaOJXOQ""]","[""Taylor Swift RED Tour Nashville Week""]"
2026-06-26,i_knew_you_were_trouble_behind_the_scenes_1,I Knew You Were Trouble Behind The Scenes 1,1,964658,17,20118,870,"[""rghH6QlT5a0""]","[""\""I Knew You Were Trouble.\"" Behind-The-Scenes #1""]"
2026-06-26,wonderstruck_taylor_swift_chapter_2,Wonderstruck Taylor Swift Chapter 2,1,960364,20,20080,1295,"[""LkkY2iaylmI""]","[""Wonderstruck Taylor Swift Chapter 2""]"
2026-06-26,behind_the_scenes_in_band_hero_with_taylor,Behind The Scenes In Band Hero With Taylor,1,941562,7,7598,643,"[""wzLhAZn_JMk""]","[""Behind-the-scenes in BAND HERO with Taylor!""]"
2026-06-26,fairytale_adventures_in_australia_and_japan,Fairytale Adventures In Australia And Japan,1,921936,10,15703,1832,"[""VhFFAQuAUqo""]","[""Fairytale Adventures in Australia and Japan.""]"
2026-06-26,look_what_you_made_me_do_stream_co,Look What You Made Me Do Stream Co,1,892711,18,23945,508,"[""71QPEkD9PhM""]","[""Look What You Made Me Do - Stream Co.""]"
2026-06-26,challenge_1,Challenge 1,1,888751,13,12842,1089,"[""mxBSpHji2oo""]","[""A Hug From Taylor Swift - Challenge #1""]"
2026-06-26,my_band_has_bad_private_plane_manners,My Band Has Bad Private Plane Manners,1,872092,22,10880,614,"[""1G1ES1y6AyI""]","[""My band has bad private plane manners.""]"
2026-06-26,vevocertified_pt_6_mine,Vevocertified Pt 6 Mine,1,853899,6,11668,721,"[""FNWq-pr5ON8""]","[""Taylor Swift - #VevoCertified, Pt. 6: Mine (Taylor Commentary)""]"
2026-06-26,behind_the_scenes_of_taylor_swift_s_week_at_staples_center,Behind The Scenes Of Taylor Swift S Week At Staples Center,1,829783,17,14737,1021,"[""6wEVDvnqQOM""]","[""Behind the scenes of Taylor Swift's week at Staples Center""]"
2026-06-26,trl_recap,Trl Recap,1,826312,51,10284,991,"[""p-5R0u3iTiE""]","[""TRL Recap!""]"
2026-06-26,london,London,1,824211,17,11293,1341,"[""0jWoq3COzts""]","[""London!!!""]"
2026-06-26,look_what_you_made_me_do_the_birdcage,Look What You Made Me Do The Birdcage,1,824024,16,25196,957,"[""jJeK0p1LanY""]","[""Look What You Made Me Do - The Birdcage""]"
2026-06-26,1_with_a_bullet,1 With A Bullet,1,821882,12,8379,1118,"[""qvcSth8LvEw""]","[""1 with a bullet.""]"
2026-06-26,vevocertified_pt_3_taylor_talks_about_her_fans,Vevocertified Pt 3 Taylor Talks About Her Fans,1,811456,5,12487,839,"[""ehLp0cjqkRk""]","[""Taylor Swift - #VEVOCertified, Pt. 3: Taylor Talks About Her Fans""]"
2026-06-26,vevocertified_pt_2_taylor_on_making_music_videos,Vevocertified Pt 2 Taylor On Making Music Videos,1,782578,4,10039,438,"[""YcuEHj-Nr58""]","[""Taylor Swift - #VEVOCertified, Pt. 2: Taylor On Making Music Videos""]"
2026-06-26,sparks_fly_live_on_the_red_tour,Sparks Fly Live On The Red Tour,1,782053,33,19465,945,"[""Nx-5bHeC6xo""]","[""\""Sparks Fly\"" (acoustic) Live on the RED Tour!""]"
2026-06-26,taylor_swift_s_the_1989_world_tour,Taylor Swift S The 1989 World Tour,1,729021,1,10978,1050,"[""JggOSZFlk0U""]","[""Taylor Swift's The 1989 World Tour""]"
2026-06-26,november_11th,November 11Th,1,718329,5,7264,977,"[""45KfDAgw_Is""]","[""November 11th.""]"
2026-06-26,instructional_video,Instructional Video,1,715130,36,12371,921,"[""R7wjyOQw7Zw""]","[""Instructional Video""]"
2026-06-26,myspace_presents_the_fit_featuring_taylor_swift,Myspace Presents The Fit Featuring Taylor Swift,1,699101,5,5413,567,"[""Ivz6lNNAYaE""]","[""MySpace Presents: The Fit Featuring Taylor Swift""]"
2026-06-26,taylor_swift_ice_bucket_challenge_with_jamie_king,Taylor Swift Ice Bucket Challenge With Jamie King,1,666185,21,40859,1303,"[""AoYtgGHfsG4""]","[""Taylor Swift Ice Bucket Challenge with Jamie King""]"
2026-06-26,taylor_swift_in_band_hero,Taylor Swift In Band Hero,1,662689,9,7915,1861,"[""GVKuFZhB1e8""]","[""Taylor Swift In Band Hero""]"
2026-06-26,thanksgiving_break_and_the_academy_is,Thanksgiving Break And The Academy Is,1,662295,7,8264,795,"[""MHDjff07l0I""]","[""Thanksgiving break and The Academy Is...""]"
2026-06-26,taylor_by_taylor_swift_fragrance_video_part_1,Taylor By Taylor Swift Fragrance Video Part 1,1,655366,1,10486,1012,"[""YUSPwqd4674""]","[""Taylor by Taylor Swift Fragrance Video Part 1""]"
2026-06-26,vevocertified_pt_4_taylor_superfans_aka_swifties,Vevocertified Pt 4 Taylor Superfans Aka Swifties,1,653703,4,6733,927,"[""Eo2D8Ez3WAo""]","[""Taylor Swift - #VevoCertified, Pt. 4: Taylor Superfans aka Swifties""]"
2026-06-26,taylor_swift_talks_about_welcome_to_new_york,Taylor Swift Talks About Welcome To New York,1,642995,14,11802,335,"[""xVKTOX3vMKM""]","[""Taylor Swift talks about \""Welcome to New York\""""]"
2026-06-26,the_for_the_fate_of_ophelia_is_available_now_only_on_youtube,The For The Fate Of Ophelia Is Available Now Only On Youtube,1,641627,170,25482,401,"[""fxeEYfVDaJI""]","[""The official music video for “The Fate of Ophelia” is available now, only on YouTube ❤️‍🔥""]"
2026-06-26,opalite_extended_versions_part_1_and_2_out_now_at_taylorswift_com,Opalite Extended Versions Part 1 And 2 Out Now At Taylorswift Com,1,612017,0,42141,805,"[""x_uxpBJQqCA""]","[""Opalite Official Music Video Extended Versions Part 1 & 2 out now at TaylorSwift.com ✨""]"
2026-06-26,wonderstruck_enchanted_taylor_swift_chapter_3,Wonderstruck Enchanted Taylor Swift Chapter 3,1,576733,17,14967,1005,"[""1vj3YhYrULo""]","[""Wonderstruck Enchanted Taylor Swift Chapter 3""]"
2026-06-26,trailer,Trailer,1,567053,1,33425,2152,"[""66kn6Dcr12E""]","[""Taylor Swift's reputation Stadium Tour - Trailer""]"
2026-06-26,the_final_challenge,The Final Challenge,1,561951,9,13370,1424,"[""w7p_BCIX-rw""]","[""A Hug From Taylor Swift - The Final Challenge""]"
2026-06-26,taylor_swift_s_red_tour_announcement,Taylor Swift S Red Tour Announcement,1,531320,8,10539,3216,"[""YoJj-5nAGpM""]","[""Taylor Swift's RED Tour Announcement!""]"
2026-06-26,philadelphia,Philadelphia,1,530605,18,8616,835,"[""DjABPXfE4Fs""]","[""Philadelphia :)""]"
2026-06-26,behind_the_fragrance_taylor_swift_incredible_things_featuring_taylor_swift,Behind The Fragrance Taylor Swift Incredible Things Featuring Taylor Swift,1,518384,9,19357,601,"[""BxZi6jC2JAI""]","[""Behind The Fragrance, Taylor Swift Incredible Things featuring Taylor Swift (Behind The Scenes)""]"
2026-06-26,official_merch,Official Merch,1,518363,4,41628,2311,"[""aoYhTov8jsY""]","[""Taylor Swift reputation Stadium Tour - Official Merch""]"
2026-06-26,taylor_swift_fragrances_made_of_starlight_musical_edition,Taylor Swift Fragrances Made Of Starlight Musical Edition,1,507309,8,13064,369,"[""kpzwfS5x068""]","[""Taylor Swift Fragrances Made Of Starlight Musical Edition""]"
2026-06-26,red_guitar_solo_from_red_tour_opening_night,Red Guitar Solo From Red Tour Opening Night,1,491709,25,11675,863,"[""NZnRUnOQZWU""]","[""\""Red\"" Guitar Solo from RED Tour Opening Night""]"
2026-06-26,the_end_of_an_era_a_6_episode_docuseries_streams_on_disneyplus_beginning_dec_12,The End Of An Era A 6 Episode Docuseries Streams On Disneyplus Beginning Dec 12,1,479439,115,42738,1982,"[""dSSqCoCiQVs""]","[""The End of an Era\"", a 6-episode docuseries, streams on @Disneyplus beginning Dec 12 🫶""]"
2026-06-26,santa_baby,Santa Baby,1,473238,23,3807,281,"[""ZU4o7vvrrPI""]","[""Taylor Swift - Santa Baby (Audio)""]"
2026-06-26,surprise_taylor_wins_2_teen_choice_awards,Surprise Taylor Wins 2 Teen Choice Awards,1,448494,6,6876,1128,"[""Y3eRmLTN7FQ""]","[""Surprise! Taylor Wins 2 Teen Choice Awards!""]"
2026-06-26,just_11_days_until_the_final_show_of_the_eras_tour_is_all_yours,Just 11 Days Until The Final Show Of The Eras Tour Is All Yours,1,447192,111,26122,2409,"[""fHjxp-rpUGw""]","[""Just 11 days until the final show of The Eras Tour is all yours ✨🎂""]"
2026-06-26,i_knew_you_were_trouble_behind_the_scenes_2,I Knew You Were Trouble Behind The Scenes 2,1,441923,7,10522,410,"[""sIjKXPXjVxU""]","[""\""I Knew You Were Trouble.\"" Behind-The-Scenes #2""]"
2026-06-26,taylor_swift_reputation_stadium_tour_trailer_2,Taylor Swift Reputation Stadium Tour Trailer 2,1,435958,3,29329,2088,"[""RMW3fAructY""]","[""Taylor Swift reputation Stadium Tour // Trailer 2""]"
2026-06-26,the_archer_first_ever_live_performance,The Archer First Ever Live Performance,1,428373,18,36053,1259,"[""1qwxqyac0Z8""]","[""Taylor Swift - The Archer First Ever Live Performance""]"
2026-06-26,highlights,Highlights,1,428327,3,8474,317,"[""1D5E5KLkfsI""]","[""Taylor Swift's Worldwide Live Stream on Yahoo - Highlights""]"
2026-06-26,i_knew_you_were_trouble_behind_the_scenes_3,I Knew You Were Trouble Behind The Scenes 3,1,425330,6,10778,485,"[""jinbX0hwYOo""]","[""\""I Knew You Were Trouble.\"" Behind-The-Scenes #3""]"
2026-06-26,nashville_tn,Nashville Tn,1,411102,2,3555,125,"[""-0uRcwk818Y""]","[""Taylor Swift Speak Now Fan Video : Nashville, TN""]"
2026-06-26,taylor_swift_s_journey_to_fearless_on_the_hub,Taylor Swift S Journey To Fearless On The Hub,1,404123,10,5183,542,"[""QQVHNOxYv5E""]","[""Taylor Swift's 'Journey to Fearless' on The Hub""]"
2026-06-26,taylor_swift_s_wonderstruck_fragrance,Taylor Swift S Wonderstruck Fragrance,1,393103,6,9426,1108,"[""urcHObkMCBE""]","[""Taylor Swift's Wonderstruck Fragrance""]"
2026-06-26,first_fans_with_my_cmt_award,First Fans With My Cmt Award,1,382942,29,4733,304,"[""Mi-FBBqUuJE""]","[""First fans with my CMT Award.""]"
2026-06-26,rascal_flatt_s_tour_and_grey_s_anatomy,Rascal Flatt S Tour And Grey S Anatomy,1,367234,7,7176,687,"[""rJVYkPjQf9s""]","[""Rascal Flatt's tour and Grey's Anatomy""]"
2026-06-26,holy_ground_live_on_the_red_tour,Holy Ground Live On The Red Tour,1,363001,7,9066,683,"[""3H21433WdtU""]","[""\""Holy Ground\"" Live on the RED Tour!""]"
2026-06-26,sneak_peek,Sneak Peek,1,350683,2,12562,987,"[""LGA54hn8uwU""]","[""Taylor By Taylor Swift commercial: sneak peek""]"
2026-06-26,win_a_taylor_swift_performance_on_your_campus,Win A Taylor Swift Performance On Your Campus,1,347948,3,4994,1292,"[""6OPPGOl7ctE""]","[""Win A Taylor Swift Performance on Your Campus!""]"
2026-06-26,vote_taylor_acm_entertainer_of_the_year,Vote Taylor Acm Entertainer Of The Year,1,344394,6,7258,806,"[""37Pc4cjk9pY""]","[""Vote Taylor: ACM Entertainer of the Year""]"
2026-06-26,youtube_presents_taylor_swift_q_and_a,Youtube Presents Taylor Swift Q And A,1,328777,2,5451,2719,"[""z___7lkxS0I""]","[""YouTube Presents Taylor Swift Q&A""]"
2026-06-26,behind_the_scenes_cma_music_festival,Behind The Scenes Cma Music Festival,1,321310,5,3801,272,"[""bkADPxWSeak""]","[""Behind The Scenes @ CMA Music Festival""]"
2026-06-26,taylor_swift_answers_questions_from_fans_from_lovers_lounge_live,Taylor Swift Answers Questions From Fans From Lovers Lounge Live,1,316367,5,21755,626,"[""iyYhqYELWtA""]","[""Taylor Swift Answers Questions From Fans From Lover’s Lounge Live""]"
2026-06-26,nov_20_7_6c_cbs,Nov 20 7 6C Cbs,1,306377,80,5384,550,"[""GSvyRVw366k""]","[""Taylor Swift on 60 Minutes - Nov 20 @ 7/6c CBS""]"
2026-06-26,ours_behind_the_scenes_the_office,Ours Behind The Scenes The Office,1,289443,6,6426,564,"[""IdMI-HCO5QY""]","[""\""Ours\"" Behind-the-Scenes - The Office""]"
2026-06-26,store_appearances,Store Appearances,1,278327,5,5683,552,"[""xIoApJgIw8U""]","[""Taylor Swift WONDERSTRUCK In-Store Appearances""]"
2026-06-26,speak_now_world_tour_live_cd_dvd,Speak Now World Tour Live Cd Dvd,1,277671,2,5523,688,"[""KFoOCZeKgzQ""]","[""Speak Now World Tour Live CD+DVD""]"
2026-06-26,taylor_swift_red_tour_asia_announcement,Taylor Swift Red Tour Asia Announcement,1,276824,2,7502,1254,"[""UfRqjF_8IqQ""]","[""Taylor Swift RED Tour Asia announcement""]"
2026-06-26,ours_behind_the_scenes_message_of_ours,Ours Behind The Scenes Message Of Ours,1,271852,3,6551,290,"[""yHqjZUxaigo""]","[""\""Ours\"" Behind-the-Scenes - Message of Ours""]"
2026-06-26,taylors_diary_my_13_year_old_self,Taylors Diary My 13 Year Old Self,1,269971,9,19878,485,"[""UY3UfH-ittk""]","[""Taylor’s Diary - My 13 Year Old Self (Exclusive Reading from Deluxe Edition Lover Album)""]"
2026-06-26,stylememories_one,Stylememories One,1,258245,3,10036,316,"[""bKBJhghRfEk""]","[""#STYLEmemories One""]"
2026-06-26,speak_now_world_tour_live_cd_dvd_available_now,Speak Now World Tour Live Cd Dvd Available Now,1,254510,4,5810,772,"[""O0Mnebw_TJc""]","[""Speak Now World Tour Live CD/DVD - Available Now!""]"
2026-06-26,stylememories_two,Stylememories Two,1,249573,3,10030,266,"[""cM2CXMcG5w8""]","[""#STYLEmemories Two""]"
2026-06-26,q_and_a_with_taylor_on_taylor_by_taylor_swift_the_fragrance,Q And A With Taylor On Taylor By Taylor Swift The Fragrance,1,248526,2,5957,419,"[""EuT6nQvdcpo""]","[""Q&A with Taylor on Taylor By Taylor Swift, the fragrance""]"
2026-06-26,the_red_tour_australia_new_zealand_announcement,The Red Tour Australia New Zealand Announcement,1,241196,2,5520,1753,"[""JgkCFCOAn48""]","[""The RED Tour Australia/New Zealand Announcement!""]"
2026-06-26,stockhold_sweden,Stockhold Sweden,1,214002,2,2436,240,"[""9wXlz0f-2Zo""]","[""Taylor Swift Speak Now Fan Video : Stockhold, Sweden""]"
2026-06-26,the_lucky_one_song_preview_from_red_now_available,The Lucky One Song Preview From Red Now Available,1,213341,1,2234,220,"[""75NpXm04S1I""]","[""\""The Lucky One\"" Song Preview from RED - Now Available""]"
2026-06-26,taylor_swift_red_tour_london_announcement,Taylor Swift Red Tour London Announcement,1,211169,0,4715,1208,"[""SvEbXNgvXWY""]","[""Taylor Swift RED Tour London announcement""]"
2026-06-26,i_almost_do_song_preview_from_red_now_available,I Almost Do Song Preview From Red Now Available,1,205878,2,2177,170,"[""YszERgNNKnc""]","[""\""I Almost Do\"" Song Preview from RED - Now Available""]"
2026-06-26,sad_beautiful_tragic_song_preview_from_red_now_available,Sad Beautiful Tragic Song Preview From Red Now Available,1,203499,4,2056,147,"[""oo1CoPXIOuI""]","[""\""Sad Beautiful Tragic\"" Song Preview from RED - Now Available""]"
2026-06-26,nov_11_11_10c,Nov 11 11 10C,1,202003,1,4025,268,"[""OZJdxFEdjSU""]","[""VH1 StoryTellers - Taylor Swift - Nov 11 @ 11/10c""]"
2026-06-26,22_song_preview_from_red_now_available,22 Song Preview From Red Now Available,1,201254,3,3216,361,"[""yBHlFJ9waVo""]","[""\""22\"" Song Preview from RED - Now Available""]"
2026-06-26,ours_behind_the_scenes_taylor_s_look,Ours Behind The Scenes Taylor S Look,1,200185,3,3266,352,"[""gPJ8PFeq9Xw""]","[""\""Ours\"" Behind-the-Scenes - Taylor's Look""]"
2026-06-26,taylor_talks_hugging_fans_60_minutes_sunday_nov_21_7_6c_cbs,Taylor Talks Hugging Fans 60 Minutes Sunday Nov 21 7 6C Cbs,1,200130,2,3589,382,"[""lZNJnOrwDTQ""]","[""Taylor Talks Hugging Fans - 60 Minutes, Sunday Nov 21 @ 7/6c CBS""]"
2026-06-26,outtakes,Outtakes,1,193037,2,4532,260,"[""Ac7wMLgLtpY""]","[""Taylor Swift on Style: Outtakes""]"
2026-06-26,treacherous_song_preview_from_red_now_available,Treacherous Song Preview From Red Now Available,1,188526,2,3733,469,"[""KNKa1to1v6o""]","[""\""Treacherous\"" Song Preview from RED - Now Available""]"
2026-06-26,ours_behind_the_scenes_zach,Ours Behind The Scenes Zach,1,187199,4,3513,242,"[""h6CRgcouLuU""]","[""\""Ours\"" Behind-the-Scenes - Zach""]"
2026-06-26,starlight_song_preview_from_red_now_available,Starlight Song Preview From Red Now Available,1,186097,1,2911,257,"[""qbx_wdqaeV0""]","[""\""Starlight\"" Song Preview from RED - Now Available""]"
2026-06-26,what_fans_can_expect_on_the_red_tour,What Fans Can Expect On The Red Tour,1,175655,1,5050,523,"[""ueZmiOaDDlU""]","[""What Fans Can Expect on the RED Tour""]"
2026-06-26,ours_behind_the_scenes_that_s_a_wrap,Ours Behind The Scenes That S A Wrap,1,170930,3,3280,172,"[""QvNW_z1Y7Ls""]","[""\""Ours\"" Behind-the-Scenes - That's a Wrap""]"
2026-06-26,ours_behind_the_scenes_working_with_taylor,Ours Behind The Scenes Working With Taylor,1,168258,4,4842,138,"[""wIvJI6mF1ME""]","[""\""Ours\"" Behind-the-Scenes - Working with Taylor""]"
2026-06-26,ours_behind_the_scenes_the_director,Ours Behind The Scenes The Director,1,166143,3,3172,208,"[""AtHsg4USz8g""]","[""\""Ours\"" Behind-the-Scenes - The Director""]"
2026-06-26,ours_behind_the_scenes_we_re_making_a_video,Ours Behind The Scenes We Re Making A Video,1,157155,10,3509,269,"[""beGv3NTnduo""]","[""\""Ours\"" Behind-the-Scenes - We're Making a Video""]"
2026-06-26,hifromtaylor_teaser,Hifromtaylor Teaser,1,154096,0,4369,401,"[""C2giKOnk588""]","[""#HiFromTaylor Teaser""]"
2026-06-26,all_too_well_song_preview_from_red_now_available,All Too Well Song Preview From Red Now Available,1,142406,3,3716,450,"[""k2zfi4gLekU""]","[""\""All Too Well\"" Song Preview from RED - Now Available""]"
2026-06-26,ours_behind_the_scenes_home_movies,Ours Behind The Scenes Home Movies,1,139758,4,3313,269,"[""HsLl-IL9c7E""]","[""\""Ours\"" Behind-the-Scenes - Home Movies""]"
2026-06-26,ours_behind_the_scenes_the_story_of_the_video,Ours Behind The Scenes The Story Of The Video,1,134298,6,2670,119,"[""_zyYtE9di9A""]","[""\""Ours\"" Behind-the-Scenes - \""The Story of the Video\""""]"
2026-06-26,voteacm_com,Voteacm Com,1,130073,1,4128,490,"[""GDdVOpZkqRI""]","[""Vote Taylor Swift ACM Entertainer of the Year: VoteACM.com""]"
2026-06-26,part_3,Part 3,1,128731,3,3520,204,"[""y9yIBAmBDtk""]","[""Taylor Swift on Style: Part 3""]"
2026-06-26,holy_ground_song_preview_from_red_now_available,Holy Ground Song Preview From Red Now Available,1,125305,1,2184,209,"[""Rcex4Nw6Z9U""]","[""\""Holy Ground\"" Song Preview from RED - Now Available""]"
2026-06-26,taylors_diary_discusses_getting_her_first_cat_meredith_grey_tour_and_middle_school,Taylors Diary Discusses Getting Her First Cat Meredith Grey Tour And Middle School,1,122343,5,8425,176,"[""gRIWxlehJVg""]","[""Taylor’s Diary -  Discusses Getting Her First Cat Meredith Grey, Tour and Middle School""]"
2026-06-26,ours_behind_the_scenes_the_inspiration,Ours Behind The Scenes The Inspiration,1,120690,2,2880,106,"[""7D6-_twz7YE""]","[""\""Ours\"" Behind-the-Scenes - The Inspiration""]"
2026-06-26,chicago_il,Chicago Il,1,120221,0,2411,153,"[""91EDAPQLsXc""]","[""Taylor Swift Speak Now Fan Video : Chicago, IL""]"
2026-06-26,san_diego_ca,San Diego Ca,1,118789,2,1734,140,"[""fTFcFeQOeLo""]","[""Taylor Swift Speak Now Fan Video : San Diego, CA""]"
2026-06-26,hampton_nj,Hampton Nj,1,116874,1,1627,100,"[""rx86WwyoI7g""]","[""Taylor Swift Speak Now Fan Video : Hampton, NJ""]"
2026-06-26,part_4,Part 4,1,116300,6,2930,136,"[""41Zxe-tqjoE""]","[""Taylor Swift on Style: Part 4""]"
2026-06-26,stay_stay_stay_song_preview_from_red_now_available,Stay Stay Stay Song Preview From Red Now Available,1,110865,3,2312,227,"[""TGslPGte8Mw""]","[""\""Stay Stay Stay\"" Song Preview from RED - Now Available""]"
2026-06-26,billboard_milestone_award,Billboard Milestone Award,1,109772,0,3770,388,"[""1hdDXzS63SY""]","[""Taylor Swift - Billboard Milestone Award""]"
2026-06-26,welcome_to_the_official_taylor_swift_youtube_channel,Welcome To The Official Taylor Swift Youtube Channel,1,107136,0,3931,441,"[""xmauy4h3rPg""]","[""Welcome to the Official Taylor Swift YouTube Channel!""]"
2026-06-26,ours_behind_the_scenes_director_casting,Ours Behind The Scenes Director Casting,1,104106,2,2775,310,"[""0Ot5C6O-KfA""]","[""\""Ours\"" Behind-the-Scenes - Director Casting""]"
2026-06-26,ours_behind_the_scenes_locations,Ours Behind The Scenes Locations,1,101369,8,2514,135,"[""Y89k5sfHBaw""]","[""\""Ours\"" Behind-the-Scenes - Locations""]"
2026-06-26,oranga_nsw_australia,Oranga Nsw Australia,1,99860,34,1626,99,"[""LSjPFdoeDD8""]","[""Taylor Swift Speak Now Fan Video : Oranga, NSW, Australia""]"
2026-06-26,ajalvir_spain,Ajalvir Spain,1,98002,4,2123,148,"[""CpwF5fw6dE0""]","[""Taylor Swift Speak Now Fan Video : Ajalvir (Madrid), Spain""]"
2026-06-26,last_christmas,Last Christmas,1,79010,6,1137,62,"[""AbKi_WHS9WA""]","[""Taylor Swift - Last Christmas (Audio)""]"
2026-06-26,shot_on_a_bloggie,Shot On A Bloggie,1,57753,4,1855,107,"[""jkin5pRLrQg""]","[""Taylor Swift Speak Now Fan Videos : Shot on a Bloggie""]"
2026-06-26,omaha_ne,Omaha Ne,1,57153,0,1942,312,"[""dlBQSxDuy2I""]","[""Taylor Swift Speak Now Fan Video : Omaha, NE""]"
2026-06-26,minneapolis_mn,Minneapolis Mn,1,57108,1,2365,408,"[""KWPrDngWZSQ""]","[""Taylor Swift Speak Now Fan Video : Minneapolis, MN""]"
2026-06-26,beautiful_eyes,Beautiful Eyes,1,14336,4,354,36,"[""2SXLyqKAFYU""]","[""Taylor Swift - Beautiful Eyes (Live From Clear Channel Stripped 2008 / Audio)""]"
2026-06-26,christmas_must_be_something_more,Christmas Must Be Something More,1,8701,3,196,18,"[""QS-jLu3AOtU""]","[""Taylor Swift - Christmas Must Be Something More (Audio)""]"
2026-06-26,christmases_when_you_were_mine,Christmases When You Were Mine,1,8157,2,185,10,"[""I2LBLztkeDc""]","[""Taylor Swift - Christmases When You Were Mine (Audio)""]"
2026-06-26,white_christmas,White Christmas,1,7947,3,147,6,"[""cMXyjbxuxYQ""]","[""Taylor Swift - White Christmas (Audio)""]"
2026-06-26,silent_night,Silent Night,1,7217,5,250,34,"[""k4lGZmwk0O0""]","[""Taylor Swift - Silent Night (Audio)""]"
2026-06-26,taylorswiftvevo_live_stream,Taylorswiftvevo Live Stream,1,0,0,63,1,"[""oWVYzCPs3nE""]","[""TaylorSwiftVEVO Live Stream""]"
2026-06-26,taylor_swift_live_stream,Taylor Swift Live Stream,1,0,0,94,0,"[""e7HLU5-0VU4""]","[""Taylor Swift Live Stream""]"
