date,video_id,title,published_at,duration,total_views,daily_views,like_count,comment_count,category_id,live_broadcast_content,privacy_status,upload_status,tags
2026-06-23,WqbJT_vC0rs,Taylor Swift - Elizabeth Taylor (Official Music Video),2026-04-02T12:00:54Z,PT3M49S,6678893,,191856,9353,10,none,public,processed,"[""Taylor swift"", ""taylor"", ""swift"", ""taylor swift TLOAS"", ""TS12"", ""Showgirl"", ""The Life of a Showgirl"", ""new taylor swift"", ""taylor swift album""]"
2026-06-23,ZeiAo9SeDE8,Taylor Swift - Opalite (Chris Lake Remix) (Visualizer),2026-02-23T19:30:22Z,PT3M53S,533142,,14234,1000,10,none,public,processed,"[""Taylor swift"", ""taylor"", ""swift"", ""taylor swift TLOAS"", ""TS12"", ""Showgirl"", ""The Life of a Showgirl"", ""new taylor swift"", ""taylor swift album""]"
2026-06-23,vZJXqv48lIc,Taylor Swift - Opalite (BUNT. Remix) (Visualizer),2026-02-23T19:30:18Z,PT3M35S,750333,,31672,1892,10,none,public,processed,"[""Taylor swift"", ""taylor"", ""swift"", ""taylor swift TLOAS"", ""TS12"", ""Showgirl"", ""The Life of a Showgirl"", ""new taylor swift"", ""taylor swift album""]"
2026-06-23,K3jkKvnemws,Taylor Swift - Opalite (Skream Remix) (Visualizer),2026-02-23T19:30:13Z,PT3M59S,155615,,7955,670,10,none,public,processed,"[""Taylor swift"", ""taylor"", ""swift"", ""taylor swift TLOAS"", ""TS12"", ""Showgirl"", ""The Life of a Showgirl"", ""new taylor swift"", ""taylor swift album""]"
2026-06-23,wNYl89BsIyg,Taylor Swift - Opalite (Ely Oaks Remix) (Visualizer),2026-02-23T19:30:06Z,PT3M30S,202024,,8549,663,10,none,public,processed,"[""Taylor swift"", ""taylor"", ""swift"", ""taylor swift TLOAS"", ""TS12"", ""Showgirl"", ""The Life of a Showgirl"", ""new taylor swift"", ""taylor swift album""]"
2026-06-23,x_uxpBJQqCA,Opalite Official Music Video Extended Versions Part 1 & 2 out now at TaylorSwift.com ✨,2026-02-13T05:18:20Z,PT27S,612017,,42150,805,10,none,public,processed,[]
2026-06-23,1FVF-9KQiPo,Taylor Swift - Opalite (Official Music Video),2026-02-08T13:00:02Z,PT6M,25878691,,661641,29605,10,none,public,processed,"[""Taylor swift"", ""taylor"", ""swift"", ""taylor swift TLOAS"", ""TS12"", ""Showgirl"", ""The Life of a Showgirl"", ""new taylor swift"", ""taylor swift album""]"
2026-06-23,2Shv-eeNmY4,The Opalite video is out now. Visit TaylorSwift.com for more,2026-02-06T13:16:08Z,PT24S,4353811,,127525,2966,10,none,public,processed,[]
2026-06-23,-c9Cg0l__fo,There truly was magic in the *eras*✨ watch starting TOMORROW on @d@disneyplust 12am PT / 3am ET,2025-12-11T15:35:30Z,PT31S,1389731,,65505,2908,10,none,public,processed,[]
2026-06-23,fHjxp-rpUGw,Just 11 days until the final show of The Eras Tour is all yours ✨🎂,2025-12-02T01:41:18Z,PT1M38S,446813,,26125,2413,10,none,public,processed,[]
2026-06-23,yX2kZ8OIsfU,Taylor Swift - The Fate of Ophelia (The Chainsmokers Remix) (Visualizer),2025-11-28T05:01:16Z,PT3M,1965084,,42472,2127,10,none,public,processed,"[""Taylor swift"", ""taylor"", ""swift"", ""taylor swift TLOAS"", ""TS12"", ""Showgirl"", ""The Life of a Showgirl"", ""new taylor swift"", ""taylor swift album""]"
2026-06-23,dSSqCoCiQVs,"The End of an Era"", a 6-episode docuseries, streams on @Disneyplus beginning Dec 12 🫶",2025-11-13T13:35:48Z,PT2M32S,479053,,42746,1982,10,none,public,processed,[]
2026-06-23,PdMdbiY6-lE,Taylor Swift - The Fate of Ophelia (Alone In My Tower Acoustic Version) (Visualizer),2025-10-31T04:00:38Z,PT3M50S,2452449,,87187,3472,10,none,public,processed,[]
2026-06-23,YF6jaBeBMIk,December 12th on @DisneyPlus,2025-10-13T12:23:45Z,PT1M40S,1039281,,97622,4797,10,none,public,processed,[]
2026-06-23,ZzYBzwfjjDE,Never been accused of not keeping it 💯,2025-10-09T19:58:35Z,PT18S,496874882,,2083489,23023,10,none,public,processed,[]
2026-06-23,GXODnqWPzH8,Pledge allegiance to your 👐 your 🏈 your viiiiiiiibes,2025-10-06T13:36:29Z,PT17S,403863776,,1943960,18314,10,none,public,processed,[]
2026-06-23,rbmdfEQODOw,Taylor Swift - The Fate of Ophelia (Lyric Video),2025-10-06T00:10:17Z,PT3M50S,9634304,,146196,5392,10,none,public,processed,"[""Taylor swift"", ""taylor"", ""swift"", ""taylor swift TLOAS"", ""TS12"", ""Showgirl"", ""The Life of a Showgirl"", ""new taylor swift"", ""taylor swift album""]"
2026-06-23,OU6362Nggg0,Taylor Swift - The Life of a Showgirl (Feat. Sabrina Carpenter) (Lyric Video),2025-10-05T23:48:06Z,PT4M6S,14723864,,119462,4045,10,none,public,processed,"[""Taylor swift"", ""taylor"", ""swift"", ""taylor swift TLOAS"", ""TS12"", ""Showgirl"", ""The Life of a Showgirl"", ""new taylor swift"", ""taylor swift album"", ""sabrina carpenter""]"
2026-06-23,4-EzK5UB40U,Taylor Swift - Honey (Lyric Video),2025-10-05T23:44:06Z,PT3M6S,8124595,,55933,2255,10,none,public,processed,[]
2026-06-23,F-5XoUZ42Tc,Taylor Swift - CANCELLED! (Lyric Video),2025-10-05T23:40:06Z,PT3M36S,11698983,,81054,8553,10,none,public,processed,"[""Taylor swift"", ""taylor"", ""swift"", ""taylor swift TLOAS"", ""TS12"", ""Showgirl"", ""The Life of a Showgirl"", ""new taylor swift"", ""taylor swift album""]"
2026-06-23,6m50keINEOI,Taylor Swift - Wood (Lyric Video),2025-10-05T23:37:06Z,PT2M35S,13546437,,76387,3975,10,none,public,processed,"[""Taylor swift"", ""taylor"", ""swift"", ""taylor swift TLOAS"", ""TS12"", ""Showgirl"", ""The Life of a Showgirl"", ""new taylor swift"", ""taylor swift album"", ""wood taylor swift""]"
2026-06-23,wqgUzLHgNMI,Taylor Swift - Wi$h Li$t (Lyric Video),2025-10-05T23:33:06Z,PT3M32S,15125745,,94795,2909,10,none,public,processed,"[""Taylor swift"", ""taylor"", ""swift"", ""taylor swift TLOAS"", ""TS12"", ""Showgirl"", ""The Life of a Showgirl"", ""new taylor swift"", ""taylor swift album"", ""taylor swift wish list"", ""taylor swift wish list lyrics"", ""taylor swift the life of a showgirl""]"
2026-06-23,FnEg1RgmqO4,Taylor Swift - Actually Romantic (Lyric Video),2025-10-05T23:29:06Z,PT2M49S,10753330,,64656,3210,10,none,public,processed,"[""Taylor swift"", ""taylor"", ""swift"", ""taylor swift TLOAS"", ""TS12"", ""Showgirl"", ""The Life of a Showgirl"", ""new taylor swift"", ""taylor swift album""]"
2026-06-23,WQCPl5rTMDQ,Taylor Swift - Ruin The Friendship (Lyric Video),2025-10-05T23:24:06Z,PT3M45S,11756213,,78380,2719,10,none,public,processed,"[""Taylor swift"", ""taylor"", ""swift"", ""taylor swift TLOAS"", ""TS12"", ""Showgirl"", ""The Life of a Showgirl"", ""new taylor swift"", ""taylor swift album""]"
2026-06-23,HwQnW_ZRKhc,Taylor Swift - Eldest Daughter (Lyric Video),2025-10-05T23:19:06Z,PT4M10S,10346416,,85717,2793,10,none,public,processed,"[""Taylor swift"", ""taylor"", ""swift"", ""taylor swift TLOAS"", ""TS12"", ""Showgirl"", ""The Life of a Showgirl"", ""new taylor swift"", ""taylor swift album""]"
2026-06-23,98SmlWOKuME,Taylor Swift - Father Figure (Lyric Video),2025-10-05T23:15:06Z,PT3M36S,18031014,,88511,3093,10,none,public,processed,"[""Taylor swift"", ""taylor"", ""swift"", ""taylor swift TLOAS"", ""TS12"", ""Showgirl"", ""The Life of a Showgirl"", ""new taylor swift"", ""taylor swift album""]"
2026-06-23,fxeEYfVDaJI,"The official music video for “The Fate of Ophelia” is available now, only on YouTube ❤️‍🔥",2025-10-05T23:14:46Z,PT1M7S,641130,,25477,400,10,none,public,processed,[]
2026-06-23,3PJC6uPIekc,Taylor Swift - Opalite (Lyric Video),2025-10-05T23:10:06Z,PT3M59S,51344358,,278694,6805,10,none,public,processed,"[""Taylor swift"", ""taylor"", ""swift"", ""taylor swift TLOAS"", ""TS12"", ""Showgirl"", ""The Life of a Showgirl"", ""new taylor swift"", ""taylor swift album""]"
2026-06-23,7X5iDKPrZH0,Taylor Swift - Elizabeth Taylor (Lyric Video),2025-10-05T23:06:06Z,PT3M32S,18237880,,122742,3693,10,none,public,processed,"[""Taylor swift"", ""taylor"", ""swift"", ""taylor swift TLOAS"", ""TS12"", ""Showgirl"", ""The Life of a Showgirl"", ""new taylor swift"", ""taylor swift album"", ""taylor swift elizabeth taylor"", ""taylor swift elizabeth taylor lyrics"", ""elizabeth taylor taylor swift"", ""elizabeth taylor""]"
2026-06-23,ko70cExuzZM,Taylor Swift - The Fate of Ophelia (Official Music Video),2025-10-05T23:00:06Z,PT3M59S,435024797,,3522112,143174,10,none,public,processed,"[""Taylor swift"", ""taylor"", ""swift"", ""taylor swift TLOAS"", ""TS12"", ""Showgirl"", ""The Life of a Showgirl"", ""new taylor swift"", ""taylor swift album""]"
2026-06-23,b3hW8c9mmLQ,Taylor Swift - Father Figure (Visualizer),2025-10-03T04:17:26Z,PT3M38S,9026556,,104713,5576,10,none,public,processed,"[""Taylor swift"", ""taylor"", ""swift"", ""taylor swift TLOAS"", ""TS12"", ""Showgirl"", ""The Life of a Showgirl"", ""new taylor swift"", ""taylor swift album""]"
2026-06-23,svcboYY81wU,Taylor Swift - The Fate of Ophelia (Visualizer),2025-10-03T04:01:14Z,PT3M50S,16202717,,247979,11090,10,none,public,processed,"[""Taylor swift"", ""taylor"", ""swift"", ""taylor swift TLOAS"", ""TS12"", ""Showgirl"", ""The Life of a Showgirl"", ""new taylor swift"", ""taylor swift album""]"
2026-06-23,slUhVTAznMo,Taylor Swift - The Life of a Showgirl (feat. Sabrina Carpenter) (Visualizer),2025-10-03T04:01:10Z,PT4M6S,13729615,,238053,11040,10,none,public,processed,"[""Taylor swift"", ""taylor"", ""swift"", ""taylor swift TLOAS"", ""TS12"", ""Showgirl"", ""The Life of a Showgirl"", ""new taylor swift"", ""taylor swift album""]"
2026-06-23,rc6NKSVv2fw,Taylor Swift - Eldest Daughter (Visualizer),2025-10-03T04:01:08Z,PT4M11S,6270541,,115148,4837,10,none,public,processed,"[""Taylor swift"", ""taylor"", ""swift"", ""taylor swift TLOAS"", ""TS12"", ""Showgirl"", ""The Life of a Showgirl"", ""new taylor swift"", ""taylor swift album""]"
2026-06-23,mC54kTYa9oI,Taylor Swift - Wi$h Li$t (Visualizer),2025-10-03T04:01:05Z,PT3M32S,10376715,,116265,6082,10,none,public,processed,"[""Taylor swift"", ""taylor"", ""swift"", ""taylor swift TLOAS"", ""TS12"", ""Showgirl"", ""The Life of a Showgirl"", ""new taylor swift"", ""taylor swift album""]"
2026-06-23,erilCNjng-g,Taylor Swift - Wood (Visualizer),2025-10-03T04:00:47Z,PT2M35S,5471805,,86316,4622,10,none,public,processed,"[""Taylor swift"", ""taylor"", ""swift"", ""taylor swift TLOAS"", ""TS12"", ""Showgirl"", ""The Life of a Showgirl"", ""new taylor swift"", ""taylor swift album""]"
2026-06-23,RId6LV1wtQY,Taylor Swift - Ruin the Friendship (Visualizer),2025-10-03T04:00:37Z,PT3M45S,5841335,,90806,3565,10,none,public,processed,"[""Taylor swift"", ""taylor"", ""swift"", ""taylor swift TLOAS"", ""TS12"", ""Showgirl"", ""The Life of a Showgirl"", ""new taylor swift"", ""taylor swift album""]"
2026-06-23,ShsfUTynzQU,Taylor Swift - Actually Romantic (Visualizer),2025-10-03T04:00:37Z,PT2M48S,8138244,,111681,8172,10,none,public,processed,"[""Taylor swift"", ""taylor"", ""swift"", ""taylor swift TLOAS"", ""TS12"", ""Showgirl"", ""The Life of a Showgirl"", ""new taylor swift"", ""taylor swift album""]"
2026-06-23,Ij6SgmK8KGQ,Taylor Swift - CANCELLED! (Visualizer),2025-10-03T04:00:24Z,PT3M36S,7754565,,110321,7269,10,none,public,processed,"[""Taylor swift"", ""taylor"", ""swift"", ""taylor swift TLOAS"", ""TS12"", ""Showgirl"", ""The Life of a Showgirl"", ""new taylor swift"", ""taylor swift album""]"
2026-06-23,9Sx8MWI8qTU,Taylor Swift - Honey (Visualizer),2025-10-03T04:00:11Z,PT3M6S,5220966,,89265,4027,10,none,public,processed,"[""Taylor swift"", ""taylor"", ""swift"", ""taylor swift TLOAS"", ""TS12"", ""Showgirl"", ""The Life of a Showgirl"", ""new taylor swift"", ""taylor swift album""]"
2026-06-23,4FUIEcnvT04,Taylor Swift - Opalite (Visualizer),2025-10-03T04:00:06Z,PT3M59S,32806021,,235823,9431,10,none,public,processed,"[""Taylor swift"", ""taylor"", ""swift"", ""taylor swift TLOAS"", ""TS12"", ""Showgirl"", ""The Life of a Showgirl"", ""new taylor swift"", ""taylor swift album""]"
2026-06-23,4Mg_Qtr6Osg,Taylor Swift - Elizabeth Taylor (Visualizer),2025-10-03T04:00:06Z,PT3M32S,11529497,,136495,5942,10,none,public,processed,"[""Taylor swift"", ""taylor"", ""swift"", ""taylor swift TLOAS"", ""TS12"", ""Showgirl"", ""The Life of a Showgirl"", ""new taylor swift"", ""taylor swift album""]"
2026-06-23,V9ED1fR21U0,The Life of a Showgirl: The Crowd is Your King Edition only at Target,2025-09-30T19:57:21Z,PT31S,1045366,,72203,2405,10,none,public,processed,"[""taylor swift"", ""the life of a showgirl""]"
2026-06-23,9BTFD_gX6qQ,She’s got 4️⃣ days left to rehearse for her big moment… 😂,2025-09-29T13:14:31Z,PT31S,3664131,,161047,3020,10,none,public,processed,[]
2026-06-23,zqaLqctWP28,The Life of a Showgirl: The Tiny Bubbles in Champagne Vinyl Collection ❤️‍🔥,2025-08-25T20:02:56Z,PT16S,1659315,,72625,2429,10,none,public,processed,[]
2026-06-23,BLFnkfAc7iY,"The Life of a Showgirl: Baby, That’s Show Business Vinyl Collection is available now on my site❤️‍🔥",2025-08-21T18:04:53Z,PT16S,1378805,,60337,1295,10,none,public,processed,[]
2026-06-23,0Xh9s_3uRO8,The Life of a Showgirl: The Shiny Bug Vinyl Collection is available now on my site for 48 hours❤️‍🔥,2025-08-18T18:13:43Z,PT16S,1473337,,64955,1644,10,none,public,processed,[]
2026-06-23,w_DD-7_zVtw,"And, baby, that’s show business for you. New album The Life of a Showgirl. Out October 3  ❤️‍🔥",2025-08-14T05:00:58Z,PT8S,2557012,,127127,3136,10,none,public,processed,[]
2026-06-23,58zLBjzfd4M,The #TSSummer2025 collection. Available at store.taylorswift.com while supplies last! ☀️,2025-06-11T17:00:25Z,PT31S,1787861,,78087,2464,10,none,public,processed,[]
2026-06-23,P0haCYjysUs,Anti-Hero (Behind The Scenes with The Ghosts In The Room),2024-12-13T17:24:03Z,PT3M23S,1464132,,84254,6009,10,none,public,processed,"[""taylor swift"", ""midnights"", ""anti hero"", ""behind the scenes""]"
2026-06-23,PQp643val70,cardigan (behind the scenes - forest & ocean),2024-12-13T15:26:29Z,PT2M27S,912042,,71324,2757,10,none,public,processed,[]
2026-06-23,-ddfFsLHNQs,"Anti-Hero (Behind the Scenes with Mike Birbiglia, John Early & Mary Elizabeth Ellis)",2024-12-13T15:04:17Z,PT3M21S,691927,,52710,1809,10,none,public,processed,"[""taylor swift"", ""antihero"", ""midnights""]"
2026-06-23,0GeyBM6NS5s,Bejeweled (Behind the Scenes with Dita Von Teese),2024-12-13T15:04:04Z,PT3M12S,2123880,,82513,2000,10,none,public,processed,"[""taylor swift"", ""bejeweled"", ""dita von teese""]"
2026-06-23,UAtpbCEsJlA,"Bejeweled (Behind the Scenes with Jack Antonoff, HAIM & Pat McGrath)",2024-12-13T15:03:50Z,PT2M31S,750100,,50939,1285,10,none,public,processed,"[""taylor swift"", ""haim"", ""jack antonoff"", ""pat mcgrath""]"
2026-06-23,K-8dOw7yuPo,Bejeweled (Behind the Scenes with Laura Dern),2024-12-13T15:03:35Z,PT4M7S,725785,,56713,1319,10,none,public,processed,"[""taylor swift"", ""bejeweled"", ""Laura Dern""]"
2026-06-23,w04K8z_nfDI,"Fortnight (Behind the Scenes with Post Malone, Ethan Hawke & Josh Charles)",2024-12-13T15:03:06Z,PT3M49S,934442,,79899,4553,10,none,public,processed,[]
2026-06-23,AFzzgQ7uCw4,"I Can See You (From The Vault) (Behind the Scenes with Joey King, Taylor Lautner & Presley Cash)",2024-12-13T15:02:50Z,PT3M22S,768381,,72207,3159,10,none,public,processed,"[""taylor swift"", ""speak now taylors version"", ""joey king"", ""taylor lautner""]"
2026-06-23,ZwK7hrDC5UM,Karma (feat. Ice Spice) (Behind the Scenes),2024-12-13T15:02:32Z,PT3M14S,880699,,79139,3153,10,none,public,processed,"[""taylor swift"", ""karma"", ""behind the scenes""]"
2026-06-23,g_meC49cN5k,Back in the office… 😎 #MiamiTSTheErasTour,2024-10-18T14:20:25Z,PT18S,3922178,,249103,14514,10,none,public,processed,[]
2026-06-23,yj1_GJiJovg,"October 15, 2024",2024-10-15T12:33:56Z,PT31S,2241893,,187381,5899,10,none,public,processed,[]
2026-06-23,b6zPqm0lLQs,Taylor Swift - I Can Do It With A Broken Heart (Dombresky Remix),2024-09-13T04:00:26Z,PT3M11S,1038929,,46452,4681,10,none,public,processed,[]
2026-06-23,VCTze4UuC9g,✨ NOW PLAYING ✨ The “I Can Do It With A Broken Heart” Music Video 🤍,2024-08-20T22:15:57Z,PT38S,4998771,,304885,6949,10,none,public,processed,[]
2026-06-23,Sl6en1NPTYM,Taylor Swift - I Can Do It With A Broken Heart (Official Video),2024-08-20T22:00:07Z,PT3M43S,44605444,,987419,47100,10,none,public,processed,"[""taylor swift"", ""i can do it with a broken heart"", ""the tortured poets department""]"
2026-06-23,PQTA-EVc5DI,Taylor Swift - Fortnight (feat. Post Malone) (Cults Remix),2024-07-09T04:00:20Z,PT3M20S,1470497,,35881,5044,10,none,public,processed,"[""taylor swift"", ""fortnight"", ""taylor swift remix"", ""post malone remix""]"
2026-06-23,HZIg5sQrPAM,Taylor Swift - Fortnight (feat. Post Malone) (Acoustic),2024-07-09T04:00:14Z,PT3M49S,2691725,,88307,5060,10,none,public,processed,"[""taylor swift"", ""post malone"", ""taylor swift acoustic"", ""taylor swift ttpd"", ""ttpd acoustic""]"
2026-06-23,0GQ_QeZxdzo,Taylor Swift - Fortnight (feat. Post Malone) (Behind the Scenes),2024-06-21T13:00:00Z,PT3M40S,3807563,,172172,7497,10,none,public,processed,[]
2026-06-23,KJXP13hqf2I,Taylor Swift - Fortnight (feat Post Malone) (BLOND:ISH Remix),2024-05-22T00:00:43Z,PT3M42S,3060405,,75307,6449,10,none,public,processed,[]
2026-06-23,ZwlBxvnH-So,A fortnight since TTPD 🤍 brought to you by YouTube Shorts #ForAFortnightChallenge,2024-05-03T17:31:46Z,PT16S,32306141,,1376944,16090,10,none,public,processed,[]
2026-06-23,F0TUVujmtxY,A fortnight til Paris 🤍 Brought to you by YouTube Shorts #ForAFortnightChallenge,2024-04-25T21:58:39Z,PT16S,35958064,,1925184,20313,10,none,public,processed,[]
2026-06-23,AtDCWnV_Vzo,A fortnight making TTPD 🤍 Brought to you by YouTube Shorts #ForAFortnightChallenge,2024-04-22T20:30:56Z,PT16S,36385441,,1904100,19622,10,none,public,processed,[]
2026-06-23,BpkmUfv1I4Q,Taylor Swift - I Hate It Here (Official Lyric Video),2024-04-20T00:10:39Z,PT4M8S,8652564,,110014,5195,10,none,public,processed,"[""taylor swift i hate it here"", ""i hate it here taylor swift"", ""taylor swift"", ""taylor"", ""swift"", ""taylor swift ttpd"", ""tortured poets department"", ""new taylor swift"", ""taylor swift album"", ""ts ttpd"", ""ttpd anthology"", ""taylor swift tortured poets department""]"
2026-06-23,56TZ3B8Qxsk,Taylor Swift - The Black Dog (Official Lyric Video),2024-04-20T00:10:34Z,PT4M4S,11816992,,100404,2980,10,none,public,processed,"[""taylor swift"", ""taylor"", ""swift"", ""taylor swift ttpd"", ""tortured poets department"", ""new taylor swift"", ""taylor swift album"", ""ts ttpd"", ""ttpd anthology"", ""taylor swift tortured poets department""]"
2026-06-23,2hBLC7E8v3A,Share your “fortnight” recap with #ForAFortnightChallenge 🤍 brought to you by YouTube Shorts,2024-04-20T00:02:45Z,PT16S,125513926,,4499914,47156,10,none,public,processed,[]
2026-06-23,iMMUAd66vxo,Taylor Swift - The Alchemy (Official Lyric Video),2024-04-20T00:00:34Z,PT3M22S,19985418,,119543,2942,10,none,public,processed,"[""taylor swift"", ""taylor"", ""swift"", ""taylor swift ttpd"", ""tortured poets department"", ""new taylor swift"", ""taylor swift album"", ""ts ttpd"", ""ttpd anthology"", ""taylor swift tortured poets department"", ""taylor swift lyrics"", ""the tortured poets department""]"
2026-06-23,vOZFiX6hDXQ,Taylor Swift - Who’s Afraid of Little Old Me? (Official Lyric Video),2024-04-20T00:00:33Z,PT5M39S,33145292,,235593,7532,10,none,public,processed,"[""taylor swift"", ""taylor"", ""swift"", ""taylor swift ttpd"", ""tortured poets department"", ""new taylor swift"", ""taylor swift album"", ""ts ttpd"", ""ttpd anthology"", ""taylor swift tortured poets department"", ""taylor swift lyrics"", ""the tortured poets department""]"
2026-06-23,uEssK8o3jKg,Taylor Swift - Florida!!! (feat. Florence + The Machine) (Official Lyric Video),2024-04-20T00:00:31Z,PT3M40S,16188847,,121514,3713,10,none,public,processed,"[""taylor"", ""swift"", ""taylor swift ttpd"", ""tortured poets department"", ""new taylor swift"", ""taylor swift album"", ""ts ttpd"", ""ttpd anthology"", ""taylor swift tortured poets department"", ""taylor swift lyrics"", ""the tortured poets department""]"
2026-06-23,bAi80EylyXQ,Taylor Swift - The Bolter (Official Lyric Video),2024-04-20T00:00:26Z,PT4M3S,7721829,,62449,1621,10,none,public,processed,"[""taylor swift the bolter"", ""the bolter taylor swift"", ""the bolter lyrics"", ""taylor swift"", ""taylor"", ""swift"", ""taylor swift ttpd"", ""tortured poets department"", ""new taylor swift"", ""taylor swift album"", ""ts ttpd"", ""ttpd anthology"", ""taylor swift tortured poets department"", ""taylor swift lyrics"", ""taylor swift songs""]"
2026-06-23,iY6Qhlua8Zw,Taylor Swift - The Manuscript (Official Lyric Video),2024-04-20T00:00:26Z,PT3M49S,3119947,,46234,1268,10,none,public,processed,"[""taylor swift the manuscript"", ""the manuscript taylor swift"", ""taylor swift"", ""taylor"", ""swift"", ""taylor swift ttpd"", ""tortured poets department"", ""new taylor swift"", ""taylor swift album"", ""ts ttpd"", ""ttpd anthology"", ""taylor swift tortured poets department"", ""taylor swift lyrics"", ""the tortured poets department""]"
2026-06-23,_PsBoqNwYo4,Taylor Swift - The Prophecy (Official Lyric Video),2024-04-20T00:00:25Z,PT4M14S,20696652,,131506,3358,10,none,public,processed,"[""The Prophecy"", ""taylor swift the prophecy"", ""taylor swift"", ""taylor"", ""swift"", ""taylor swift ttpd"", ""tortured poets department"", ""new taylor swift"", ""taylor swift album"", ""ts ttpd"", ""ttpd anthology"", ""taylor swift tortured poets department""]"
2026-06-23,wRKXAAV6jh4,Taylor Swift - My Boy Only Breaks His Favorite Toys (Official Lyric Video),2024-04-20T00:00:25Z,PT3M29S,28024750,,156080,3610,10,none,public,processed,"[""taylor swift"", ""taylor"", ""swift"", ""taylor swift ttpd"", ""tortured poets department"", ""new taylor swift"", ""taylor swift album"", ""ts ttpd"", ""ttpd anthology"", ""taylor swift tortured poets department"", ""taylor swift lyrics"", ""the tortured poets department""]"
2026-06-23,RQMz4JDbtmI,Taylor Swift - The Tortured Poets Department (Official Lyric Video),2024-04-20T00:00:24Z,PT4M58S,19530404,,167733,5606,10,none,public,processed,"[""taylor swift"", ""taylor"", ""swift"", ""taylor swift ttpd"", ""tortured poets department"", ""new taylor swift"", ""taylor swift album"", ""ts ttpd"", ""ttpd anthology"", ""taylor swift tortured poets department"", ""taylor swift lyrics"", ""the tortured poets department""]"
2026-06-23,w-FkV0EM_CU,Taylor Swift -  So High School (Official Lyric Video),2024-04-20T00:00:23Z,PT3M55S,29157118,,185250,5502,10,none,public,processed,"[""taylor swift so high school"", ""so high school"", ""taylor swift"", ""taylor"", ""swift"", ""taylor swift ttpd"", ""tortured poets department"", ""new taylor swift"", ""taylor swift album"", ""ts ttpd"", ""ttpd anthology"", ""taylor swift tortured poets department""]"
2026-06-23,oaBJlKXBvjk,Taylor Swift - thanK you aIMee (Official Lyric Video),2024-04-20T00:00:20Z,PT4M30S,6513967,,80222,4064,10,none,public,processed,"[""taylor swift"", ""taylor"", ""swift"", ""taylor swift ttpd"", ""tortured poets department"", ""new taylor swift"", ""taylor swift album"", ""ts ttpd"", ""ttpd anthology"", ""taylor swift tortured poets department"", ""thanK you aIMee"", ""taylor swift thanK you aIMee""]"
2026-06-23,gOtOWeD9YJk,Taylor Swift - Chloe or Sam or Sophia or Marcus (Official Lyric Video),2024-04-20T00:00:18Z,PT3M39S,7219377,,60680,1740,10,none,public,processed,"[""taylor swift"", ""taylor"", ""swift"", ""taylor swift ttpd"", ""tortured poets department"", ""new taylor swift"", ""taylor swift album"", ""ts ttpd"", ""ttpd anthology"", ""taylor swift tortured poets department"", ""Chloe or Sam or Sophia or Marcus""]"
2026-06-23,fcVUbmdQfaE,Taylor Swift - Clara Bow (Official Lyric Video),2024-04-20T00:00:17Z,PT3M42S,7285380,,60148,1610,10,none,public,processed,"[""taylor swift"", ""taylor"", ""swift"", ""taylor swift ttpd"", ""tortured poets department"", ""new taylor swift"", ""taylor swift album"", ""ts ttpd"", ""ttpd anthology"", ""taylor swift tortured poets department"", ""taylor swift lyrics"", ""the tortured poets department""]"
2026-06-23,i8_w_m6HLJ0,Taylor Swift - I Can Do It With a Broken Heart (Official Lyric Video),2024-04-20T00:00:17Z,PT3M43S,35618987,,322754,7397,10,none,public,processed,"[""taylor swift"", ""taylor"", ""swift"", ""taylor swift ttpd"", ""tortured poets department"", ""new taylor swift"", ""taylor swift album"", ""ts ttpd"", ""ttpd anthology"", ""taylor swift tortured poets department"", ""taylor swift lyrics"", ""the tortured poets department""]"
2026-06-23,OKWfv-x2rdU,Taylor Swift - I Can Fix Him (No Really I Can) (Official Lyric Video),2024-04-20T00:00:16Z,PT2M41S,6807757,,53149,1254,10,none,public,processed,"[""taylor swift"", ""taylor"", ""swift"", ""taylor swift ttpd"", ""tortured poets department"", ""new taylor swift"", ""taylor swift album"", ""ts ttpd"", ""ttpd anthology"", ""taylor swift tortured poets department"", ""taylor swift lyrics"", ""the tortured poets department""]"
2026-06-23,OOYlWF6V8t8,Taylor Swift - Guilty as Sin (Official Lyric Video),2024-04-20T00:00:15Z,PT4M19S,64711637,,228853,4634,10,none,public,processed,"[""taylor swift"", ""taylor"", ""swift"", ""taylor swift ttpd"", ""tortured poets department"", ""new taylor swift"", ""taylor swift album"", ""ts ttpd"", ""ttpd anthology"", ""taylor swift tortured poets department"", ""taylor swift lyrics"", ""the tortured poets department""]"
2026-06-23,Mxxswu7V1Us,Taylor Swift - Peter (Official Lyric Video),2024-04-20T00:00:14Z,PT4M50S,12032140,,89604,3163,10,none,public,processed,"[""taylor swift peter"", ""peter taylor swift"", ""peter taylor swift lyrics"", ""taylor swift"", ""taylor"", ""swift"", ""taylor swift ttpd"", ""tortured poets department"", ""new taylor swift"", ""taylor swift album"", ""ts ttpd"", ""ttpd anthology"", ""taylor swift tortured poets department"", ""taylor swift lyrics""]"
2026-06-23,EVbtjaWXQVg,Taylor Swift - Down Bad (Official Lyric Video),2024-04-20T00:00:12Z,PT4M26S,37819617,,190933,4574,10,none,public,processed,[]
2026-06-23,FQyEZZPbOb0,Taylor Swift - Robin (Official Lyric Video),2024-04-20T00:00:12Z,PT4M6S,2360707,,35884,1288,10,none,public,processed,"[""robin taylor swift"", ""taylor swift robin"", ""taylor swift"", ""taylor"", ""swift"", ""taylor swift ttpd"", ""tortured poets department"", ""new taylor swift"", ""taylor swift album"", ""ts ttpd"", ""ttpd anthology"", ""taylor swift tortured poets department"", ""taylor swift lyrics""]"
2026-06-23,SBGdvxi2JmU,Taylor Swift - imgonnagetyouback (Official Lyric Video),2024-04-20T00:00:12Z,PT3M45S,16356698,,92332,2786,10,none,public,processed,"[""imgonnagetyouback"", ""taylor swift"", ""taylor"", ""swift"", ""taylor swift ttpd"", ""tortured poets department"", ""new taylor swift"", ""taylor swift album"", ""ts ttpd"", ""ttpd anthology"", ""taylor swift tortured poets department""]"
2026-06-23,GZ4vaTRn0HU,Taylor Swift - loml (Official Lyric Video),2024-04-20T00:00:11Z,PT4M42S,32968019,,173579,4459,10,none,public,processed,"[""taylor swift"", ""taylor"", ""swift"", ""taylor swift ttpd"", ""tortured poets department"", ""new taylor swift"", ""taylor swift album"", ""ts ttpd"", ""ttpd anthology"", ""taylor swift tortured poets department"", ""taylor swift lyrics"", ""the tortured poets department""]"
2026-06-23,U2W173hRfyA,Taylor Swift - But Daddy I Love Him (Official Lyric Video),2024-04-20T00:00:11Z,PT5M45S,26554149,,171316,4863,10,none,public,processed,"[""taylor swift"", ""taylor"", ""swift"", ""taylor swift ttpd"", ""tortured poets department"", ""new taylor swift"", ""taylor swift album"", ""ts ttpd"", ""ttpd anthology"", ""taylor swift tortured poets department"", ""taylor swift lyrics"", ""the tortured poets department""]"
2026-06-23,O3wlMR0y4a4,Taylor Swift - How Did It End? (Official Lyric Video),2024-04-20T00:00:10Z,PT4M3S,11320369,,83372,2296,10,none,public,processed,"[""How Did It End?"", ""taylor swift how it end?"", ""taylor swift"", ""taylor"", ""swift"", ""taylor swift ttpd"", ""tortured poets department"", ""new taylor swift"", ""taylor swift album"", ""ts ttpd"", ""ttpd anthology"", ""taylor swift tortured poets department""]"
2026-06-23,Atdzfj8LcuY,Taylor Swift - The Smallest Man Who Ever Lived (Official Lyric Video),2024-04-20T00:00:09Z,PT4M10S,19903403,,122796,3873,10,none,public,processed,"[""taylor swift"", ""taylor"", ""swift"", ""taylor swift ttpd"", ""tortured poets department"", ""new taylor swift"", ""taylor swift album"", ""ts ttpd"", ""ttpd anthology"", ""taylor swift tortured poets department"", ""taylor swift lyrics"", ""the tortured poets department""]"
2026-06-23,CCUr2pNJft4,"Taylor Swift - So Long, London (Official Lyric Video)",2024-04-20T00:00:07Z,PT4M28S,26569572,,169512,4300,10,none,public,processed,"[""taylor swift"", ""taylor"", ""swift"", ""taylor swift ttpd"", ""tortured poets department"", ""new taylor swift"", ""taylor swift album"", ""ts ttpd"", ""ttpd anthology"", ""taylor swift tortured poets department"", ""taylor swift lyrics"", ""the tortured poets department""]"
2026-06-23,HzsQHfBA3MY,Taylor Swift - Fortnight (feat Post Malone) (Official Lyric Video),2024-04-20T00:00:07Z,PT3M54S,4092409,,49083,1008,10,none,public,processed,[]
2026-06-23,q3zqJs7JUCQ,Taylor Swift - Fortnight (feat. Post Malone) (Official Music Video),2024-04-20T00:00:06Z,PT4M10S,176394645,,2151841,105622,10,none,public,processed,"[""Taylor swift"", ""taylor"", ""swift"", ""taylor swift ttpd"", ""tortured poets department"", ""new taylor swift"", ""taylor swift album"", ""ttpd anthology"", ""taylor swift fortnight"", ""fortnite taylor swift"", ""taylor swift"", ""taylor swift fortnight music video"", ""taylor swift fortnight postmalone"", ""fortnight taylor swift post malone"", ""fortnight taylor swift music video"", ""fortnite music video"", ""fortnite taylor swift post malone"", ""taylor swift for a fortnight"", ""taylor swift the tortured poets department"", ""taylor fortnight""]"
2026-06-23,4wOsiM2T_xc,Taylor Swift - The Albatross (Official Lyric Video),2024-04-20T00:00:03Z,PT3M9S,5206170,,49906,1139,10,none,public,processed,"[""The Albatross"", ""taylor swift the albatross"", ""taylor swift"", ""taylor"", ""swift"", ""taylor swift ttpd"", ""tortured poets department"", ""new taylor swift"", ""taylor swift album"", ""ts ttpd"", ""ttpd anthology"", ""taylor swift tortured poets department""]"
2026-06-23,6HIA7ouBfGY,Taylor Swift - I Look in People's Windows (Official Lyric Video),2024-04-20T00:00:02Z,PT2M18S,4186826,,47267,1235,10,none,public,processed,"[""I Look in People's Windows"", ""taylor swift i look in people's windows""]"
2026-06-23,0EKbEP2L32M,Taylor Swift - Fresh Out The Slammer (Official Lyric Video),2024-04-20T00:00:00Z,PT3M36S,13954873,,96796,2630,10,none,public,processed,[]
2026-06-23,0hYY86DmqPY,Taylor Swift - Cassandra (Official Lyric Video),2024-04-20T00:00:00Z,PT4M6S,3845231,,53348,2075,10,none,public,processed,"[""Cassandra"", ""taylor swift cassandra"", ""taylor swift"", ""taylor"", ""swift"", ""taylor swift ttpd"", ""tortured poets department"", ""new taylor swift"", ""taylor swift album"", ""ts ttpd"", ""ttpd anthology"", ""taylor swift tortured poets department""]"
2026-06-23,GhXsnvmUQrg,Entering the Phantom Clear TTPD vinyl into evidence. Available exclusively at Target now,2024-04-19T23:00:42Z,PT31S,2308206,,237824,3177,10,none,public,processed,[]
2026-06-23,b7kmP1fsGg8,Taylor Swift - Fortnight (feat. Post Malone),2024-04-19T04:00:32Z,PT3M49S,31121398,,443560,29126,10,none,public,processed,"[""taylorswift"", ""postmalone"", ""fortnight"", ""thetorturedpoetsdepartment""]"
2026-06-23,QBllgPHa8aQ,A message for the department 🤍#ForAFortnightChallenge coming soon to YouTube Shorts,2024-04-19T03:23:41Z,PT29S,1936848,,157566,1937,10,none,public,processed,[]
2026-06-23,7yRXgL7SaV0,Album tonight. Fortnight music video tomorrow at 8pm et.,2024-04-19T00:02:59Z,PT6S,3346349,,264204,4932,10,none,public,processed,[]
2026-06-23,RlDSGLHcZy0,The TTPD Timetable,2024-04-17T00:04:53Z,PT26S,1933663,,203247,3914,10,none,public,processed,[]
2026-06-23,ilkvTXfv2TY,accidentally going clubbing with your parents is something everyone should try at least once,2024-02-13T02:57:11Z,PT18S,4632167,,320100,7190,10,none,public,processed,[]
2026-06-23,pQq9eP5OFhw,Taylor Swift - You're Losing Me (From The Vault),2023-11-29T13:00:47Z,PT4M39S,36901305,,393937,21044,10,none,public,processed,"[""you're losing me"", ""taylor swift"", ""midnights""]"
2026-06-23,zz9YgUoisOA,"Rent on demand starting … you guessed it, December 13 🫶💋",2023-11-27T20:21:45Z,PT1M1S,4746322,,325981,13541,10,none,public,processed,[]
2026-06-23,vaRGgiGfsw4,✨🫶 My name is Taylor and I was born in 1989 🫶✨,2023-10-31T20:08:57Z,PT19S,3341523,,291739,8076,10,none,public,processed,[]
2026-06-23,tNxUxm3-658,Taylor Swift - Is It Over Now? (Taylor's Version) (From The Vault) (Lyric Video),2023-10-27T04:00:36Z,PT3M55S,35344031,,294616,8374,10,none,public,processed,"[""Taylor"", ""Swift"", ""Over"", ""Now?"", ""(Taylor's"", ""Version)"", ""(From"", ""The"", ""Vault)"", ""(Lyric"", ""Video)"", ""Pop"", ""Taylor swift"", ""taylor"", ""swift"", ""taylor swift 1989"", ""taylors version"", ""taylor swift music"", ""new taylor swift music"", ""1989"", ""taylor swift from the vault"", ""taylor swift vault songs"", ""1989 taylor’s version from the vault"", ""1989 from the vault""]"
2026-06-23,yF4ulRTCn44,Taylor Swift - Now That We Don't Talk (Taylor's Version) (From The Vault) (Lyric Video),2023-10-27T04:00:36Z,PT2M32S,22516179,,214033,5547,10,none,public,processed,"[""Taylor"", ""Swift"", ""Now"", ""That"", ""Don't"", ""Talk"", ""(Taylor's"", ""Version)"", ""(From"", ""The"", ""Vault)"", ""(Lyric"", ""Video)"", ""Pop"", ""Taylor swift"", ""taylor"", ""swift"", ""taylor swift 1989"", ""taylors version"", ""taylor swift music"", ""new taylor swift music"", ""1989"", ""taylor swift from the vault"", ""taylor swift vault songs"", ""1989 taylor’s version from the vault"", ""1989 from the vault""]"
2026-06-23,vtW_4j7SsZk,Taylor Swift - Wildest Dreams (Taylor's Version) (Lyric Video),2023-10-27T04:00:35Z,PT3M46S,19488368,,206341,3691,10,none,public,processed,"[""Taylor"", ""Swift"", ""Wildest"", ""Dreams"", ""(Taylor's"", ""Version)"", ""(Lyric"", ""Video)"", ""Pop"", ""Taylor swift"", ""taylor"", ""swift"", ""taylor swift 1989"", ""taylors version"", ""taylor swift music"", ""new taylor swift music"", ""1989"", ""taylor swift from the vault"", ""taylor swift vault songs"", ""1989 taylor’s version from the vault"", ""1989 from the vault""]"
2026-06-23,lUvBk4owRNU,Taylor Swift - Bad Blood (Taylor's Version) (Lyric Video),2023-10-27T04:00:34Z,PT3M37S,13664599,,192539,5482,10,none,public,processed,"[""Taylor"", ""Swift"", ""Bad"", ""Blood"", ""(Taylor's"", ""Version)"", ""(Lyric"", ""Video)"", ""Pop"", ""Taylor swift"", ""taylor"", ""swift"", ""taylor swift 1989"", ""taylors version"", ""taylor swift music"", ""new taylor swift music"", ""1989"", ""taylor swift from the vault"", ""taylor swift vault songs"", ""1989 taylor’s version from the vault"", ""1989 from the vault""]"
2026-06-23,rnwD7veCoFQ,Taylor Swift - How You Get The Girl (Taylor's Version) (Lyric Video),2023-10-27T04:00:34Z,PT4M13S,8786024,,109685,2276,10,none,public,processed,"[""Taylor"", ""Swift"", ""How"", ""You"", ""Get"", ""The"", ""Girl"", ""(Taylor's"", ""Version)"", ""(Lyric"", ""Video)"", ""Pop"", ""Taylor swift"", ""taylor"", ""swift"", ""taylor swift 1989"", ""taylors version"", ""taylor swift music"", ""new taylor swift music"", ""1989"", ""taylor swift from the vault"", ""taylor swift vault songs"", ""1989 taylor’s version from the vault"", ""1989 from the vault""]"
2026-06-23,gp1MR2WAAXY,Taylor Swift - Out Of The Woods (Taylor's Version) (Lyric Video),2023-10-27T04:00:33Z,PT4M2S,12979294,,160466,3926,10,none,public,processed,"[""Taylor"", ""Swift"", ""Out"", ""The"", ""Woods"", ""(Taylor's"", ""Version)"", ""(Lyric"", ""Video)"", ""Pop"", ""Taylor swift"", ""taylor"", ""swift"", ""taylor swift 1989"", ""taylors version"", ""taylor swift music"", ""new taylor swift music"", ""1989"", ""taylor swift from the vault"", ""taylor swift vault songs"", ""1989 taylor’s version from the vault"", ""1989 from the vault""]"
2026-06-23,gir8BEqAutk,Taylor Swift - Blank Space (Taylor's Version) (Lyric Video),2023-10-27T04:00:32Z,PT3M57S,26775418,,337624,7751,10,none,public,processed,"[""Taylor"", ""Swift"", ""Blank"", ""Space"", ""(Taylor's"", ""Version)"", ""(Lyric"", ""Video)"", ""Pop"", ""Taylor swift"", ""taylor"", ""swift"", ""taylor swift 1989"", ""taylors version"", ""taylor swift music"", ""new taylor swift music"", ""1989"", ""taylor swift from the vault"", ""taylor swift vault songs"", ""1989 taylor’s version from the vault"", ""1989 from the vault""]"
2026-06-23,mvVBuG4IOW4,Taylor Swift - Shake It Off (Taylor's Version) (Lyric Video),2023-10-27T04:00:32Z,PT3M45S,31013379,,256623,5743,10,none,public,processed,"[""Taylor"", ""Swift"", ""Shake"", ""Off"", ""(Taylor's"", ""Version)"", ""(Lyric"", ""Video)"", ""Pop"", ""Taylor swift"", ""taylor"", ""swift"", ""taylor swift 1989"", ""taylors version"", ""taylor swift music"", ""new taylor swift music"", ""1989"", ""taylor swift from the vault"", ""taylor swift vault songs"", ""1989 taylor’s version from the vault"", ""1989 from the vault""]"
2026-06-23,qrxsceexTBw,"Taylor Swift - ""Slut!"" (Taylor's Version) (From The Vault) (Lyric Video)",2023-10-27T04:00:30Z,PT3M6S,17093875,,284724,5857,10,none,public,processed,"[""Taylor"", ""Swift"", ""Slut!"", ""(Taylor's"", ""Version)"", ""(From"", ""The"", ""Vault)"", ""(Lyric"", ""Video)"", ""Pop"", ""Taylor swift"", ""taylor"", ""swift"", ""taylor swift 1989"", ""taylors version"", ""taylor swift music"", ""new taylor swift music"", ""1989"", ""taylor swift from the vault"", ""taylor swift vault songs"", ""1989 taylor’s version from the vault"", ""1989 from the vault""]"
2026-06-23,_Usd5X5XJXM,Taylor Swift - All You Had To Do Was Stay (Taylor's Version) (Lyric Video),2023-10-27T04:00:20Z,PT3M19S,9911222,,99403,1918,10,none,public,processed,"[""Taylor"", ""Swift"", ""All"", ""You"", ""Had"", ""Was"", ""Stay"", ""(Taylor's"", ""Version)"", ""(Lyric"", ""Video)"", ""Pop"", ""Taylor swift"", ""taylor"", ""swift"", ""taylor swift 1989"", ""taylors version"", ""taylor swift music"", ""new taylor swift music"", ""1989"", ""taylor swift from the vault"", ""taylor swift vault songs"", ""1989 taylor’s version from the vault"", ""1989 from the vault""]"
2026-06-23,ZGBPKYbzSXs,Taylor Swift - Suburban Legends (Taylor's Version) (From The Vault) (Lyric Video),2023-10-27T04:00:19Z,PT2M57S,6413373,,95981,2424,10,none,public,processed,"[""Taylor"", ""Swift"", ""Suburban"", ""Legends"", ""(Taylor's"", ""Version)"", ""(From"", ""The"", ""Vault)"", ""(Lyric"", ""Video)"", ""Pop"", ""Taylor swift"", ""taylor"", ""swift"", ""taylor swift 1989"", ""taylors version"", ""taylor swift music"", ""new taylor swift music"", ""1989"", ""taylor swift from the vault"", ""taylor swift vault songs"", ""1989 taylor’s version from the vault"", ""1989 from the vault""]"
2026-06-23,FsGdznlfE2U,Taylor Swift - Welcome To New York (Taylor's Version) (Lyric Video),2023-10-27T04:00:16Z,PT3M38S,26210724,,259500,8762,10,none,public,processed,"[""Taylor"", ""Swift"", ""Welcome"", ""New"", ""York"", ""(Taylor's"", ""Version)"", ""(Lyric"", ""Video)"", ""Pop"", ""Taylor swift"", ""taylor"", ""swift"", ""taylor swift 1989"", ""taylors version"", ""taylor swift music"", ""new taylor swift music"", ""1989"", ""taylor swift from the vault"", ""taylor swift vault songs"", ""1989 taylor’s version from the vault"", ""1989 from the vault""]"
2026-06-23,AppsjTInqiw,Taylor Swift - Clean (Taylor's Version) (Lyric Video),2023-10-27T04:00:10Z,PT4M37S,16488402,,176483,4370,10,none,public,processed,"[""Taylor"", ""Swift"", ""Clean"", ""(Taylor's"", ""Version)"", ""(Lyric"", ""Video)"", ""Pop"", ""Taylor swift"", ""taylor swift 1989"", ""taylors version"", ""taylor swift music"", ""new taylor swift music"", ""1989"", ""taylor swift from the vault"", ""taylor swift vault songs"", ""1989 taylor’s version from the vault"", ""1989 from the vault""]"
2026-06-23,M7ySK0keirY,Taylor Swift - You Are In Love (Taylor's Version) (Lyric Video),2023-10-27T04:00:09Z,PT4M33S,12152251,,131277,3503,10,none,public,processed,"[""Taylor"", ""Swift"", ""You"", ""Are"", ""Love"", ""(Taylor's"", ""Version)"", ""(Lyric"", ""Video)"", ""Pop"", ""Taylor swift"", ""taylor"", ""swift"", ""taylor swift 1989"", ""taylors version"", ""taylor swift music"", ""new taylor swift music"", ""1989"", ""taylor swift from the vault"", ""taylor swift vault songs"", ""1989 taylor’s version from the vault"", ""1989 from the vault""]"
2026-06-23,JhICcmiIE80,Taylor Swift - Wonderland (Taylor's Version) (Lyric Video),2023-10-27T04:00:08Z,PT4M11S,7571502,,109221,2551,10,none,public,processed,"[""Taylor"", ""Swift"", ""Wonderland"", ""(Taylor's"", ""Version)"", ""(Lyric"", ""Video)"", ""Pop"", ""Taylor swift"", ""taylor"", ""swift"", ""taylor swift 1989"", ""taylors version"", ""taylor swift music"", ""new taylor swift music"", ""1989"", ""taylor swift from the vault"", ""taylor swift vault songs"", ""1989 taylor’s version from the vault"", ""1989 from the vault""]"
2026-06-23,C-z-IckrQK8,Taylor Swift - Say Don't Go (Taylor's Version) (From The Vault) (Lyric Video),2023-10-27T04:00:06Z,PT4M46S,18857960,,186596,4723,10,none,public,processed,"[""Taylor"", ""Swift"", ""Taylor swift"", ""taylor"", ""swift"", ""taylor swift 1989"", ""taylors version"", ""taylor swift music"", ""new taylor swift music"", ""1989"", ""taylor swift from the vault"", ""taylor swift vault songs"", ""1989 taylor’s version from the vault"", ""1989 from the vault"", ""say don't go"", ""taylor swift say don't go"", ""say don't go taylor's version""]"
2026-06-23,89aQIli8aVU,Taylor Swift - I Wish You Would (Taylor's Version) (Lyric Video),2023-10-27T04:00:03Z,PT3M33S,6152569,,82634,1651,10,none,public,processed,"[""Taylor"", ""Swift"", ""Wish"", ""You"", ""Would"", ""(Taylor's"", ""Version)"", ""(Lyric"", ""Video)"", ""Pop"", ""Taylor swift"", ""taylor"", ""swift"", ""taylor swift 1989"", ""taylors version"", ""taylor swift music"", ""new taylor swift music"", ""1989"", ""taylor swift from the vault"", ""taylor swift vault songs"", ""1989 taylor’s version from the vault"", ""1989 from the vault""]"
2026-06-23,2JgvVfOfoWI,Taylor Swift - Style (Taylor's Version) (Lyric Video),2023-10-27T04:00:02Z,PT3M56S,37600807,,371785,9833,10,none,public,processed,"[""Taylor"", ""Swift"", ""Style"", ""Pop"", ""Taylor swift"", ""taylor swift 1989"", ""taylors version"", ""taylor swift music"", ""new taylor swift music"", ""1989"", ""taylor swift from the vault"", ""taylor swift vault songs"", ""1989 taylor’s version from the vault"", ""1989 from the vault"", ""taylor swift style"", ""taylor swift style lyrics"", ""style taylor swift lyric video""]"
2026-06-23,3-BcH7KowGE,Taylor Swift - New Romantics (Taylor's Version) (Lyric Video),2023-10-27T04:00:01Z,PT3M56S,11932917,,160167,5417,10,none,public,processed,"[""Taylor"", ""Swift"", ""New"", ""Romantics"", ""(Taylor's"", ""Version)"", ""(Lyric"", ""Video)"", ""Pop"", ""Taylor swift"", ""taylor"", ""swift"", ""taylor swift 1989"", ""taylors version"", ""taylor swift music"", ""new taylor swift music"", ""1989"", ""taylor swift from the vault"", ""taylor swift vault songs"", ""1989 taylor’s version from the vault"", ""1989 from the vault""]"
2026-06-23,0jTGzm-6cYE,Taylor Swift - I Know Places (Taylor's Version) (Lyric Video),2023-10-27T04:00:00Z,PT3M21S,7884988,,117588,3267,10,none,public,processed,"[""Taylor"", ""Swift"", ""Know"", ""Places"", ""(Taylor's"", ""Version)"", ""(Lyric"", ""Video)"", ""Pop"", ""Taylor swift"", ""taylor"", ""swift"", ""taylor swift 1989"", ""taylors version"", ""taylor swift music"", ""new taylor swift music"", ""1989"", ""taylor swift from the vault"", ""taylor swift vault songs"", ""1989 taylor’s version from the vault"", ""1989 from the vault""]"
2026-06-23,xB-RZqcoIgo,Taylor Swift - Cruel Summer (Live from Taylor Swift | The Eras Tour),2023-10-19T00:30:25Z,PT3M55S,5261746,,237182,12052,10,none,public,processed,"[""cruel summer lyrics"", ""cruel summer taylor swift"", ""taylor swift cruel summer""]"
2026-06-23,GBb8vC0DeXY,Taylor Swift - Cruel Summer (LP Giobbi Remix),2023-10-19T00:30:06Z,PT3M19S,1204926,,60135,3748,10,none,public,processed,"[""taylor swift - cruel summer lyrics"", ""cruel summer"", ""taylor swift cruel summer""]"
2026-06-23,KzNLM4nmRak,The Eras Tour concert film is now officially coming to theaters WORLDWIDE on Oct 13! 🩵,2023-09-26T11:58:51Z,PT31S,2714007,,250225,6098,10,none,public,processed,[]
2026-06-23,US0OipWyYro,"Thank you for making these reveals so much chaotic fun (which is the best kind of fun, after all 😜)",2023-09-20T22:13:54Z,PT29S,2126496,,185324,2891,10,none,public,processed,[]
2026-06-23,KudedLV0tP0,TAYLOR SWIFT | THE ERAS TOUR Concert Film Official Trailer,2023-08-31T12:17:49Z,PT1M30S,15406098,,435742,20202,10,none,public,processed,"[""the eras tour"", ""taylor swift"", ""eras tour"", ""taylor swift live"", ""the eras tour stream"", ""taylor swift concert"", ""taylor swift tour"", ""cruel summer""]"
2026-06-23,0FZULHCZKBc,Pre order 1989 (Taylor’s Version) now on my site 🩵😎🩵,2023-08-10T06:26:11Z,PT16S,2697541,,222717,5330,10,none,public,processed,[]
2026-06-23,okPrv0o_7GQ,Summer forecast: Cruel. 😎,2023-07-21T18:56:15Z,PT26S,6086910,,343850,7105,10,none,public,processed,[]
2026-06-23,lVkKLf4DCn8,Taylor Swift - I Can See You (Taylor’s Version) (From The Vault) (Official Video),2023-07-08T04:58:11Z,PT5M7S,48512908,,1286879,46488,10,none,public,processed,"[""taylor swift"", ""taylor"", ""swift"", ""speak now taylors version"", ""taylor’s version"", ""speak now TV"", ""speak now taylor’s version"", ""speak now from the vault"", ""speak now vault songs"", ""speak now recrecording"", ""new taylor swift"", ""taylor swift album"", ""taylor swift speak now"", ""taylor speak now"", ""can see you""]"
2026-06-23,vO6JqQpJboY,Taylor Swift - Innocent (Taylor's Version) (Lyric Video),2023-07-07T04:00:35Z,PT5M5S,4726076,,93643,2707,10,none,public,processed,"[""Taylor"", ""Swift"", ""Innocent"", ""(Taylor's"", ""Version)"", ""(Lyric"", ""Video)"", ""Re-record"", ""Country""]"
2026-06-23,maEVfpxDB8k,Taylor Swift - Never Grow Up (Taylor's Version) (Lyric Video),2023-07-07T04:00:33Z,PT4M57S,6232400,,111023,3781,10,none,public,processed,"[""taylor swift"", ""taylor"", ""swift"", ""speak now taylors version"", ""taylor’s version"", ""speak now TV"", ""speak now taylor’s version"", ""speak now from the vault"", ""speak now vault songs"", ""speak now recrecording"", ""new taylor swift"", ""taylor swift album"", ""taylor swift speak now"", ""taylor speak now""]"
2026-06-23,idWma942CUI,Taylor Swift - Last Kiss (Taylor's Version) (Lyric Video),2023-07-07T04:00:32Z,PT6M13S,14480103,,139522,3886,10,none,public,processed,"[""Taylor"", ""Swift"", ""Last"", ""Kiss"", ""(Taylor's"", ""Version)"", ""(Lyric"", ""Video)"", ""Re-record"", ""Country""]"
2026-06-23,oxNLRqMJMZk,Taylor Swift - Mine (Taylor's Version) (Lyric Video),2023-07-07T04:00:32Z,PT3M56S,28433115,,242946,4766,10,none,public,processed,"[""taylor swift"", ""taylor"", ""swift"", ""speak now taylors version"", ""taylor’s version"", ""speak now TV"", ""speak now taylor’s version"", ""speak now from the vault"", ""speak now vault songs"", ""speak now recrecording"", ""new taylor swift"", ""taylor swift album"", ""taylor swift speak now"", ""taylor speak now""]"
2026-06-23,hMPK2vNXr-E,Electric Touch (Taylor’s Version) (From The Vault) (Lyric Video),2023-07-07T04:00:31Z,PT4M31S,5532615,,107945,3051,10,none,public,processed,"[""taylor swift"", ""taylor"", ""swift"", ""speak now taylors version"", ""taylor’s version"", ""speak now TV"", ""speak now taylor’s version"", ""speak now from the vault"", ""speak now vault songs"", ""speak now recrecording"", ""new taylor swift"", ""taylor swift album"", ""taylor swift speak now"", ""taylor speak now""]"
2026-06-23,qc2Z-OX9wnc,Taylor Swift - Back To December (Taylor's Version) (Lyric Video),2023-07-07T04:00:28Z,PT4M58S,52504072,,349892,8940,10,none,public,processed,"[""taylor swift"", ""taylor"", ""swift"", ""speak now taylors version"", ""taylor’s version"", ""speak now TV"", ""speak now taylor’s version"", ""speak now from the vault"", ""speak now vault songs"", ""speak now recrecording"", ""new taylor swift"", ""taylor swift album"", ""taylor swift speak now"", ""taylor speak now""]"
2026-06-23,osmzwWw4RYM,Taylor Swift - Timeless (Taylor’s Version) (From The Vault) (Lyric Video),2023-07-07T04:00:27Z,PT5M25S,11272499,,163568,4641,10,none,public,processed,"[""taylor swift"", ""taylor"", ""swift"", ""speak now taylors version"", ""taylor’s version"", ""speak now TV"", ""speak now taylor’s version"", ""speak now from the vault"", ""speak now vault songs"", ""speak now recrecording"", ""new taylor swift"", ""taylor swift album"", ""taylor swift speak now"", ""taylor speak now""]"
2026-06-23,UlFrV5GJA_4,Taylor Swift - Sparks Fly (Taylor's Version) (Lyric Video),2023-07-07T04:00:25Z,PT4M24S,21380639,,183907,3507,10,none,public,processed,"[""taylor swift"", ""taylor"", ""swift"", ""speak now taylors version"", ""taylor’s version"", ""speak now TV"", ""speak now taylor’s version"", ""speak now from the vault"", ""speak now vault songs"", ""speak now recrecording"", ""new taylor swift"", ""taylor swift album"", ""taylor swift speak now"", ""taylor speak now""]"
2026-06-23,pRhWAXg4xek,Taylor Swift - The Story Of Us (Taylor's Version) (Lyric Video),2023-07-07T04:00:23Z,PT4M32S,15540394,,145579,2862,10,none,public,processed,"[""taylor swift"", ""taylor"", ""swift"", ""speak now taylors version"", ""taylor’s version"", ""speak now TV"", ""speak now taylor’s version"", ""speak now from the vault"", ""speak now vault songs"", ""speak now recrecording"", ""new taylor swift"", ""taylor swift album"", ""taylor swift speak now"", ""taylor speak now""]"
2026-06-23,igIfiqqVHtA,Taylor Swift - Enchanted (Taylor's Version) (Lyric Video),2023-07-07T04:00:21Z,PT5M57S,98674047,,827591,18306,10,none,public,processed,"[""taylor swift"", ""taylor"", ""swift"", ""speak now taylors version"", ""taylor’s version"", ""speak now TV"", ""speak now taylor’s version"", ""speak now from the vault"", ""speak now vault songs"", ""speak now recrecording"", ""new taylor swift"", ""taylor swift album"", ""taylor swift speak now"", ""taylor speak now""]"
2026-06-23,jOD86iMAEY0,Taylor Swift - I Can See You (Taylor’s Version) (From The Vault) (Lyric Video),2023-07-07T04:00:21Z,PT4M37S,6009701,,119405,3785,10,none,public,processed,"[""taylor swift"", ""taylor"", ""swift"", ""speak now taylors version"", ""taylor’s version"", ""speak now TV"", ""speak now taylor’s version"", ""speak now from the vault"", ""speak now vault songs"", ""speak now recrecording"", ""new taylor swift"", ""taylor swift album"", ""taylor swift speak now"", ""taylor speak now""]"
2026-06-23,V80A8qN4fR8,Castles Crumbling (Taylor’s Version) (From The Vault) (Lyric Video),2023-07-07T04:00:19Z,PT5M10S,6092165,,110213,3453,10,none,public,processed,"[""taylor swift"", ""taylor"", ""swift"", ""speak now taylors version"", ""taylor’s version"", ""speak now TV"", ""speak now taylor’s version"", ""speak now from the vault"", ""speak now vault songs"", ""speak now recrecording"", ""new taylor swift"", ""taylor swift album"", ""taylor swift speak now"", ""taylor speak now""]"
2026-06-23,IYqgVYjN3Go,Taylor Swift - When Emma Falls in Love (Taylor’s Version) (Lyric Video),2023-07-07T04:00:15Z,PT4M17S,5053416,,99125,3133,10,none,public,processed,"[""taylor swift"", ""taylor"", ""swift"", ""speak now taylors version"", ""taylor’s version"", ""speak now TV"", ""speak now taylor’s version"", ""speak now from the vault"", ""speak now vault songs"", ""speak now recrecording"", ""new taylor swift"", ""taylor swift album"", ""taylor swift speak now"", ""taylor speak now""]"
2026-06-23,EH70M5OeS4o,Taylor Swift - Better Than Revenge (Taylor's Version) (Lyric Video),2023-07-07T04:00:14Z,PT3M44S,11482552,,184287,6149,10,none,public,processed,"[""taylor swift"", ""taylor"", ""swift"", ""speak now taylors version"", ""taylor’s version"", ""speak now TV"", ""speak now taylor’s version"", ""speak now from the vault"", ""speak now vault songs"", ""speak now recrecording"", ""new taylor swift"", ""taylor swift album"", ""taylor swift speak now"", ""taylor speak now""]"
2026-06-23,F5TMU6916U8,Taylor Swift - Long Live (Taylor's Version) (Lyric Video),2023-07-07T04:00:14Z,PT5M20S,46883448,,283975,8394,10,none,public,processed,"[""taylor swift"", ""taylor"", ""swift"", ""speak now taylors version"", ""taylor’s version"", ""speak now TV"", ""speak now taylor’s version"", ""speak now from the vault"", ""speak now vault songs"", ""speak now recrecording"", ""new taylor swift"", ""taylor swift album"", ""taylor swift speak now"", ""taylor speak now""]"
2026-06-23,N-FYySSy0rM,Taylor Swift - Dear John (Taylor's Version) (Lyric Video),2023-07-07T04:00:14Z,PT6M50S,14744915,,163857,4677,10,none,public,processed,"[""taylor swift"", ""taylor"", ""swift"", ""speak now taylors version"", ""taylor’s version"", ""speak now TV"", ""speak now taylor’s version"", ""speak now from the vault"", ""speak now vault songs"", ""speak now recrecording"", ""new taylor swift"", ""taylor swift album"", ""taylor swift speak now"", ""taylor speak now""]"
2026-06-23,Fn0er7H1Dm0,Taylor Swift - Superman (Taylor’s Version) (Lyric Video),2023-07-07T04:00:13Z,PT4M39S,2748697,,57422,1675,10,none,public,processed,"[""taylor swift"", ""taylor"", ""swift"", ""speak now taylors version"", ""taylor’s version"", ""speak now TV"", ""speak now taylor’s version"", ""speak now from the vault"", ""speak now vault songs"", ""speak now recrecording"", ""new taylor swift"", ""taylor swift album"", ""taylor swift speak now"", ""taylor speak now""]"
2026-06-23,PH8Uc0Z_KRY,Taylor Swift - Ours (Taylor’s Version) (Lyric Video),2023-07-07T04:00:13Z,PT4M,3381280,,65704,1563,10,none,public,processed,"[""taylor swift"", ""taylor"", ""swift"", ""speak now taylors version"", ""taylor’s version"", ""speak now TV"", ""speak now taylor’s version"", ""speak now from the vault"", ""speak now vault songs"", ""speak now recrecording"", ""new taylor swift"", ""taylor swift album"", ""taylor swift speak now"", ""taylor speak now""]"
2026-06-23,JlZnvyBqceY,Taylor Swift - Speak Now (Taylor's Version) (Lyric Video),2023-07-07T04:00:10Z,PT4M6S,17005092,,222093,7996,10,none,public,processed,"[""taylor swift"", ""taylor"", ""swift"", ""speak now taylors version"", ""taylor’s version"", ""speak now TV"", ""speak now taylor’s version"", ""speak now from the vault"", ""speak now vault songs"", ""speak now recrecording"", ""new taylor swift"", ""taylor swift album"", ""taylor swift speak now"", ""taylor speak now""]"
2026-06-23,8AR1dKawCi8,Taylor Swift - Mean (Taylor's Version) (Lyric Video),2023-07-07T04:00:05Z,PT4M3S,6183605,,110987,2735,10,none,public,processed,"[""Taylor Swift"", ""Taylor Swift Re-record"", ""Country""]"
2026-06-23,4cC6fw8EqWU,Taylor Swift - Haunted (Taylor's Version) (Lyric Video),2023-07-07T04:00:03Z,PT4M9S,8891691,,146211,4942,10,none,public,processed,"[""taylor swift"", ""taylor"", ""swift"", ""speak now taylors version"", ""taylor’s version"", ""speak now TV"", ""speak now taylor’s version"", ""speak now from the vault"", ""speak now vault songs"", ""speak now recrecording"", ""new taylor swift"", ""taylor swift album"", ""taylor swift speak now"", ""taylor speak now""]"
2026-06-23,6-x1AlDudZw,Taylor Swift - Foolish One (Taylor’s Version) (From The Vault) (Lyric Video),2023-07-07T04:00:03Z,PT5M13S,10761182,,141565,4952,10,none,public,processed,"[""taylor swift"", ""taylor"", ""swift"", ""speak now taylors version"", ""taylor’s version"", ""speak now TV"", ""speak now taylor’s version"", ""speak now from the vault"", ""speak now vault songs"", ""speak now recrecording"", ""new taylor swift"", ""taylor swift album"", ""taylor swift speak now"", ""taylor speak now""]"
2026-06-23,yJTfs8YS2w0,13 days til we return Speak Now to its mother 😝,2023-06-24T15:56:37Z,PT7S,12985259,,547120,12689,10,none,public,processed,[]
2026-06-23,XzOvgu3GPwY,Taylor Swift ft. Ice Spice - Karma (Official Music Video) ft. Ice Spice,2023-05-27T04:00:08Z,PT3M26S,79036772,,1444852,51997,10,none,public,processed,"[""Taylor Swift"", ""Ice Spice"", ""Pop""]"
2026-06-23,_f4yoKJL7IQ,Taylor Swift - Hits Different,2023-05-26T04:00:19Z,PT3M56S,15167018,,207334,7529,10,none,public,processed,"[""taylor swift"", ""midnights"", ""hits different"", ""new taylor swift"", ""taylor swift midnights"", ""taylor swift new song"", ""taylor swift midnights deluxe"", ""taylor swift till dawn edition"", ""taylor swift the til dawn edition"", ""the til dawn edition""]"
2026-06-23,Hoi-PI8QpTU,Taylor Swift ft. Ice Spice - Karma (Official Visualizer),2023-05-26T04:00:09Z,PT3M22S,5407320,,281600,13858,10,none,public,processed,"[""Taylor"", ""Swift"", ""Karma"", ""(Visualizer)"", ""Pop""]"
2026-06-23,2CnUYMmEHrs,Taylor Swift - Snow On The Beach (Feat. More Lana Del Rey),2023-05-26T04:00:01Z,PT3M50S,17999813,,362917,14468,10,none,public,processed,"[""lana del rey"", ""taylor swift"", ""snow on the beach"", ""taylor swift and lana del rey"", ""snow on the beach more lana"", ""snow on the beach more lana version"", ""snow on the beach more lana del rey"", ""taylor swift lana del rey collab"", ""taylor swift midnights"", ""the til dawn edition"", ""taylor swift the til dawn edition""]"
2026-06-23,YvyeAwoZ76w,It fills me with such pride & joy to announce that my version of Speak Now will be out July 7 💜💜💜,2023-05-06T04:06:59Z,PT7S,1428028,,188090,3619,10,none,public,processed,[]
2026-06-23,anqxTwGE_nQ,Taylor Swift - Lavender Haze (Acoustic Version),2023-03-31T04:00:01Z,PT3M,2186433,,83917,3483,10,none,public,processed,"[""taylor swift midnights"", ""taylor swift"", ""midnights"", ""lavender haze"", ""lavender haze acoustic"", ""taylor swift acoustic"", ""taylor swift songs"", ""taylor swift single""]"
2026-06-23,kE31ShDEOwg,Taylor Swift - Lavender Haze (Snakehips Remix),2023-03-03T05:00:29Z,PT3M11S,928124,,20390,901,10,none,public,processed,"[""lavender haze"", ""taylor swift"", ""taylor swift lavender haze"", ""lavender haze remix"", ""taylor swift remix"", ""taylor swift midnights remix"", ""midnights songs"", ""midnights remix"", ""taylor swift midnights""]"
2026-06-23,nfFujEdM0_E,Taylor Swift - Lavender Haze (Jungle Remix),2023-03-03T05:00:23Z,PT3M59S,287538,,15418,1021,10,none,public,processed,"[""lavender haze"", ""taylor swift"", ""taylor swift lavender haze"", ""lavender haze remix"", ""taylor swift remix"", ""taylor swift midnights remix"", ""midnights songs"", ""midnights remix"", ""taylor swift midnights""]"
2026-06-23,ZZtamrXjB_w,Taylor Swift - Lavender Haze (Tensnake Remix),2023-03-03T05:00:16Z,PT3M38S,354307,,16682,776,10,none,public,processed,"[""lavender haze"", ""taylor swift"", ""taylor swift lavender haze"", ""lavender haze remix"", ""taylor swift remix"", ""taylor swift midnights remix"", ""midnights songs"", ""midnights remix"", ""taylor swift midnights""]"
2026-06-23,pCH19_8E4Hw,Taylor Swift - Lavender Haze (Behind The Scenes),2023-03-03T04:56:53Z,PT3M32S,2061584,,130758,3744,10,none,public,processed,"[""taylor swift"", ""lavender haze"", ""taylor swift lavender haze"", ""behind the scenes"", ""taylor swift behind the scenes"", ""taylor swift bts"", ""bts laveneder haze"", ""lavender haze music video"", ""midnights BTS"", ""taylor swift music video""]"
2026-06-23,6DdAzVDVBpw,Taylor Swift - Lavender Haze (Felix Jaehn Remix),2023-02-10T05:00:05Z,PT2M57S,815648,,39427,2128,10,none,public,processed,[]
2026-06-23,h8DLofLM7No,Taylor Swift - Lavender Haze (Official Music Video),2023-01-27T05:00:07Z,PT3M31S,81265821,,1547804,45381,10,none,public,processed,"[""Taylor Swift"", ""Pop""]"
2026-06-23,HqDZxtMIx0M,Meet me at midnight…for the Lavender Haze music video premiere (!!!!!!!!!!!!!),2023-01-26T13:10:08Z,PT10S,2452506,,200942,2632,10,none,public,processed,[]
2026-06-23,M0Ku_op-LXI,Taylor Swift - All Too Well: The Short Film (Behind The Scenes),2022-12-08T14:00:09Z,PT6M57S,8063631,,434757,7507,10,none,public,processed,"[""taylor"", ""swift"", ""behind the scenes"", ""taylor swift bts"", ""all too well"", ""all too well video"", ""all too well the short film"", ""taylor swift short film"", ""short film"", ""taylor swift director"", ""dylan o’brien"", ""sadie sink"", ""taylor swift red"", ""taylor swift behind the scenes"", ""taylor swift sadie sink"", ""taylor swift dylan o’brien"", ""dylan obrien music video"", ""taylor swift music video"", ""taylor swift""]"
2026-06-23,nF4Jc9sPPug,Taylor Swift - Anti-Hero (ILLENIUM Remix),2022-11-18T05:00:32Z,PT4M32S,2025305,,55606,2481,10,none,public,processed,"[""illenium"", ""illenium remix"", ""taylor swift illenium"", ""taylor swift remix"", ""anti hero remix"", ""antihero remix"", ""midnights remix"", ""taylor swift midnights"", ""midnights"", ""taylor swift"", ""ts midnights"", ""ts anti-hero""]"
2026-06-23,ijjGqwdXa1c,"It’s me, Benjamin 🐱 joining the #TSAntiHeroChallenge brought to you by YouTube Shorts",2022-11-11T17:04:21Z,PT16S,53270930,,2870114,15461,10,none,public,processed,[]
2026-06-23,eSLO-HpSWD0,Taylor Swift - Anti-Hero (Roosevelt Remix),2022-11-11T03:00:30Z,PT5M4S,757501,,28680,1507,10,none,public,processed,"[""taylor swift"", ""taylor swift anti hero"", ""anti hero"", ""antihero roosevelt remix"", ""roosevelt"", ""taylor swift roosevelt remix"", ""antihero remix"", ""anti hero remix"", ""midnights remix"", ""midnights""]"
2026-06-23,uybMJ8cSWtA,Taylor Swift - Anti-Hero (Kungs Remix),2022-11-11T03:00:20Z,PT3M19S,1829399,,30974,1028,10,none,public,processed,"[""anti-hero"", ""taylor swift"", ""taylor swift anti-hero"", ""kungs"", ""antihero remix"", ""anti hero remix"", ""kungs remix"", ""anti-hero kungs""]"
2026-06-23,Cd3v_pRgOp8,Taylor Swift - Anti-Hero (Jayda G Remix),2022-11-11T03:00:06Z,PT3M36S,741469,,18611,708,10,none,public,processed,"[""taylor swift"", ""anti hero"", ""anti hero taylor swift"", ""antihero remix"", ""anti hero remix"", ""jayda g"", ""midnights remix""]"
2026-06-23,NbS4s_6jYTg,The Anti Hero (Roosevelt remix) makes me feel hyped enough for an imaginary funeral brawl,2022-11-09T21:05:35Z,PT16S,3652413,,189553,1875,10,none,public,processed,[]
2026-06-23,T1d9PiRAJNM,Taylor Swift - Anti-Hero (feat. Bleachers),2022-11-08T05:00:13Z,PT3M52S,2494500,,123410,4086,10,none,public,processed,"[""taylor swift"", ""taylor"", ""swift"", ""antihero"", ""anti hero"", ""midnights"", ""taylor swift new music"", ""taylor swift midnights"", ""taylor swift album"", ""taylor swift new album"", ""swifties"", ""taylors version"", ""taylor swift lyrics"", ""official taylor swift video"", ""taylor swift challenge"", ""anti hero challenge""]"
2026-06-23,IVQqOzFKN2M,"It’s me, 👋 sharing ALL the problems. Join the #TSAntiHeroChallenge brought to you by YouTube Shorts",2022-11-04T14:53:16Z,PT16S,64663059,,2787799,18254,10,none,public,processed,[]
2026-06-23,uhjx7FemU6o,"Hits Different really hits different, plus it’s got one of my fav bridges 😆 only avail at Target",2022-11-04T13:42:37Z,PT11S,4626736,,346364,4190,10,none,public,processed,[]
2026-06-23,lM1P2JwZ5jE,Total surprise 😉 Share yours with  #TSAntiHeroChallenge brought to you by YouTube Shorts.,2022-11-01T12:31:39Z,PT16S,79828158,,3346526,24535,10,none,public,processed,[]
2026-06-23,yJ_GML26Xk4,We’re the problem,2022-10-26T18:32:03Z,PT10S,3521691,,252875,2269,10,none,public,processed,[]
2026-06-23,b7QlX3yR2xs,Taylor Swift - Bejeweled (Official Music Video),2022-10-25T04:00:09Z,PT5M54S,103078427,,2105819,57654,10,none,public,processed,"[""Taylor Swift"", ""Pop""]"
2026-06-23,ycE7bUq3-2k,Taylor Swift - Snow On The Beach (Lyric Video) ft. Lana Del Rey,2022-10-22T00:00:39Z,PT4M20S,39178992,,460518,8932,10,none,public,processed,"[""taylor swift"", ""taylor"", ""swift"", ""lana del rey"", ""lana taylor"", ""taylor swift collab"", ""snow on the beach"", ""midnights"", ""taylor swift new music"", ""taylor swift midnights"", ""taylor swift album"", ""taylor swift new album"", ""swifties"", ""taylors version"", ""taylor swift lyrics"", ""official taylor swift video"", ""taylor swift challenge"", ""anti hero challenge"", ""taylor swift tiktok"", ""テイラー・スウィフト"", ""테일러 스위프트"", ""泰勒絲"", ""泰勒斯威夫特""]"
2026-06-23,ySZGZrcqvr4,Taylor Swift - Paris (Official Lyric Video),2022-10-22T00:00:37Z,PT3M20S,10855535,,126044,2185,10,none,public,processed,"[""taylor swift"", ""taylor"", ""swift"", ""midnights"", ""taylor swift new music"", ""taylor swift midnights"", ""taylor swift album"", ""taylor swift new album"", ""swifties"", ""taylors version"", ""taylor swift lyrics"", ""official taylor swift video"", ""taylor swift challenge"", ""anti hero challenge"", ""taylor swift tiktok"", ""taylor swift deluxe"", ""paris""]"
2026-06-23,xTXsKMXUi7w,Taylor Swift - Labyrinth (Lyric Video),2022-10-22T00:00:36Z,PT4M12S,18192555,,212585,2671,10,none,public,processed,"[""taylor swift"", ""taylor"", ""swift"", ""labyrinth"", ""midnights"", ""taylor swift new music"", ""taylor swift midnights"", ""taylor swift album"", ""taylor swift new album"", ""swifties"", ""taylors version"", ""taylor swift lyrics"", ""official taylor swift video"", ""taylor swift challenge"", ""anti hero challenge"", ""taylor swift tiktok""]"
2026-06-23,xxrf_QBD5DE,Taylor Swift - Question...? (Official Lyric Video),2022-10-22T00:00:35Z,PT3M35S,16077656,,158966,2758,10,none,public,processed,"[""taylor swift"", ""taylor"", ""swift"", ""question"", ""midnights"", ""taylor swift new music"", ""taylor swift midnights"", ""taylor swift album"", ""taylor swift new album"", ""swifties"", ""taylors version"", ""taylor swift lyrics"", ""official taylor swift video"", ""taylor swift challenge"", ""anti hero challenge"", ""taylor swift tiktok""]"
2026-06-23,lvHZjvIyqsk,Taylor Swift - Maroon (Official Lyric Video),2022-10-22T00:00:34Z,PT3M43S,40700509,,287375,5234,10,none,public,processed,"[""taylor swift"", ""taylor"", ""swift"", ""maroon"", ""marroon"", ""midnights"", ""taylor swift new music"", ""taylor swift midnights"", ""taylor swift album"", ""taylor swift new album"", ""swifties"", ""taylors version"", ""taylor swift lyrics"", ""official taylor swift video"", ""taylor swift challenge"", ""anti hero challenge"", ""taylor swift tiktok""]"
2026-06-23,mkR_Qwix4Ho,Taylor Swift - Lavender Haze (Official Lyric Video),2022-10-22T00:00:34Z,PT3M27S,26393447,,308237,4913,10,none,public,processed,"[""taylor swift"", ""taylor"", ""swift"", ""lavender haze"", ""lavender"", ""haze"", ""midnights"", ""taylor swift new music"", ""taylor swift midnights"", ""taylor swift album"", ""taylor swift new album"", ""swifties"", ""taylors version"", ""taylor swift lyrics"", ""official taylor swift video"", ""taylor swift challenge"", ""anti hero challenge"", ""taylor swift tiktok""]"
2026-06-23,rn0brgg2BpI,Taylor Swift - Sweet Nothing (Official Lyric Video),2022-10-22T00:00:34Z,PT3M13S,13834331,,158041,2621,10,none,public,processed,"[""taylor swift"", ""taylor"", ""swift"", ""sweet nothing"", ""sweet"", ""nothing"", ""midnights"", ""taylor swift new music"", ""taylor swift midnights"", ""taylor swift album"", ""taylor swift new album"", ""swifties"", ""taylors version"", ""taylor swift lyrics"", ""official taylor swift video"", ""taylor swift challenge"", ""anti hero challenge"", ""taylor swift tiktok""]"
2026-06-23,iFX6_9h7th0,Taylor Swift - The Great War (Official Lyric Video),2022-10-22T00:00:32Z,PT4M4S,29142049,,232377,4106,10,none,public,processed,"[""taylor swift"", ""taylor"", ""swift"", ""midnights"", ""taylor swift new music"", ""taylor swift midnights"", ""taylor swift album"", ""taylor swift new album"", ""swifties"", ""taylors version"", ""taylor swift lyrics"", ""official taylor swift video"", ""taylor swift challenge"", ""anti hero challenge"", ""taylor swift tiktok"", ""taylor swift deluxe"", ""the great war""]"
2026-06-23,rg18Kf4en2o,Taylor Swift - Karma (Lyric Video),2022-10-22T00:00:29Z,PT3M30S,34365598,,336056,6682,10,none,public,processed,"[""taylor swift"", ""taylor"", ""swift"", ""karma"", ""midnights"", ""taylor swift new music"", ""taylor swift midnights"", ""taylor swift album"", ""taylor swift new album"", ""swifties"", ""taylors version"", ""taylor swift lyrics"", ""official taylor swift video"", ""taylor swift challenge"", ""anti hero challenge"", ""taylor swift tiktok"", ""テイラー・スウィフト"", ""테일러 스위프트"", ""泰勒絲"", ""泰勒斯威夫特""]"
2026-06-23,l8Tps3PITx4,Taylor Swift - Bigger Than The Whole Sky (Lyric Video),2022-10-22T00:00:21Z,PT3M44S,12181546,,167756,4405,10,none,public,processed,"[""taylor swift"", ""taylor"", ""swift"", ""midnights"", ""taylor swift new music"", ""taylor swift midnights"", ""taylor swift album"", ""taylor swift new album"", ""swifties"", ""taylors version"", ""taylor swift lyrics"", ""official taylor swift video"", ""taylor swift challenge"", ""anti hero challenge"", ""taylor swift tiktok"", ""taylor swift deluxe"", ""bigger than the whole sky"", ""テイラー・スウィフト"", ""테일러 스위프트"", ""泰勒絲"", ""泰勒斯威夫特""]"
2026-06-23,X0Jti9F-oQA,Taylor Swift - Dear Reader (Official Lyric Video),2022-10-22T00:00:18Z,PT3M49S,7638944,,109553,2157,10,none,public,processed,"[""taylor swift"", ""taylor"", ""swift"", ""midnights"", ""taylor swift new music"", ""taylor swift midnights"", ""taylor swift album"", ""taylor swift new album"", ""swifties"", ""taylors version"", ""taylor swift lyrics"", ""official taylor swift video"", ""taylor swift challenge"", ""anti hero challenge"", ""taylor swift tiktok"", ""taylor swift deluxe"", ""dear reader""]"
2026-06-23,XzKSPRqFg9E,Taylor Swift - Bejeweled (Lyric Video),2022-10-22T00:00:16Z,PT3M19S,24461473,,175045,2331,10,none,public,processed,"[""taylor swift"", ""taylor"", ""swift"", ""lavender haze"", ""lavender"", ""haze"", ""midnights"", ""taylor swift new music"", ""taylor swift midnights"", ""taylor swift album"", ""taylor swift new album"", ""swifties"", ""taylors version"", ""taylor swift lyrics"", ""official taylor swift video"", ""taylor swift challenge"", ""anti hero challenge"", ""taylor swift tiktok""]"
2026-06-23,Y2a73EvnZ4s,Taylor Swift - Glitch (Official Lyric Video),2022-10-22T00:00:16Z,PT2M32S,5474563,,77166,1335,10,none,public,processed,"[""taylor swift"", ""taylor"", ""swift"", ""midnights"", ""taylor swift new music"", ""taylor swift midnights"", ""taylor swift album"", ""taylor swift new album"", ""swifties"", ""taylors version"", ""taylor swift lyrics"", ""official taylor swift video"", ""taylor swift challenge"", ""anti hero challenge"", ""taylor swift tiktok"", ""taylor swift deluxe"", ""glitch""]"
2026-06-23,Uoey4W_3bos,Taylor Swift - Vigilante Shit (Official Lyric Video),2022-10-22T00:00:15Z,PT2M50S,19894479,,256855,4304,10,none,public,processed,"[""taylor swift"", ""taylor"", ""swift"", ""vigilante shit"", ""midnights"", ""taylor swift new music"", ""taylor swift midnights"", ""taylor swift album"", ""taylor swift new album"", ""swifties"", ""taylors version"", ""taylor swift lyrics"", ""official taylor swift video"", ""taylor swift challenge"", ""anti hero challenge"", ""taylor swift tiktok""]"
2026-06-23,Tmz1lz0zcLQ,Taylor Swift - Mastermind (Official Lyric Video),2022-10-22T00:00:14Z,PT3M15S,20135331,,180189,3312,10,none,public,processed,"[""taylor swift"", ""taylor"", ""swift"", ""mastermind"", ""master"", ""mind"", ""midnights"", ""taylor swift new music"", ""taylor swift midnights"", ""taylor swift album"", ""taylor swift new album"", ""swifties"", ""taylors version"", ""taylor swift lyrics"", ""official taylor swift video"", ""taylor swift challenge"", ""anti hero challenge"", ""taylor swift tiktok""]"
2026-06-23,XqN2qFvY64U,Taylor Swift - Anti-Hero (Official Lyric Video),2022-10-22T00:00:14Z,PT3M24S,47725898,,277280,3820,10,none,public,processed,"[""Taylor Swift"", ""Pop""]"
2026-06-23,B-MfwP_RmHY,"Taylor Swift - Would've, Could've, Should've (Official Lyric Video)",2022-10-22T00:00:13Z,PT4M24S,23803476,,239203,5777,10,none,public,processed,"[""taylor swift"", ""taylor"", ""swift"", ""midnights"", ""taylor swift new music"", ""taylor swift midnights"", ""taylor swift album"", ""taylor swift new album"", ""swifties"", ""taylors version"", ""taylor swift lyrics"", ""official taylor swift video"", ""taylor swift challenge"", ""anti hero challenge"", ""taylor swift tiktok"", ""taylor swift deluxe""]"
2026-06-23,Odh9ddPUkEY,Taylor Swift - Midnight Rain (Official Lyric Video),2022-10-22T00:00:13Z,PT3M,63530620,,489825,6491,10,none,public,processed,"[""taylor swift"", ""taylor"", ""swift"", ""midnightrain"", ""midnight rain"", ""midnights"", ""taylor swift new music"", ""taylor swift midnights"", ""taylor swift album"", ""taylor swift new album"", ""swifties"", ""taylors version"", ""taylor swift lyrics"", ""official taylor swift video"", ""taylor swift challenge"", ""anti hero challenge"", ""taylor swift tiktok"", ""テイラー・スウィフト"", ""테일러 스위프트"", ""泰勒絲"", ""泰勒斯威夫特""]"
2026-06-23,7Gbg6Z70J7E,"Taylor Swift - You're On Your Own, Kid (Official Lyric Video)",2022-10-22T00:00:11Z,PT3M19S,65429580,,420792,6064,10,none,public,processed,"[""taylor swift"", ""taylor"", ""swift"", ""You’re On Your Own Kid"", ""midnights"", ""taylor swift new music"", ""taylor swift midnights"", ""taylor swift album"", ""taylor swift new album"", ""swifties"", ""taylors version"", ""taylor swift lyrics"", ""official taylor swift video"", ""taylor swift challenge"", ""anti hero challenge"", ""taylor swift tiktok""]"
2026-06-23,-qee6dFKlw4,Taylor Swift - High Infidelity (Official Lyric Video),2022-10-22T00:00:00Z,PT3M57S,11248051,,132733,3344,10,none,public,processed,"[""taylor swift"", ""taylor"", ""swift"", ""midnights"", ""taylor swift new music"", ""taylor swift midnights"", ""taylor swift album"", ""taylor swift new album"", ""swifties"", ""taylors version"", ""taylor swift lyrics"", ""official taylor swift video"", ""taylor swift challenge"", ""anti hero challenge"", ""taylor swift tiktok"", ""taylor swift deluxe"", ""high infidelity""]"
2026-06-23,U1IqinpmpQE,"🫣 Join my #TSAntiHeroChallenge and share your anti-heroic traits, brought to you by YouTube Shorts.",2022-10-21T12:10:21Z,PT16S,127520085,,4940104,23929,10,none,public,processed,[]
2026-06-23,9Wx2It8SbLs,"😺 Join my #TSAntiHeroChallenge and share your anti-heroic traits, brought to you by YouTube Shorts.",2022-10-21T12:10:06Z,PT16S,106540923,,4605822,16251,10,none,public,processed,[]
2026-06-23,b1kbLwvqugk,Taylor Swift - Anti-Hero (Official Music Video),2022-10-21T12:00:06Z,PT5M10S,242670993,,3625605,104580,10,none,public,processed,"[""Taylor Swift"", ""Pop""]"
2026-06-23,Jo-8VaRU4ok,Mark your calendars! Meet the Midnights Manifest 📜,2022-10-20T04:15:55Z,PT31S,1873221,,149635,1350,10,none,public,processed,[]
2026-06-23,3fUS9GAMxv4,🕰 #TSAntiHeroChallenge. Coming October 21. Brought to you by YouTube Shorts.,2022-10-18T04:00:03Z,PT8S,2081690,,156103,1777,10,none,public,processed,[]
2026-06-23,egxyRSb_XtI,Taylor Swift - Carolina (From The Motion Picture “Where The Crawdads Sing” / Lyric Video),2022-06-24T04:00:18Z,PT2M54S,7861611,,304433,10740,10,none,public,processed,"[""taylor swift"", ""taylor"", ""swift"", ""carolina"", ""taylor swift song"", ""taylor swift new song"", ""taylor swift music"", ""new taylor swift music"", ""taylor swift crawdads"", ""where the crawdads sing"", ""taylor swift original song crawdads"", ""crawdads movie""]"
2026-06-23,3Q94kA7llGw,Taylor Swift - Carolina (From The Motion Picture “Where The Crawdads Sing” / Audio),2022-06-24T04:00:01Z,PT4M29S,4589201,,148759,5946,10,none,public,processed,"[""taylor swift"", ""carolina"", ""taylor swift new song"", ""taylor swift music"", ""new taylor swift music"", ""taylor swift crawdads"", ""where the crawdads sing"", ""taylor swift original song crawdads"", ""crawdads movie"", ""taylor swift carolina"", ""carolina taylor swift""]"
2026-06-23,mvxQYPR4lmU,Taylor Swift - This Love (Taylor's Version) (Lyric Video),2022-05-06T04:00:30Z,PT4M10S,29467346,,553285,23719,10,none,public,processed,"[""Taylor swift"", ""taylor"", ""swift"", ""taylor swift 1989"", ""taylors version"", ""taylor swift music"", ""new taylor swift music"", ""1989"", ""taylor swift from the vault"", ""taylor swift vault songs"", ""1989 taylor’s version from the vault"", ""1989 from the vault""]"
2026-06-23,mCWRjuhRRYg,Taylor Swift - Message In A Bottle (Fat Max G Remix) (Taylor’s Version) (Visualizer),2022-01-21T05:00:17Z,PT3M46S,4158707,,164455,7726,10,none,public,processed,"[""taylor swift"", ""taylorswift"", ""taylor"", ""swift"", ""red taylor’s version"", ""red"", ""taylor’s version"", ""message in bottle"", ""message in bottle taylor swift"", ""taylor swift message in bottle"", ""message in bottle official video"", ""message in bottle music video"", ""message in bottle red"", ""taylor swift red"", ""taylor swift message in bottle taylor’s version"", ""message in bottle lyrics"", ""taylor swift message in bottle lyrics"", ""taylor message in bottle"", ""message""]"
2026-06-23,gRo0ZtgB2io,All Too Well (Sad Girl Autumn Version) - Recorded at Long Pond Studios (Lyric Video),2021-11-18T20:43:53Z,PT10M1S,5715771,,207761,5625,10,none,public,processed,"[""Taylor"", ""Swift"", ""All"", ""Too"", ""Well"", ""(Sad"", ""Girl"", ""Autumn"", ""Version)"", ""Recorded"", ""Long"", ""Pond"", ""Studios"", ""(Lyric"", ""Video)"", ""Pop""]"
2026-06-23,r0yq_yXFQhg,Taylor Swift - All Too Well (Sad Girl Autumn Version) - Recorded at Long Pond Studios,2021-11-18T01:35:50Z,PT10M1S,17000934,,556017,18483,10,none,public,processed,"[""Taylor"", ""Swift"", ""All"", ""Too"", ""Well"", ""(Sad"", ""Girl"", ""Autumn"", ""Version)"", ""Recorded"", ""Long"", ""Pond"", ""Studios"", ""Pop"", ""テイラー・スウィフト"", ""테일러 스위프트"", ""泰勒絲"", ""泰勒斯威夫特"", ""한글자막"", ""日本語字幕"", ""subtítulos en español"", ""Phụ đề tiếng Việt"", ""Subtitles in Tagalog"", ""Teks dalam Bahasa Indonesia"", ""उपशीर्षक हिंदी में"", ""Sarikata Dalam Bahasa Malaysia"", ""คำบรรยายภาษาไทย""]"
2026-06-23,pPrdGE4w9ZM,All Too Well (10 Minute Version) (Taylor's Version) (From The Vault) (Karaoke),2021-11-15T23:22:49Z,PT10M13S,1728430,,95460,2962,10,none,public,processed,"[""Taylor"", ""Swift"", ""All"", ""Too"", ""Well"", ""(10"", ""Minute"", ""Version)"", ""(Taylor's"", ""(From"", ""The"", ""Vault)"", ""(Karaoke)"", ""Pop""]"
2026-06-23,UDzPTerKZn8,Taylor Swift - All Too Well (Taylor's Version) (Karaoke),2021-11-15T23:10:09Z,PT5M31S,792487,,54292,3006,10,none,public,processed,"[""Taylor"", ""Swift"", ""All"", ""Too"", ""Well"", ""(Taylor's"", ""Version)"", ""(Karaoke)"", ""Pop""]"
2026-06-23,5UMCrq-bBCg,Taylor Swift ft. Chris Stapleton - I Bet You Think About Me (Taylor's Version) (Official Video),2021-11-15T15:00:10Z,PT6M16S,72602883,,1726019,48494,10,none,public,processed,"[""taylor swift"", ""chris stapleton"", ""taylor"", ""swift"", ""red taylor’s version"", ""red"", ""taylor’s version"", ""bet you think about me"", ""bet you think about me taylor swift"", ""taylor swift bet you think about me"", ""bet you think about me official video"", ""bet you think about me music video"", ""bet you think about me red"", ""taylor swift red"", ""taylor swift bet you think about me taylor’s version"", ""bet you think about me lyrics"", ""taylor swift bet you think about me lyrics"", ""テイラー・スウィフト"", ""테일러 스위프트"", ""泰勒絲""]"
2026-06-23,nJr_8l0AEWE,Taylor Swift - All Too Well (10 Minute Version) (Live on Saturday Night Live),2021-11-14T10:37:12Z,PT10M8S,31853583,,881129,23696,10,none,public,processed,"[""taylor swift"", ""taylor"", ""swift"", ""red"", ""taylor swift red"", ""taylor red"", ""red taylor swift"", ""taylor swift new album"", ""taylor swift new music"", ""red deluxe"", ""deluxe red"", ""taylor swift deluxe"", ""taylor deluxe"", ""deluxe taylor swift"", ""snl"", ""taylor swift snl"", ""red snl"", ""snl live"", ""snl performance"", ""テイラー・スウィフト"", ""테일러 스위프트"", ""泰勒絲"", ""泰勒斯威夫特"", ""한글자막"", ""日本語字幕"", ""subtítulos en español"", ""Phụ đề tiếng Việt"", ""Subtitles in Tagalog"", ""Teks dalam Bahasa Indonesia"", ""उपशीर्षक हिंदी में"", ""Sarikata"", ""Dalam""]"
2026-06-23,tollGa3S0o8,Taylor Swift - All Too Well: The Short Film,2021-11-13T00:00:10Z,PT14M56S,112292012,,4895322,136092,10,none,public,processed,"[""taylor swift"", ""taylor"", ""swift"", ""red taylor’s version"", ""red"", ""taylor’s version"", ""all too well"", ""all too well taylor swift"", ""all too well ten minute version"", ""taylor swift all too well"", ""all too well official video"", ""all too well music video"", ""all too well short film"", ""all too well movie"", ""all too well red"", ""taylor swift red"", ""taylor swift all too well taylor’s version"", ""all too well lyrics"", ""taylor swift all too well lyrics"", ""taylor all too well"", ""all too well taylor"", ""red taylor swift""]"
2026-06-23,sRxrwjOtIag,All Too Well (10 Minute Version) (Taylor's Version) (From The Vault) (Lyric Video),2021-11-12T05:00:31Z,PT10M13S,165192771,,1632193,56410,10,none,public,processed,"[""taylor swift"", ""taylor"", ""swift all too well 10 minute version"", ""all too well 10 minute version taylor swift"", ""taylor swift all too well 10 minute version"", ""all too well 10 minute version official video"", ""all too well 10 minute version music video"", ""all too well 10 minute version red"", ""red"", ""taylor swift red"", ""all too well 10 minute version lyrics"", ""taylor swift all too well 10 minute version lyrics"", ""taylor all too well 10 minute version"", ""red taylor swift""]"
2026-06-23,lPvcwgEuKTg,Taylor Swift - Starlight (Taylor's Version) (Lyric Video),2021-11-12T05:00:30Z,PT3M44S,4869588,,124887,2794,10,none,public,processed,"[""taylor swift"", ""taylor"", ""swift"", ""starlight"", ""starlight taylor swift"", ""taylor swift starlight"", ""starlight official video"", ""starlight music video"", ""starlight red"", ""red"", ""taylor swift red"", ""starlight lyrics"", ""taylor swift starlight lyrics"", ""taylor starlight"", ""starlight taylor"", ""red taylor swift"", ""taylor swift new album"", ""taylor swift new music"", ""red deluxe"", ""deluxe red"", ""taylor swift deluxe"", ""taylor deluxe"", ""deluxe taylor swift""]"
2026-06-23,R_rUYuFtNO4,Taylor Swift - Red (Taylor's Version) (Lyric Video),2021-11-12T05:00:23Z,PT3M41S,70085103,,661615,14419,10,none,public,processed,"[""taylor swift"", ""taylor"", ""swift"", ""loving him was red"", ""red"", ""taylor swift red"", ""taylor red"", ""red taylor swift"", ""taylor swift new album"", ""taylor swift new music"", ""red deluxe"", ""deluxe red"", ""taylor swift deluxe"", ""taylor deluxe"", ""deluxe taylor swift"", ""テイラー・スウィフト"", ""테일러 스위프트"", ""泰勒絲"", ""泰勒斯威夫特"", ""한글자막"", ""日本語字幕"", ""subtítulos en español"", ""Phụ đề tiếng Việt"", ""Subtitles in Tagalog"", ""Teks dalam Bahasa Indonesia"", ""उपशीर्षक हिंदी में"", ""Sarikata Dalam Bahasa Malaysia"", ""คำบรรยายภาษาไทย""]"
2026-06-23,flv8AEWrRMI,Taylor Swift - Run (Taylor's Version) (From The Vault) (Lyric Video) ft. Ed Sheeran,2021-11-12T05:00:22Z,PT4M1S,9070907,,244083,4296,10,none,public,processed,"[""taylor swift"", ""taylor"", ""swift"", ""run"", ""run taylor swift"", ""taylor swift run"", ""run official video"", ""run music video"", ""run red"", ""red"", ""taylor swift red"", ""run lyrics"", ""taylor swift run lyrics"", ""taylor run"", ""red taylor swift"", ""taylor swift new album"", ""taylor swift new music"", ""red deluxe"", ""deluxe red"", ""taylor swift deluxe"", ""taylor deluxe"", ""deluxe taylor swift"", ""ed sheeran"", ""テイラー・スウィフト"", ""테일러 스위프트"", ""泰勒絲"", ""泰勒斯威夫特"", ""한글자막"", ""日本語字幕"", ""subtítulos en español"", ""Phụ đề tiếng Việt"", ""में""]"
2026-06-23,u1D1AgDfreg,Taylor Swift - Treacherous (Taylor's Version) (Lyric Video),2021-11-12T05:00:22Z,PT4M1S,6715412,,136914,2833,10,none,public,processed,"[""aylor swift"", ""taylor"", ""swift"", ""treacherous"", ""treacherous taylor swift"", ""taylor swift treacherous"", ""treacherous official video"", ""treacherous music video"", ""treacherous red"", ""red"", ""taylor swift red"", ""treacherous lyrics"", ""taylor swift treacherous lyrics"", ""taylor treacherous"", ""treacherous taylor"", ""red taylor swift"", ""taylor swift new album"", ""taylor swift new music"", ""red deluxe"", ""deluxe red"", ""taylor swift deluxe"", ""taylor deluxe"", ""deluxe taylor swift""]"
2026-06-23,zJFcr1KyFqE,Taylor Swift - We Are Never Ever Getting Back Together (Taylor's Version) (Lyric Video),2021-11-12T05:00:22Z,PT3M15S,31169945,,439466,6577,10,none,public,processed,"[""taylor swift"", ""taylor"", ""swift"", ""we are never ever getting back together"", ""we are never ever getting back together taylor swift"", ""taylor swift we are never ever getting back together"", ""we are never ever getting back together official video"", ""we are never ever getting back together music video"", ""we are never ever getting back together red"", ""red"", ""taylor swift red"", ""we are never ever getting back together lyrics"", ""are"", ""never"", ""ever"", ""getting""]"
2026-06-23,w1AV_35zVwU,Taylor Swift - I Almost Do (Taylor's Version) (Lyric Video),2021-11-12T05:00:21Z,PT4M5S,8728066,,139315,3063,10,none,public,processed,"[""taylor swift"", ""taylor"", ""swift"", ""amost do"", ""amost do taylor swift"", ""taylor swift amost do"", ""amost do official video"", ""amost do music video"", ""amost do red"", ""red"", ""taylor swift red"", ""amost do lyrics"", ""taylor swift amost do lyrics"", ""taylor amost do"", ""almost do taylor"", ""red taylor swift"", ""taylor swift new album"", ""taylor swift new music"", ""red deluxe"", ""deluxe red"", ""taylor swift deluxe"", ""taylor deluxe"", ""deluxe taylor swift""]"
2026-06-23,TqAollrUJdA,Taylor Swift - I Knew You Were Trouble (Taylor's Version) (Lyric Video),2021-11-12T05:00:20Z,PT3M41S,29040030,,359178,6430,10,none,public,processed,"[""taylor swift"", ""taylor"", ""swift"", ""knew you were trouble"", ""knew you were trouble taylor swift"", ""taylor swift knew you were trouble"", ""knew you were trouble official video"", ""knew you were trouble music video"", ""knew you were trouble red"", ""red"", ""taylor swift red"", ""knew you were trouble lyrics"", ""taylor swift knew you were trouble lyrics"", ""taylor knew you were trouble"", ""knew you were trouble taylor"", ""red taylor swift"", ""taylor swift new album""]"
2026-06-23,OhJ-S9Nrh7Q,Taylor Swift - Stay Stay Stay (Taylor's Version) (Lyric Video),2021-11-12T05:00:19Z,PT3M28S,6517271,,133366,3536,10,none,public,processed,"[""taylor swift"", ""taylor"", ""swift"", ""stay stay stay"", ""stay stay stay taylor swift"", ""taylor swift stay stay stay"", ""stay stay stay official video"", ""stay stay stay music video"", ""stay stay stay red"", ""red"", ""taylor swift red"", ""stay stay stay lyrics"", ""taylor swift stay stay stay lyrics"", ""taylor stay stay stay"", ""stay stay stay taylor"", ""red taylor swift"", ""taylor swift new album"", ""taylor swift new music"", ""red deluxe"", ""deluxe red"", ""taylor swift deluxe"", ""taylor deluxe"", ""deluxe""]"
2026-06-23,rVuyi-dPMIc,Taylor Swift - The Very First Night (Taylor's Version) (From The Vault) (Lyric Video),2021-11-12T05:00:19Z,PT3M23S,11679117,,171709,3542,10,none,public,processed,"[""taylor swift"", ""taylor"", ""swift the very first night"", ""the very first night taylor swift"", ""taylor swift the very first night"", ""the very first night official video"", ""the very first night music video"", ""the very first night red"", ""red"", ""taylor swift red"", ""the very first night lyrics"", ""taylor swift the very first night lyrics"", ""taylor the very first night"", ""red taylor swift"", ""taylor swift new album"", ""taylor swift new music"", ""red deluxe"", ""deluxe red"", ""swift""]"
2026-06-23,m3fWCRvz5JA,Nothing New (Taylor's Version) (From The Vault) (Lyric Video),2021-11-12T05:00:17Z,PT4M23S,11380860,,200490,4535,10,none,public,processed,"[""taylor swift"", ""taylor"", ""swift"", ""nothing new"", ""nothing new acoustic taylor swift"", ""taylor swift nothing new acoustic"", ""nothing new acoustic official video"", ""nothing new acoustic music video"", ""nothing new acoustic red"", ""red"", ""taylor swift red"", ""nothing new acoustic lyrics"", ""taylor swift nothing new lyrics"", ""taylor nothing new acoustic"", ""nothing new acoustic taylor"", ""red taylor swift"", ""taylor swift new album"", ""taylor swift new music"", ""red deluxe"", ""deluxe red""]"
2026-06-23,kdiBc40gW7s,Taylor Swift - Ronan (Taylor's Version) (Lyric Video),2021-11-12T05:00:15Z,PT4M41S,4363082,,193505,6340,10,none,public,processed,"[""taylor swift"", ""taylor"", ""swift"", ""ronan"", ""ronan acoustic taylor swift"", ""taylor swift ronan acoustic"", ""ronan acoustic official video"", ""ronan acoustic music video"", ""ronan acoustic red"", ""red"", ""taylor swift red"", ""ronan acoustic lyrics"", ""taylor swift ronan lyrics"", ""taylor ronan acoustic"", ""ronan acoustic taylor"", ""red taylor swift"", ""taylor swift new album"", ""taylor swift new music"", ""red deluxe"", ""deluxe red"", ""taylor swift deluxe"", ""taylor deluxe"", ""deluxe taylor swift""]"
2026-06-23,pCH4QrSx2Jg,Taylor Swift - The Last Time (Taylor's Version) (Lyric Video) ft. Gary Lightbody,2021-11-12T05:00:15Z,PT5M,12255872,,178595,3550,10,none,public,processed,"[""taylor swift"", ""taylor"", ""swift"", ""the last time"", ""the last time taylor swift"", ""taylor swift the last time"", ""the last time official video"", ""the last time music video"", ""the last time red"", ""red"", ""taylor swift red"", ""the last time lyrics"", ""taylor swift the last time lyrics"", ""taylor the last time"", ""the last time taylor"", ""red taylor swift"", ""taylor swift new album"", ""taylor swift new music"", ""red deluxe"", ""deluxe red"", ""taylor swift deluxe"", ""taylor deluxe"", ""deluxe taylor swift""]"
2026-06-23,cVaG6adE2mA,Taylor Swift - Message In A Bottle (Taylor's Version) (From The Vault) (Lyric Video),2021-11-12T05:00:14Z,PT3M47S,30064864,,272358,6850,10,none,public,processed,"[""taylor swift"", ""taylor"", ""swift"", ""message in bottle"", ""message in bottle taylor swift"", ""taylor swift message in bottle"", ""message in bottle official video"", ""message in bottle music video"", ""message in bottle red"", ""red"", ""taylor swift red"", ""message in bottle lyrics"", ""taylor swift message in bottle lyrics"", ""taylor message in bottle"", ""message in bottle taylor"", ""red taylor swift"", ""taylor swift new album"", ""taylor swift new music"", ""red deluxe"", ""deluxe""]"
2026-06-23,hHWOAUjnmjQ,Taylor Swift - Come Back...Be Here (Taylor's Version) (Lyric Video),2021-11-12T05:00:14Z,PT3M46S,11853900,,145044,2491,10,none,public,processed,"[""taylor swift"", ""taylor"", ""swift"", ""come back...be here"", ""come back...be here taylor swift"", ""taylor swift come back...be here"", ""come back...be here official video"", ""come back...be here music video"", ""red"", ""taylor swift red"", ""come back...be here lyrics"", ""taylor swift come back...be here lyrics"", ""taylor come back...be here"", ""come back...be here taylor"", ""red taylor swift"", ""taylor swift new album"", ""taylor swift new music"", ""red deluxe"", ""deluxe red"", ""taylor swift deluxe""]"
2026-06-23,jQfB4Gahi3I,Taylor Swift - Sad Beautiful Tragic (Taylor's Version) (Lyric Video),2021-11-12T05:00:14Z,PT4M46S,5337706,,107999,2240,10,none,public,processed,"[""taylor swift"", ""taylor"", ""swift"", ""sad beautiful tragic"", ""sad beautiful tragic taylor swift"", ""taylor swift sad beautiful tragic"", ""sad beautiful tragic official video"", ""sad beautiful tragic music video"", ""sad beautiful tragic red"", ""red"", ""taylor swift red"", ""sad beautiful tragic lyrics"", ""taylor swift sad beautiful tragic lyrics"", ""taylor sad beautiful tragic"", ""sad beautiful tragic taylor"", ""red taylor swift"", ""taylor swift new album"", ""taylor swift new music"", ""red deluxe""]"
2026-06-23,dXNZaHuKWNA,Taylor Swift - Begin Again (Taylor's Version) (Lyric Video),2021-11-12T05:00:12Z,PT3M59S,8320003,,138002,2963,10,none,public,processed,"[""taylor swift"", ""taylor"", ""swift"", ""begin again"", ""begin again taylor swift"", ""taylor swift begin again"", ""begin again official video"", ""begin again music video"", ""begin again red"", ""red"", ""taylor swift red"", ""begin again lyrics"", ""taylor swift begin again lyrics"", ""taylor begin again"", ""begin again taylor"", ""red taylor swift"", ""taylor swift new album"", ""taylor swift new music"", ""red deluxe"", ""deluxe red"", ""taylor swift deluxe"", ""taylor deluxe"", ""deluxe taylor swift""]"
2026-06-23,eMcMbWl0fDk,Taylor Swift - Everything Has Changed (Taylor's Version) (Lyric Video) ft. Ed Sheeran,2021-11-12T05:00:12Z,PT4M9S,11434653,,203730,3727,10,none,public,processed,"[""taylor swift"", ""taylor"", ""swift"", ""everything has changed"", ""everything has changed taylor swift"", ""taylor swift everything has changed"", ""everything has changed official video"", ""everything has changed music video"", ""everything has changed red"", ""red"", ""taylor swift red"", ""everything has changed lyrics"", ""taylor swift everything has changed lyrics"", ""taylor everything has changed"", ""everything has changed taylor"", ""red taylor swift"", ""taylor swift new album""]"
2026-06-23,TkAomsYFsJw,Taylor Swift - Forever Winter (Taylor's Version) (From The Vault) (Lyric Video),2021-11-12T05:00:10Z,PT4M27S,5274909,,118285,3037,10,none,public,processed,"[""taylor swift"", ""taylor"", ""swift"", ""forever winter"", ""forever winter taylor swift"", ""taylor swift forever winter"", ""forever winter official video"", ""forever winter music video"", ""forever winter red"", ""red"", ""taylor swift red"", ""forever winter lyrics"", ""taylor swift forever winter lyrics"", ""taylor forever winter bet you think about me taylor"", ""red taylor swift"", ""taylor swift new album"", ""taylor swift new music"", ""red deluxe"", ""deluxe red"", ""taylor swift deluxe"", ""taylor deluxe""]"
2026-06-23,UNckfN9upqo,Taylor Swift - Girl At Home (Taylor's Version) (Lyric Video),2021-11-12T05:00:10Z,PT3M42S,3952217,,95502,2798,10,none,public,processed,"[""taylor swift"", ""taylor"", ""swift"", ""girl at home"", ""girl at home taylor swift"", ""taylor swift girl at home"", ""girl at home official video"", ""girl at home music video"", ""girl at home red"", ""red"", ""taylor swift red"", ""girl at home lyrics"", ""taylor swift girl at home lyrics"", ""taylor girl at home"", ""girl at home taylor"", ""red taylor swift"", ""taylor swift new album"", ""taylor swift new music"", ""red deluxe"", ""deluxe red"", ""taylor swift deluxe"", ""taylor deluxe"", ""deluxe taylor swift""]"
2026-06-23,VN55tCajFYg,I Bet You Think About Me (Taylor's Version) (From The Vault) (Lyric Video),2021-11-12T05:00:10Z,PT4M49S,1432666,,48849,1343,10,none,public,processed,"[""taylor swift"", ""taylor"", ""swift"", ""bet you think about me"", ""bet you think about me taylor swift"", ""taylor swift bet you think about me"", ""bet you think about me official video"", ""bet you think about me music video"", ""bet you think about me red"", ""red"", ""taylor swift red"", ""bet you think about me lyrics"", ""taylor swift bet you think about me lyrics"", ""taylor bet you think about me"", ""bet you think about me taylor"", ""red taylor swift"", ""new""]"
2026-06-23,S4PuN-IWi2g,Taylor Swift - Holy Ground (Taylor's Version) (Lyric Video),2021-11-12T05:00:09Z,PT3M27S,4789152,,96006,2235,10,none,public,processed,"[""taylor swift"", ""taylor"", ""swift"", ""holy ground"", ""holy ground taylor swift"", ""taylor swift holy ground"", ""holy ground official video"", ""holy ground music video"", ""holy ground red"", ""red"", ""taylor swift red"", ""holy ground lyrics"", ""taylor swift holy ground lyrics"", ""taylor holy ground"", ""holy ground taylor"", ""red taylor swift"", ""taylor swift new album"", ""taylor swift new music"", ""red deluxe"", ""deluxe red"", ""taylor swift deluxe"", ""taylor deluxe"", ""deluxe taylor swift""]"
2026-06-23,LmXn6BU16e0,Taylor Swift - The Moment I Knew (Taylor's Version) (Lyric Video),2021-11-12T05:00:08Z,PT4M44S,6051051,,115058,2712,10,none,public,processed,"[""taylor swift"", ""taylor"", ""swift"", ""the moment knew"", ""the moment knew taylor swift"", ""taylor swift the moment knew"", ""the moment knew official video"", ""the moment knew music video"", ""the moment knew red"", ""red"", ""taylor swift red"", ""the moment knew lyrics"", ""taylor swift the moment knew lyrics"", ""taylor the moment knew"", ""the moment knew taylor"", ""red taylor swift"", ""taylor swift new album"", ""taylor swift new music"", ""red deluxe"", ""deluxe red""]"
2026-06-23,PReSQYTFvcs,Taylor Swift - Better Man (Taylor's Version) (From The Vault) (Lyric Video),2021-11-12T05:00:08Z,PT4M57S,21001619,,245313,5192,10,none,public,processed,"[""taylor swift"", ""taylor"", ""swift"", ""better man"", ""better man acoustic taylor swift"", ""taylor swift better man acoustic"", ""better man acoustic official video"", ""better man acoustic music video"", ""better man acoustic red"", ""red"", ""taylor swift red"", ""better man acoustic lyrics"", ""taylor swift better man lyrics"", ""taylor better man acoustic"", ""better man acoustic taylor"", ""red taylor swift"", ""taylor swift new album"", ""taylor swift new music"", ""red deluxe"", ""deluxe red""]"
2026-06-23,9boiT64sm0Q,Taylor Swift - 22 (Taylor's Version) (Lyric Video),2021-11-12T05:00:04Z,PT3M52S,15502432,,292408,8776,10,none,public,processed,"[""taylor swift"", ""taylor"", ""swift"", ""22 taylor swift"", ""taylor swift 22"", ""22 official video"", ""22 music video"", ""22 red"", ""red"", ""taylor swift red"", ""22 lyrics"", ""taylor swift 22 lyrics"", ""taylor 22"", ""22 taylor"", ""red taylor swift"", ""taylor swift new album"", ""taylor swift new music"", ""red deluxe"", ""deluxe red"", ""taylor swift deluxe"", ""taylor deluxe"", ""deluxe taylor swift""]"
2026-06-23,AccGdO5XeZY,I Bet You Think About Me (Taylor's Version) (From The Vault) (Lyric Video),2021-11-12T05:00:04Z,PT4M49S,11196215,,129496,2859,10,none,public,processed,"[""taylor swift"", ""taylor"", ""swift"", ""bet you think about me"", ""bet you think about me taylor swift"", ""taylor swift bet you think about me"", ""bet you think about me official video"", ""bet you think about me music video"", ""bet you think about me red"", ""red"", ""taylor swift red"", ""bet you think about me lyrics"", ""taylor swift bet you think about me lyrics"", ""taylor bet you think about me"", ""bet you think about me taylor"", ""red taylor swift"", ""new""]"
2026-06-23,BZ-rLBkUZf4,All Too Well (10 Minute Version) (Taylor's Version) (From The Vault) (Lyric Video),2021-11-12T05:00:04Z,PT10M13S,40373995,,423190,10600,10,none,public,processed,"[""taylor swift"", ""taylor"", ""swift all too well 10 minute version"", ""all too well 10 minute version taylor swift"", ""taylor swift all too well 10 minute version"", ""all too well 10 minute version official video"", ""all too well 10 minute version music video"", ""all too well 10 minute version red"", ""red"", ""taylor swift red"", ""all too well 10 minute version lyrics"", ""taylor swift all too well 10 minute version lyrics"", ""taylor all too well 10 minute version"", ""red taylor swift""]"
2026-06-23,D3mJe28un4M,Taylor Swift - State Of Grace (Acoustic Version) (Taylor's Version) (Lyric Video),2021-11-12T05:00:04Z,PT5M20S,2294472,,64948,1422,10,none,public,processed,"[""taylor swift"", ""taylor"", ""swift"", ""state of grace acoustic"", ""state of grace acoustic taylor swift"", ""taylor swift state of grace acoustic"", ""state of grace acoustic official video"", ""state of grace acoustic music video"", ""state of grace acoustic red"", ""red"", ""taylor swift red"", ""state of grace acoustic lyrics"", ""taylor swiftstate of grace acoustic lyrics"", ""taylor state of grace acoustic"", ""state of grace acoustic taylor"", ""red taylor swift"", ""taylor swift new album""]"
2026-06-23,3pj39qZZYoQ,Taylor Swift - Babe (Taylor's Version) (From The Vault) (Lyric Video),2021-11-12T05:00:03Z,PT3M46S,15735780,,201850,5024,10,none,public,processed,"[""taylor swift"", ""taylor"", ""swift"", ""babe"", ""babe acoustic taylor swift"", ""taylor swift babe acoustic"", ""babe acoustic official video"", ""babe acoustic music video"", ""babe nothing new acoustic red"", ""red"", ""taylor swift red"", ""babe acoustic lyrics"", ""taylor swift babe lyrics"", ""taylor babe acoustic"", ""babe acoustic taylor"", ""red taylor swift"", ""taylor swift new album"", ""taylor swift new music"", ""red deluxe"", ""deluxe red"", ""taylor swift deluxe"", ""taylor deluxe"", ""deluxe taylor swift""]"
2026-06-23,4LtQxA_ooLk,Taylor Swift - The Lucky One (Taylor's Version) (Lyric Video),2021-11-12T05:00:03Z,PT3M57S,4939327,,141355,4712,10,none,public,processed,"[""taylor swift"", ""taylor"", ""swift"", ""the lucky one"", ""the lucky one taylor swift"", ""taylor swift the lucky one"", ""the lucky one official video"", ""the lucky one music video"", ""the lucky one red"", ""red"", ""taylor swift red"", ""the lucky one lyrics"", ""taylor swift the lucky one lyrics"", ""taylor the lucky one"", ""the lucky one taylor"", ""red taylor swift"", ""taylor swift new album"", ""taylor swift new music"", ""red deluxe"", ""deluxe red"", ""taylor swift deluxe"", ""taylor deluxe"", ""deluxe taylor swift""]"
2026-06-23,9OQBDdNHmXo,Taylor Swift - All Too Well (Taylor's Version) (Lyric Video),2021-11-12T05:00:03Z,PT5M31S,24659902,,334978,7041,10,none,public,processed,"[""taylor swift"", ""taylor"", ""swift"", ""all too well"", ""all too well taylor swift"", ""taylor swift all too well"", ""all too well official video"", ""all too well music video"", ""all too well red"", ""red"", ""taylor swift red"", ""all too well lyrics"", ""taylor swift all too well lyrics"", ""taylor all too well"", ""all too well taylor"", ""red taylor swift"", ""taylor swift new album"", ""taylor swift new music"", ""red deluxe"", ""deluxe red"", ""taylor swift deluxe"", ""taylor deluxe"", ""deluxe taylor swift""]"
2026-06-23,-mrC5tRkxrY,Taylor Swift - State Of Grace (Taylor's Version) (Lyric Video),2021-11-12T05:00:01Z,PT5M,10636770,,215670,7614,10,none,public,processed,"[""taylor swift"", ""taylor"", ""swift"", ""state of grace"", ""state of grace taylor swift"", ""taylor swift state of grace"", ""state of grace official video"", ""state of grace music video"", ""state of grace red"", ""red"", ""taylor swift red"", ""state of grace lyrics"", ""taylor swift state of grace lyrics"", ""taylor state of grace"", ""state of grace taylor"", ""red taylor swift"", ""taylor swift new album"", ""taylor swift new music"", ""red deluxe"", ""deluxe red"", ""taylor swift deluxe"", ""taylor deluxe"", ""deluxe""]"
2026-06-23,t0Yf43ONyNo,All Too Well (The Short Film) | Official Trailer,2021-11-05T12:52:19Z,PT31S,1767658,,200685,13175,10,none,public,processed,[]
2026-06-23,CUr_UwUUXzU,Taylor Swift - Wildest Dreams (Taylor’s Version) (Official Audio),2021-09-17T22:04:01Z,PT3M41S,35278635,,741051,21383,10,none,public,processed,"[""taylor swift"", ""taylor"", ""swift"", ""wildest dreams"", ""wildest dreams taylor swift"", ""taylor swift wildest dreams"", ""wildest dreams official video"", ""wildest dreams music video"", ""wildest dreams 1989"", ""1989"", ""taylor swift 1989"", ""wildest dreams lyrics"", ""taylor swift wildest dreams lyrics"", ""taylor wildest dreams"", ""wildest dreams taylor"", ""1989 taylor swift"", ""taylor swift new album"", ""taylor swift new music"", ""taylor’s version"", ""wildest dreams taylor’s version"", ""taylor’s"", ""dreams""]"
2026-06-23,y8tF0yRl8-w,taylor swift - the lakes (original version) [audio],2021-07-24T13:00:32Z,PT3M48S,4025946,,212308,13555,10,none,public,processed,"[""taylor swift"", ""taylor"", ""swift"", ""folklore"", ""the lakes"", ""the lakes original version"", ""taylor swift the lakes"", ""taylor swift the lakes original version"", ""taylor the lakes original version"", ""the lakes original"", ""folklore taylor swift"", ""taylor folklore"", ""taylor’s version"", ""taylors version"", ""taylor swift new album"", ""taylor swift new music"", ""taylor swift lyrics"", ""folklore album"", ""fearless taylor’s version"", ""fearless taylors version"", ""official taylor swift lyrics""]"
2026-06-23,n0cde-Km05o,Taylor Swift - The Best Day (Taylor's Version) (Official Music Video),2021-04-30T04:00:30Z,PT4M9S,7083023,,254976,8416,10,none,public,processed,"[""Taylor"", ""Swift"", ""The"", ""Best"", ""Day"", ""(Taylor’s"", ""Version)"", ""Country""]"
2026-06-23,yuFuwXd-B9E,Taylor Swift - Bye Bye Baby (Taylor’s Version) (From The Vault) (Lyric Video),2021-04-09T04:00:32Z,PT4M5S,3811165,,118158,4628,10,none,public,processed,"[""taylor swift"", ""taylor"", ""swift"", ""bye bye baby"", ""bye bye baby taylor swift"", ""taylor bye bye baby"", ""bye bye baby taylor’s version"", ""taylor’s version"", ""taylors version"", ""taylor swift new album"", ""taylor swift new music"", ""taylor swift lyrics"", ""fearless"", ""fearless taylor’s version"", ""fearless taylors version"", ""official taylor swift lyrics"", ""taylor rerecord"", ""taylor reissue"", ""taylor new version"", ""fearless rerecord"", ""fearless remaster"", ""fearless new version""]"
2026-06-23,seU5y5EgIwk,Taylor Swift - We Were Happy (Taylor’s Version) (From The Vault),2021-04-09T04:00:31Z,PT4M4S,2980605,,105735,4147,10,none,public,processed,"[""taylor swift"", ""taylor"", ""swift"", ""we were happy"", ""we were happy taylor swift"", ""taylor we were happy"", ""we were happy taylor’s version"", ""taylor’s version"", ""taylors version"", ""taylor swift new album"", ""taylor swift new music"", ""taylor swift lyrics"", ""fearless"", ""fearless taylor’s version"", ""fearless taylors version"", ""official taylor swift lyrics"", ""taylor rerecord"", ""taylor reissue"", ""taylor new version"", ""fearless rerecord"", ""fearless remaster"", ""fearless new version""]"
2026-06-23,qsUK-BG5OQQ,Taylor Swift - Breathe (Taylor's Version) (Lyric Video) ft. Colbie Caillat,2021-04-09T04:00:30Z,PT4M26S,10857712,,164486,5404,10,none,public,processed,"[""taylor swift"", ""taylor"", ""swift"", ""colbie caillat"", ""colbie"", ""callait"", ""breathe"", ""breathe taylor swift"", ""taylor breathe"", ""breathe taylor’s version"", ""taylor’s version"", ""taylors version"", ""taylor swift new album"", ""taylor swift new music"", ""fearless taylor’s version"", ""fearless taylors version"", ""official taylor swift lyrics"", ""taylor rerecord"", ""taylor reissue"", ""taylor new version"", ""fearless rerecord"", ""fearless remaster"", ""fearless new version"", ""taylor swift fearless""]"
2026-06-23,xSWVPqnKcXQ,Taylor Swift - Today Was A Fairytale (Taylor's Version) (Lyric Video),2021-04-09T04:00:30Z,PT4M3S,4615684,,117499,3849,10,none,public,processed,"[""taylor swift"", ""taylor"", ""swift"", ""today was fairytale"", ""today was fairytale taylor swift"", ""taylor today was fairytale"", ""today was fairytale taylor’s version"", ""taylor’s version"", ""taylors version"", ""taylor swift new album"", ""taylor swift new music"", ""taylor swift lyrics"", ""fearless"", ""fearless taylor’s version"", ""fearless taylors version"", ""official taylor swift lyrics"", ""taylor reissue"", ""taylor new version"", ""fearless rerecord"", ""fearless remaster"", ""new""]"
2026-06-23,jwWR1cQTKyw,Taylor Swift - Change (Taylor's Version) (Lyric Video),2021-04-09T04:00:28Z,PT4M39S,4077023,,93855,3409,10,none,public,processed,"[""taylor swift"", ""taylor"", ""swift"", ""change"", ""change taylor swift"", ""taylor change"", ""change taylor’s version"", ""taylor’s version"", ""taylors version"", ""taylor swift new album"", ""taylor swift new music"", ""taylor swift lyrics"", ""fearless"", ""fearless taylor’s version"", ""fearless taylors version"", ""official taylor swift lyrics"", ""taylor rerecord"", ""taylor reissue"", ""taylor new version"", ""fearless rerecord"", ""fearless remaster"", ""fearless new version"", ""taylor swift fearless""]"
2026-06-23,vUHDR6Rg3Y4,Taylor Swift - Jump Then Fall (Taylor's Version) (Lyric Video),2021-04-09T04:00:27Z,PT3M58S,6204404,,112066,2951,10,none,public,processed,"[""taylor swift"", ""taylor"", ""swift"", ""jump then fall"", ""taylor jump then fall"", ""jump then fall taylor’s version"", ""taylor’s version"", ""taylors version"", ""taylor swift new album"", ""taylor swift new music"", ""taylor swift lyrics"", ""fearless"", ""fearless taylor’s version"", ""fearless taylors version"", ""official taylor swift lyrics"", ""taylor rerecord"", ""taylor reissue"", ""taylor new version"", ""fearless rerecord"", ""fearless remaster"", ""fearless new version"", ""taylor swift fearless""]"
2026-06-23,cwFbq-70EwE,Taylor Swift - Tell Me Why (Taylor's Version) (Lyric Video),2021-04-09T04:00:25Z,PT3M22S,4277148,,93133,2390,10,none,public,processed,"[""taylor swift"", ""taylor"", ""swift"", ""tell me why"", ""taylor tell me why"", ""tell me why taylor’s version"", ""taylor’s version"", ""taylors version"", ""taylor swift new album"", ""taylor swift new music"", ""taylor swift lyrics"", ""fearless"", ""fearless taylor’s version"", ""fearless taylors version"", ""official taylor swift lyrics"", ""taylor rerecord"", ""taylor reissue"", ""taylor new version"", ""fearless rerecord"", ""fearless remaster"", ""fearless new version"", ""taylor swift fearless"", ""taylor swift rerecord""]"
2026-06-23,tMhiHrL7rPE,Taylor Swift - Hey Stephen (Taylor's Version) (Lyric Video),2021-04-09T04:00:23Z,PT4M17S,10108912,,171787,5758,10,none,public,processed,"[""taylor swift"", ""taylor"", ""swift"", ""hey stephen"", ""taylor hey stephen"", ""hey stephen taylor’s version"", ""taylor’s version"", ""taylors version"", ""taylor swift new album"", ""taylor swift new music"", ""taylor swift lyrics"", ""fearless"", ""fearless taylor’s version"", ""fearless taylors version"", ""official taylor swift lyrics"", ""taylor rerecord"", ""taylor reissue"", ""taylor new version"", ""fearless rerecord"", ""fearless remaster"", ""fearless new version"", ""taylor swift fearless"", ""taylor swift rerecord""]"
2026-06-23,RcGowZ26sE0,Taylor Swift - Forever & Always (Piano Version) (Taylor's Version) (Lyric Video),2021-04-09T04:00:14Z,PT4M32S,3208169,,85526,2686,10,none,public,processed,"[""taylor swift"", ""taylor"", ""swift"", ""forever and always"", ""forever and always piano"", ""forever and always taylor swift"", ""taylor forever and always piano"", ""forever and always piano taylor’s version"", ""taylor’s version"", ""taylors version"", ""taylor swift new album"", ""taylor swift new music"", ""taylor swift lyrics"", ""fearless"", ""fearless taylor’s version"", ""fearless taylors version"", ""official taylor swift lyrics"", ""taylor rerecord"", ""taylor reissue"", ""taylor new version"", ""new""]"
2026-06-23,rLCol1C3ouc,Taylor Swift - Fifteen (Taylor's Version) (Lyric Video),2021-04-09T04:00:12Z,PT4M55S,9641600,,224682,9383,10,none,public,processed,"[""taylor swift"", ""taylor"", ""swift"", ""fifteen"", ""fifteen taylor swift"", ""taylor fifteen"", ""fifteen taylor’s version"", ""taylor’s version"", ""taylors version"", ""taylor swift new album"", ""taylor swift new music"", ""taylor swift lyrics"", ""fearless"", ""fearless taylor’s version"", ""fearless taylors version"", ""official taylor swift lyrics"", ""taylor rerecord"", ""taylor reissue"", ""taylor new version"", ""fearless rerecord"", ""fearless remaster"", ""fearless new version"", ""taylor swift fearless""]"
2026-06-23,vwp8Ur6tO-8,Taylor Swift - You Belong With Me (Taylor's Version) (Lyric Video),2021-04-09T04:00:12Z,PT3M53S,76649413,,646315,15484,10,none,public,processed,"[""taylor swift"", ""taylor"", ""swift"", ""you belong with me"", ""you belong with me taylor swift"", ""taylor you belong with me"", ""you belong with me taylor’s version"", ""taylor’s version"", ""taylors version"", ""taylor swift new album"", ""taylor swift new music"", ""taylor swift lyrics"", ""fearless"", ""fearless taylor’s version"", ""fearless taylors version"", ""official taylor swift lyrics"", ""taylor rerecord"", ""taylor reissue"", ""taylor new version"", ""fearless rerecord"", ""fearless remaster"", ""new""]"
2026-06-23,dHdAN4FXzmc,Taylor Swift - Don’t You (Taylor’s Version) (From The Vault) (Lyric Video),2021-04-09T04:00:09Z,PT3M32S,3598879,,100478,3597,10,none,public,processed,"[""taylor swift"", ""taylor"", ""swift"", ""don’t you"", ""taylor don’t you"", ""don’t you taylor’s version"", ""taylor’s version"", ""taylors version"", ""taylor swift new album"", ""taylor swift new music"", ""taylor swift lyrics"", ""fearless"", ""fearless taylor’s version"", ""fearless taylors version"", ""official taylor swift lyrics"", ""taylor rerecord"", ""taylor reissue"", ""taylor new version"", ""fearless rerecord"", ""fearless remaster"", ""fearless new version"", ""taylor swift fearless"", ""taylor swift rerecord""]"
2026-06-23,ePjcjLRHPOo,Taylor Swift - Come In With The Rain (Taylor's Version) (Lyric Video),2021-04-09T04:00:08Z,PT3M58S,2432125,,68065,2597,10,none,public,processed,"[""taylor swift"", ""taylor"", ""swift"", ""come in with the rain"", ""come in with the rain taylor swift"", ""taylor come in with the rain"", ""come in with the rain taylor’s version"", ""taylors version"", ""taylor swift new album"", ""taylor swift new music"", ""taylor swift lyrics"", ""fearless"", ""fearless taylor’s version"", ""fearless taylors version"", ""official taylor swift lyrics"", ""taylor reissue"", ""taylor new version"", ""fearless rerecord"", ""fearless remaster"", ""fearless new version""]"
2026-06-23,T-41vMWQTUA,Taylor Swift - Forever & Always (Taylor's Version) (Lyric Video),2021-04-09T04:00:06Z,PT3M46S,7530758,,136175,3354,10,none,public,processed,"[""taylor swift"", ""taylor"", ""swift"", ""forever and always"", ""taylor forever and always"", ""forever and always taylor’s version"", ""taylor’s version"", ""taylors version"", ""taylor swift new album"", ""taylor swift new music"", ""taylor swift lyrics"", ""fearless taylor’s version"", ""fearless taylors version"", ""official taylor swift lyrics"", ""taylor rerecord"", ""taylor reissue"", ""taylor new version"", ""fearless rerecord"", ""fearless remaster"", ""fearless new version"", ""taylor swift fearless""]"
2026-06-23,IsCik8wznlU,Taylor Swift - Superstar (Taylor's Version) (Lyric Video),2021-04-09T04:00:05Z,PT4M24S,2590344,,71210,3066,10,none,public,processed,"[""taylor swift"", ""taylor"", ""swift"", ""superstar"", ""superstar taylor swift"", ""taylor superstar"", ""superstar taylor’s version"", ""taylor’s version"", ""taylors version"", ""taylor swift new album"", ""taylor swift new music"", ""taylor swift lyrics"", ""fearless"", ""fearless taylor’s version"", ""fearless taylors version"", ""official taylor swift lyrics"", ""taylor rerecord"", ""taylor reissue"", ""taylor new version"", ""fearless rerecord"", ""fearless remaster"", ""fearless new version"", ""taylor swift fearless""]"
2026-06-23,KZeI9I875Ig,Taylor Swift - The Best Day (Taylor's Version) (Lyric Video),2021-04-09T04:00:05Z,PT4M9S,9568068,,222922,8301,10,none,public,processed,"[""taylor swift"", ""taylor"", ""swift"", ""the best day"", ""taylor the best day"", ""the best day taylor’s version"", ""taylor’s version"", ""taylors version"", ""taylor swift new album"", ""taylor swift new music"", ""taylor swift lyrics"", ""fearless"", ""fearless taylor’s version"", ""fearless taylors version"", ""official taylor swift lyrics"", ""taylor rerecord"", ""taylor reissue"", ""taylor new version"", ""fearless rerecord"", ""fearless remaster"", ""fearless new version"", ""taylor swift fearless""]"
2026-06-23,7lLigiVgJsE,Taylor Swift - Fearless (Taylor's Version) (Lyric Video),2021-04-09T04:00:04Z,PT4M5S,65902869,,455634,13466,10,none,public,processed,"[""taylor swift"", ""taylor"", ""swift"", ""fearless"", ""fearless taylor swift"", ""taylor fearless"", ""fearless taylor’s version"", ""taylor’s version"", ""taylors version"", ""taylor swift new album"", ""taylor swift new music"", ""taylor swift lyrics"", ""fearless taylors version"", ""official taylor swift lyrics"", ""taylor rerecord"", ""taylor reissue"", ""taylor new version"", ""fearless rerecord"", ""fearless remaster"", ""fearless new version"", ""taylor swift fearless"", ""taylor swift rerecord"", ""taylor swift version""]"
2026-06-23,DlexmDDSDZ0,Taylor Swift - The Way I Loved You (Taylor's Version) (Lyric Video),2021-04-09T04:00:04Z,PT4M6S,114903133,,761070,10062,10,none,public,processed,"[""taylor swift"", ""taylor"", ""swift"", ""the way loved you"", ""taylor the way loved you"", ""the way loved you taylor’s version"", ""taylor’s version"", ""taylors version"", ""taylor swift new album"", ""taylor swift new music"", ""taylor swift lyrics"", ""fearless"", ""fearless taylor’s version"", ""fearless taylors version"", ""official taylor swift lyrics"", ""taylor rerecord"", ""taylor reissue"", ""fearless rerecord"", ""fearless remaster"", ""fearless new version"", ""taylor swift fearless""]"
2026-06-23,425n1NoRtgA,Taylor Swift - The Other Side Of The Door (Taylor’s Version) (Lyric Video),2021-04-09T04:00:03Z,PT3M58S,4939408,,93699,2656,10,none,public,processed,"[""taylor swift"", ""taylor"", ""swift"", ""the other side of the door"", ""the other side of the door taylor swift"", ""taylor the other side of the door"", ""the other side of the door taylor’s version"", ""taylor’s version"", ""taylors version"", ""taylor swift new album"", ""taylor swift new music"", ""taylor swift lyrics"", ""fearless"", ""fearless taylor’s version"", ""fearless taylors version"", ""official taylor swift lyrics"", ""taylor rerecord"", ""taylor reissue"", ""taylor new version"", ""fearless rerecord""]"
2026-06-23,DNaSlUYIXBg,Taylor Swift - You're Not Sorry (Taylor's Version) (Lyric Video),2021-04-09T04:00:03Z,PT4M23S,10698184,,183389,5109,10,none,public,processed,"[""taylor swift"", ""taylor"", ""swift"", ""you’re not sorry"", ""you’re not sorry taylor swift"", ""taylor you’re not sorry"", ""you’re not sorry taylor’s version"", ""taylor’s version"", ""taylor swift new album"", ""taylor swift new music"", ""taylor swift lyrics"", ""fearless"", ""fearless taylor’s version"", ""fearless taylors version"", ""official taylor swift lyrics"", ""taylor rerecord"", ""taylor reissue"", ""taylor new version"", ""fearless rerecord"", ""fearless remaster"", ""fearless new version""]"
2026-06-23,8bNlGwnEUAs,Taylor Swift - Untouchable (Taylor's Version) (Lyric Video),2021-04-09T04:00:02Z,PT5M16S,11166717,,144130,4662,10,none,public,processed,"[""taylor swift"", ""taylor"", ""swift"", ""untouchable"", ""taylor untouchable"", ""untouchable taylor’s version"", ""taylor’s version"", ""taylors version"", ""taylor swift new album"", ""taylor swift new music"", ""taylor swift lyrics"", ""fearless"", ""fearless taylor’s version"", ""fearless taylors version"", ""official taylor swift lyrics"", ""taylor rerecord"", ""taylor reissue"", ""taylor new version"", ""fearless rerecord"", ""fearless remaster"", ""fearless new version"", ""taylor swift fearless"", ""taylor swift rerecord""]"
2026-06-23,9-rKvhsjwKU,Taylor Swift - White Horse (Taylor's Version) (Lyric Video),2021-04-09T04:00:00Z,PT3M59S,18433623,,232774,8236,10,none,public,processed,"[""taylor swift"", ""taylor"", ""swift"", ""white horse"", ""taylor white horse"", ""white horse taylor’s version"", ""taylor’s version"", ""taylors version"", ""taylor swift new album"", ""taylor swift new music"", ""taylor swift lyrics"", ""fearless"", ""fearless taylor’s version"", ""fearless taylors version"", ""official taylor swift lyrics"", ""taylor rerecord"", ""taylor reissue"", ""taylor new version"", ""fearless rerecord"", ""fearless remaster"", ""fearless new version"", ""taylor swift fearless"", ""taylor swift rerecord""]"
2026-06-23,aOa6D6ku3dM,That’s When (Taylor’s Version) (From The Vault) (Lyric Video),2021-04-09T04:00:00Z,PT3M12S,5142714,,127133,5006,10,none,public,processed,"[""taylor swift"", ""taylor"", ""swift"", ""that’s when"", ""that’s when taylor swift"", ""taylor that’s when"", ""that’s when taylor’s version"", ""taylor’s version"", ""taylors version"", ""taylor swift new album"", ""taylor swift new music"", ""taylor swift lyrics"", ""fearless"", ""fearless taylor’s version"", ""fearless taylors version"", ""official taylor swift lyrics"", ""taylor rerecord"", ""taylor reissue"", ""taylor new version"", ""fearless rerecord"", ""fearless remaster"", ""fearless new version""]"
2026-06-23,rFjJs6ZjPe8,Taylor Swift - Mr. Perfectly Fine (Taylor’s Version) (From The Vault) (Lyric Video),2021-04-07T13:00:19Z,PT4M38S,51120790,,709576,37569,10,none,public,processed,"[""taylor swift"", ""taylor"", ""swift"", ""mr perfectly fine"", ""mr perfectly fine taylor swift"", ""taylor mr perfectly fine"", ""mr perfectly fine taylor’s version"", ""taylor’s version"", ""taylors version"", ""taylor swift new album"", ""taylor swift new music"", ""taylor swift lyrics"", ""fearless"", ""fearless taylor’s version"", ""fearless taylors version"", ""official taylor swift lyrics"", ""taylor rerecord"", ""taylor reissue"", ""taylor new version"", ""fearless rerecord"", ""fearless remaster"", ""new""]"
2026-06-23,XKaMUm7YwZc,Taylor Swift ft. Maren Morris - You All Over Me (From The Vault) (Official Lyric Video),2021-03-26T04:00:06Z,PT3M43S,9996730,,352294,21896,10,none,public,processed,"[""taylor swift"", ""taylor"", ""swift"", ""you all over me"", ""maren morris"", ""you all over me maren morris"", ""maren morris you all over me"", ""taylor swift maren morris"", ""taylor’s version"", ""taylors version"", ""taylor swift new album"", ""taylor swift new music"", ""taylor swift lyrics"", ""fearless"", ""fearless taylor’s version"", ""fearless taylors version"", ""official taylor swift lyrics"", ""taylor reissue"", ""taylor new version"", ""fearless rerecord"", ""fearless remaster"", ""fearless new version"", ""taylor swift fearless""]"
2026-06-23,FeTHyZJvozc,Taylor Swift - Love Story (Elvira Remix) (Taylor’s Version) (Official Audio),2021-03-26T04:00:02Z,PT3M35S,3186610,,157386,8563,10,none,public,processed,"[""taylor swift"", ""taylor"", ""swift"", ""love story"", ""elvira remix"", ""taylor swift elvira remix"", ""love story elvira remix"", ""taylor’s version"", ""taylor swift new album"", ""taylor swift new music"", ""taylor swift lyrics"", ""fearless"", ""fearless taylor’s version"", ""fearless taylors version"", ""official taylor swift lyrics"", ""taylor rerecord"", ""taylor reissue"", ""taylor new version"", ""fearless rerecord"", ""fearless remaster"", ""fearless new version"", ""taylor swift fearless"", ""taylor swift rerecord""]"
2026-06-23,Uzii44SDYFA,Taylor Swift - cardigan / august / willow (Live From The 63rd GRAMMYs ® / 2021),2021-03-15T23:44:03Z,PT5M25S,11440535,,593532,28131,10,none,public,processed,"[""Taylor swift"", ""taylor swift grammys"", ""taylor grammys"", ""swift"", ""grammys live"", ""grammys performance"", ""evermore"", ""taylor swift evermore"", ""folklore"", ""taylor swift folklore"", ""fearless"", ""taylor swift fearless"", ""cardigan"", ""taylor swift cardigan"", ""willow"", ""taylor swift willow"", ""august"", ""taylor swift august"", ""taylor live"", ""taylor swift live""]"
2026-06-23,aXzVF3XeS8M,Taylor Swift - Love Story (Taylor’s Version) [Official Lyric Video],2021-02-12T05:00:00Z,PT4M1S,82574166,,1572034,92287,10,none,public,processed,"[""taylor swift"", ""taylor"", ""swift"", ""love story"", ""love story taylor’s version"", ""taylor’s version"", ""taylors version"", ""taylor swift new album"", ""taylor swift new music"", ""taylor swift lyrics"", ""fearless"", ""fearless taylor’s version"", ""fearless taylors version"", ""official taylor swift lyrics"", ""taylor rerecord"", ""taylor reissue"", ""taylor new version"", ""fearless rerecord"", ""fearless remaster"", ""fearless new version"", ""taylor swift fearless"", ""taylor swift rerecord"", ""taylor swift version""]"
2026-06-23,Ur_wAcYDnuA,Taylor Swift - right where you left me (Official Lyric Video),2021-01-07T05:00:05Z,PT4M9S,39154521,,455917,16407,10,none,public,processed,"[""taylor swift"", ""taylor"", ""swift"", ""right where you left me"", ""right where you left me taylor swift"", ""taylor swift right where you left me"", ""right where you left me official video"", ""right where you left me music video"", ""right where you left me evermore"", ""evermore"", ""taylor swift evermore"", ""right where you left me lyrics"", ""taylor swift right where you left me lyrics"", ""evermore taylor swift"", ""ever more"", ""taylor swift new album"", ""taylor swift new music"", ""ever"", ""more""]"
2026-06-23,1iRbIYkccgw,Taylor Swift - it’s time to go (Official Lyric Video),2021-01-07T05:00:01Z,PT4M18S,12640449,,306077,10416,10,none,public,processed,"[""taylor swift"", ""taylor"", ""swift"", ""it's time to go"", ""it's time to go taylor swift"", ""taylor swift it's time to go"", ""it's time to go official video"", ""it's time to go music video"", ""it's time to go evermore"", ""evermore"", ""taylor swift evermore"", ""it's time to go lyrics"", ""taylor swift it's time to go lyrics"", ""taylor it's time to go"", ""it's time to go taylor"", ""evermore taylor swift"", ""ever more"", ""taylor swift new album"", ""taylor swift new music"", ""ever more taylor swift""]"
2026-06-23,iTNZ-OzBoBo,Taylor Swift - willow (moonlit witch version) - [yule log],2020-12-17T21:53:54Z,PT3M29S,1007603,,34740,1376,10,none,public,processed,[]
2026-06-23,H9rBt-8jiBE,Taylor Swift - willow (lonely witch version) - [yule log],2020-12-17T20:45:11Z,PT3M8S,756180,,26253,1028,10,none,public,processed,[]
2026-06-23,sViZJopFdYg,Taylor Swift - willow (dancing witch version) - [yule log],2020-12-17T20:45:06Z,PT3M5S,531828,,27336,1623,10,none,public,processed,[]
2026-06-23,qybUgW7eoZQ,Taylor Swift - willow - [yule log],2020-12-17T20:00:29Z,PT3M35S,835717,,48081,3209,10,none,public,processed,[]
2026-06-23,7XLW5CvDQ7E,Taylor Swift - willow (moonlit witch version),2020-12-16T01:02:30Z,PT3M29S,1671406,,89874,3063,10,none,public,processed,"[""taylor swift"", ""willow"", ""evermore""]"
2026-06-23,3CUM7Z3TSmY,Taylor Swift - willow (dancing witch version) - storyboards from the willow music video,2020-12-15T18:09:59Z,PT3M8S,1224956,,69642,2628,10,none,public,processed,"[""taylor swift"", ""evermore"", ""willow""]"
2026-06-23,CYHt7_RANiY,Taylor Swift - willow (lonely witch version) - music video behind the scenes,2020-12-15T05:52:57Z,PT3M35S,2807486,,147406,4653,10,none,public,processed,"[""Taylor Swift"", ""Willow"", ""evermore"", ""evermore album""]"
2026-06-23,qAGef4MdPdE,Taylor Swift - willow - dancing witch version (Elvira remix),2020-12-15T03:12:53Z,PT3M6S,1968963,,89489,4245,10,none,public,processed,"[""Taylor Swift"", ""Willow"", ""dancing witch"", ""evermore""]"
2026-06-23,zI4DS5GmQWE,Taylor Swift - dorothea (Official Lyric Video),2020-12-11T05:00:33Z,PT3M45S,13611874,,266741,9263,10,none,public,processed,"[""taylor swift"", ""swift"", ""taylor"", ""dorothea"", ""taylor swift dorothea"", ""dorothea taylor swift"", ""willow video"", ""willow lyrics"", ""taylor swift lyrics"", ""evermore"", ""taylor swift evermore"", ""evermore taylor swift"", ""evermore album"", ""taylor swift album"", ""ever more"", ""taylor swift evermore album"", ""taylor swift new music"", ""evermore lyrics"", ""ever more lyrics"", ""evermore album lyrics"", ""ever more album lyrics""]"
2026-06-23,wMpqCRF7TKg,Taylor Swift - champagne problems (Official Lyric Video),2020-12-11T05:00:30Z,PT4M8S,76494139,,656578,19203,10,none,public,processed,"[""taylor swift"", ""swift"", ""taylor"", ""champagne problems"", ""taylor swift champagne problems"", ""champagne problems taylor swift"", ""willow video"", ""willow lyrics"", ""taylor swift lyrics"", ""evermore"", ""taylor swift evermore"", ""evermore taylor swift"", ""evermore album"", ""taylor swift album"", ""ever more"", ""taylor swift evermore album"", ""taylor swift new music"", ""evermore lyrics"", ""ever more lyrics"", ""evermore album lyrics"", ""ever more album lyrics""]"
2026-06-23,ukxEKY_7MOc,Taylor Swift - tolerate it (Official Lyric Video),2020-12-11T05:00:26Z,PT4M8S,25819257,,301215,8993,10,none,public,processed,"[""taylor swift"", ""swift"", ""taylor"", ""tolerate it"", ""taylor swift tolerate it"", ""tolerate it taylor swift"", ""willow video"", ""willow lyrics"", ""taylor swift lyrics"", ""evermore"", ""taylor swift evermore"", ""evermore taylor swift"", ""evermore album"", ""taylor swift album"", ""ever more"", ""taylor swift evermore album"", ""taylor swift new music"", ""evermore lyrics"", ""ever more lyrics"", ""evermore album lyrics"", ""ever more album lyrics""]"
2026-06-23,YPlNBb6I8qU,Taylor Swift - cowboy like me (Official Lyric Video),2020-12-11T05:00:23Z,PT4M40S,14781259,,184553,7115,10,none,public,processed,"[""taylor swift"", ""swift"", ""taylor"", ""cowboy like me"", ""taylor swift cowboy like me"", ""willow taylor swift"", ""willow video"", ""willow lyrics"", ""taylor swift lyrics"", ""evermore"", ""taylor swift evermore"", ""evermore taylor swift"", ""evermore album"", ""taylor swift album"", ""ever more"", ""taylor swift evermore album"", ""taylor swift new music"", ""evermore lyrics"", ""ever more lyrics"", ""evermore album lyrics"", ""ever more album lyrics""]"
2026-06-23,tP4TTgt4nb0,Taylor Swift - happiness (Official Lyric Video),2020-12-11T05:00:22Z,PT5M18S,11970879,,213557,6881,10,none,public,processed,"[""taylor swift"", ""swift"", ""taylor"", ""happiness"", ""taylor swift happiness"", ""happiness taylor swift"", ""happiness video"", ""happiness lyrics"", ""taylor swift lyrics"", ""evermore"", ""taylor swift evermore"", ""evermore taylor swift"", ""evermore album"", ""taylor swift album"", ""ever more"", ""taylor swift evermore album"", ""taylor swift new music"", ""evermore lyrics"", ""ever more lyrics"", ""evermore album lyrics"", ""ever more album lyrics""]"
2026-06-23,rqQHa2HcGtM,Taylor Swift - long story short (Official Lyric Video),2020-12-11T05:00:11Z,PT3M41S,13987101,,211992,5240,10,none,public,processed,"[""taylor swift"", ""swift"", ""taylor"", ""long story short"", ""taylor swift long story short"", ""long story short taylor swift"", ""willow video"", ""willow lyrics"", ""taylor swift lyrics"", ""evermore"", ""taylor swift evermore"", ""evermore taylor swift"", ""evermore album"", ""taylor swift album"", ""ever more"", ""taylor swift evermore album"", ""taylor swift new music"", ""evermore lyrics"", ""ever more lyrics"", ""evermore album lyrics"", ""ever more album lyrics""]"
2026-06-23,IEPomqor2A8,"Taylor Swift - no body, no crime (Official Lyric Video) ft. HAIM",2020-12-11T05:00:10Z,PT3M38S,29268233,,446301,14692,10,none,public,processed,"[""taylor swift"", ""swift"", ""taylor"", ""willow"", ""taylor swift willow"", ""willow taylor swift"", ""willow video"", ""willow lyrics"", ""taylor swift lyrics"", ""evermore"", ""taylor swift evermore"", ""evermore taylor swift"", ""evermore album"", ""taylor swift album"", ""ever more"", ""taylor swift evermore album"", ""taylor swift new music"", ""evermore lyrics"", ""ever more lyrics"", ""evermore album lyrics"", ""ever more album lyrics"", ""haim"", ""taylor swift haim"", ""taylor swift haim song"", ""new haim song"", ""body""]"
2026-06-23,RsEZmictANA,Taylor Swift - willow (Official Music Video),2020-12-11T05:00:10Z,PT4M13S,166902048,,2501898,118612,10,none,public,processed,"[""taylor swift"", ""taylor"", ""swift"", ""willow"", ""willow taylor swift"", ""taylor swift willow"", ""willow official video"", ""willow music video"", ""willow evermore"", ""evermore"", ""taylor swift evermore"", ""willow lyrics"", ""taylor swift willow lyrics"", ""taylor willow"", ""willow taylor"", ""evermore taylor swift"", ""ever more"", ""taylor swift new album"", ""taylor swift new music"", ""ever more taylor swift"", ""taylor swift ever more"", ""テイラー・スウィフト"", ""테일러 스위프트"", ""泰勒絲"", ""泰勒斯威夫特"", ""한글자막"", ""日本語字幕"", ""subtítulos en español"", ""Phụ đề tiếng Việt""]"
2026-06-23,hP6QpMeSG6s,Taylor Swift - marjorie (Official Lyric Video),2020-12-11T05:00:09Z,PT4M18S,17342206,,346240,12422,10,none,public,processed,"[""taylor swift"", ""swift"", ""taylor"", ""marjorie"", ""taylor swift marjorie"", ""marjorie taylor swift"", ""morjorie video"", ""willow lyrics"", ""taylor swift lyrics"", ""evermore"", ""taylor swift evermore"", ""evermore taylor swift"", ""evermore album"", ""taylor swift album"", ""ever more"", ""taylor swift evermore album"", ""taylor swift new music"", ""evermore lyrics"", ""ever more lyrics"", ""evermore album lyrics"", ""ever more album lyrics""]"
2026-06-23,c_p_TBaHvos,Taylor Swift - coney island (Lyric Video) ft. The National,2020-12-11T05:00:08Z,PT4M38S,14843764,,184852,6540,10,none,public,processed,"[""taylor swift"", ""swift"", ""taylor"", ""coney island"", ""taylor swift coney island"", ""willow taylor swift"", ""willow video"", ""willow lyrics"", ""taylor swift lyrics"", ""evermore"", ""taylor swift evermore"", ""evermore taylor swift"", ""evermore album"", ""taylor swift album"", ""ever more"", ""taylor swift evermore album"", ""taylor swift new music"", ""evermore lyrics"", ""ever more lyrics"", ""evermore album lyrics"", ""ever more album lyrics"", ""the national taylor swift"", ""the national taylor swift coney island""]"
2026-06-23,9nIOx-ezlzA,Taylor Swift - ivy (Official Lyric Video),2020-12-11T05:00:06Z,PT4M19S,18274674,,223813,7375,10,none,public,processed,"[""taylor swift"", ""swift"", ""taylor"", ""ivy"", ""taylor swift ivy"", ""ivy taylor swift"", ""willow video"", ""ivy lyrics"", ""taylor swift lyrics"", ""evermore"", ""taylor swift evermore"", ""evermore taylor swift"", ""evermore album"", ""taylor swift album"", ""ever more"", ""taylor swift evermore album"", ""taylor swift new music"", ""evermore lyrics"", ""ever more lyrics"", ""evermore album lyrics"", ""ever more album lyrics""]"
2026-06-23,WuvhOD-mP8M,Taylor Swift - ‘tis the damn season (Official Lyric Video),2020-12-11T05:00:05Z,PT3M56S,18339121,,234533,6148,10,none,public,processed,"[""taylor swift"", ""swift"", ""taylor"", ""willow"", ""taylor swift willow"", ""willow taylor swift"", ""willow video"", ""willow lyrics"", ""taylor swift lyrics"", ""evermore"", ""taylor swift evermore"", ""evermore taylor swift"", ""evermore album"", ""taylor swift album"", ""ever more"", ""taylor swift evermore album"", ""taylor swift new music"", ""evermore lyrics"", ""ever more lyrics"", ""evermore album lyrics"", ""ever more album lyrics"", ""tis the season""]"
2026-06-23,Pz-f9mM3Ms8,Taylor Swift - gold rush (Official Lyric Video),2020-12-11T05:00:03Z,PT3M9S,19801647,,284033,8926,10,none,public,processed,"[""taylor swift"", ""swift"", ""taylor"", ""gold rush"", ""taylor swift gold rush"", ""gold rush taylor swift"", ""gold rush video"", ""willow lyrics"", ""taylor swift lyrics"", ""evermore"", ""taylor swift evermore"", ""evermore taylor swift"", ""evermore album"", ""taylor swift album"", ""ever more"", ""taylor swift evermore album"", ""taylor swift new music"", ""evermore lyrics"", ""ever more lyrics"", ""evermore album lyrics"", ""ever more album lyrics""]"
2026-06-23,EXLgZZE072g,Taylor Swift - evermore (Official Lyric Video) ft. Bon Iver,2020-12-11T05:00:02Z,PT5M5S,23400742,,369338,11999,10,none,public,processed,"[""taylor swift"", ""swift"", ""taylor"", ""bon iver"", ""taylor swift bon iver"", ""bon iver taylor swift"", ""willow video"", ""willow lyrics"", ""taylor swift lyrics"", ""evermore"", ""taylor swift evermore"", ""evermore taylor swift"", ""evermore album"", ""taylor swift album"", ""ever more"", ""taylor swift evermore album"", ""taylor swift new music"", ""evermore lyrics"", ""ever more lyrics"", ""evermore album lyrics"", ""ever more album lyrics"", ""bon iver evermore"", ""bon iver ever more"", ""bone iver""]"
2026-06-23,7EvwIw4gIyk,Taylor Swift - willow (Official Lyric Video),2020-12-11T05:00:01Z,PT3M41S,20030790,,245394,5022,10,none,public,processed,"[""taylor swift"", ""swift"", ""taylor"", ""willow"", ""taylor swift willow"", ""willow taylor swift"", ""willow video"", ""willow lyrics"", ""taylor swift lyrics"", ""evermore"", ""taylor swift evermore"", ""evermore taylor swift"", ""evermore album"", ""taylor swift album"", ""ever more"", ""taylor swift evermore album"", ""taylor swift new music"", ""evermore lyrics"", ""ever more lyrics"", ""evermore album lyrics"", ""ever more album lyrics""]"
2026-06-23,AIFnKqIeEdY,Taylor Swift - closure (Official Lyric Video),2020-12-11T05:00:01Z,PT3M3S,5724689,,140385,4716,10,none,public,processed,"[""taylor swift"", ""swift"", ""taylor"", ""closure"", ""taylor swift closure"", ""closure taylor swift"", ""closure video"", ""willow lyrics"", ""taylor swift lyrics"", ""evermore"", ""taylor swift evermore"", ""evermore taylor swift"", ""evermore album"", ""taylor swift album"", ""ever more"", ""taylor swift evermore album"", ""taylor swift new music"", ""evermore lyrics"", ""ever more lyrics"", ""evermore album lyrics"", ""ever more album lyrics""]"
2026-06-23,o5SQIECedTY,Taylor Swift - exile (folklore: the long pond studio sessions | Disney+) ft. Bon Iver,2020-11-25T08:00:07Z,PT4M40S,28945593,,508401,19553,10,none,public,processed,"[""taylor swift"", ""taylor"", ""swift"", ""exile"", ""exile taylor swift"", ""taylor swift exile"", ""bon iver"", ""taylor swift bon iver"", ""exile official video"", ""exile music video"", ""long pond sessions"", ""exile long pond"", ""folklore"", ""taylor swift folklore"", ""exile lyrics"", ""taylor swift exile lyrics"", ""taylor exile"", ""exile taylor"", ""folklore taylor swift"", ""folk lore"", ""taylor swift new album"", ""taylor swift new music"", ""folk lore taylor swift"", ""taylor swift folk lore"", ""disneyplus"", ""taylor disney""]"
2026-06-23,jgdFUoZzCI0,Taylor Swift – folklore: the long pond studio sessions | Official Trailer | Disney+,2020-11-24T13:15:46Z,PT1M57S,1574872,,154877,11158,10,none,public,processed,"[""Taylor Swift"", ""Disney Plus"", ""Disney+"", ""folklore"", ""movie""]"
2026-06-23,orXAg5dIMa8,Taylor Swift - betty (Live from the 2020 Academy of Country Music Awards),2020-09-17T06:00:03Z,PT5M17S,26163618,,614007,29229,10,none,public,processed,"[""Taylor Swift"", ""Taylor Swift live"", ""ACM"", ""ACM Awards"", ""Taylor ACM"", ""betty"", ""betty live"", ""betty ACM"", ""Taylor Swift betty"", ""Taylor betty"", ""country live"", ""folklore"", ""folklore live"", ""folklore betty"", ""Academy of Country Music Awards""]"
2026-06-23,tOHcAc3r2kw,Taylor Swift - the lakes (Official Lyric Video),2020-08-18T07:00:15Z,PT3M31S,14688488,,359912,15978,10,none,public,processed,"[""Taylor"", ""Swift"", ""the"", ""lakes"", ""(Lyric"", ""Video)"", ""Alternative""]"
2026-06-23,GPQdWYNi8Wc,Taylor Swift - The Making of 'cardigan' | Vevo Footnotes,2020-08-17T16:00:31Z,PT4M36S,3069330,,126867,4357,10,none,public,processed,"[""Taylor Swift"", ""Taylor Swift videos"", ""new Taylor Swift video"", ""The Making of cardigan"", ""Footnotes"", ""Vevo Footnotes"", ""Taylor"", ""Swift"", ""Alternative"", ""Taylor Swift cardigan"", ""cardigan"", ""behind the scenes cardigan"", ""secrets about cardigan"", ""Taylor fun facts"", ""video fun facts"", ""Vevo videos"", ""Vintage tee"", ""brand new phone High heels on cobblestones When you are young"", ""they assume you know nothing Sequin smile"", ""black lipstick Sensual politics When you are young"", ""they""]"
2026-06-23,i50QUXDeC80,Taylor Swift - cardigan (cabin in candlelight version / Visualizer),2020-07-30T04:00:12Z,PT3M48S,4730639,,245885,2979,10,none,public,processed,"[""Taylor"", ""Swift"", ""cardigan"", ""(cabin"", ""candlelight"", ""version"", ""Visualizer)"", ""Alternative""]"
2026-06-23,osdoLjUNFnA,Taylor Swift – exile (feat. Bon Iver) (Official Lyric Video),2020-07-24T04:00:21Z,PT4M47S,135160085,,1325636,46673,10,none,public,processed,"[""Taylor"", ""Swift"", ""exile"", ""(Lyric"", ""Video)"", ""Alternative""]"
2026-06-23,ryLGxpjwAhM,Taylor Swift – hoax (Official Lyric Video),2020-07-24T04:00:21Z,PT3M42S,14845031,,281101,8984,10,none,public,processed,"[""Taylor"", ""Swift"", ""hoax"", ""(Lyric"", ""Video)"", ""TS/Republic"", ""Alternative""]"
2026-06-23,pEY-GPsru_E,Taylor Swift – seven (Official Lyric Video),2020-07-24T04:00:17Z,PT3M30S,25218632,,327785,12263,10,none,public,processed,"[""Taylor"", ""Swift"", ""seven"", ""(Lyric"", ""Video)"", ""Alternative""]"
2026-06-23,nn_0zPAfyo8,Taylor Swift – august (Official Lyric Video),2020-07-24T04:00:15Z,PT4M24S,139016963,,1124400,39643,10,none,public,processed,"[""Taylor"", ""Swift"", ""august"", ""(Lyric"", ""Video)"", ""Alternative""]"
2026-06-23,zLSUp53y-HQ,Taylor Swift - cardigan (Official Lyric Video),2020-07-24T04:00:11Z,PT4M1S,46414975,,467694,6779,10,none,public,processed,"[""Taylor"", ""Swift"", ""cardigan"", ""(Lyric"", ""Video)"", ""TS/Republic"", ""Alternative""]"
2026-06-23,HpxX4ZE4KWE,Taylor Swift – peace (Official Lyric Video),2020-07-24T04:00:10Z,PT3M55S,11454528,,206997,6718,10,none,public,processed,"[""Taylor"", ""Swift"", ""peace"", ""(Lyric"", ""Video)"", ""Alternative""]"
2026-06-23,K-a8s8OLBSE,Taylor Swift - cardigan,2020-07-24T04:00:09Z,PT4M35S,225340815,,3365787,150281,10,none,public,processed,"[""Taylor"", ""cardigan"", ""taylor swift"", ""taylor swift cardigan"", ""cardigan taylor swift"", ""taylor swift folklore"", ""taylor swift folklore album"", ""cardigan taylor swift lyrics"", ""taylor cardigan"", ""taylor cardigan music video""]"
2026-06-23,OWbDJFtHl3w,Taylor Swift – my tears ricochet (Official Lyric Video),2020-07-24T04:00:06Z,PT4M17S,60703674,,529620,13526,10,none,public,processed,"[""Taylor"", ""Swift"", ""tears"", ""ricochet"", ""(Lyric"", ""Video)"", ""TS/Republic"", ""Alternative""]"
2026-06-23,9bdLTPNrlEg,Taylor Swift – this is me trying (Official Lyric Video),2020-07-24T04:00:04Z,PT3M16S,27947254,,354977,9715,10,none,public,processed,"[""Taylor"", ""Swift"", ""this"", ""trying"", ""(Lyric"", ""Video)"", ""Alternative""]"
2026-06-23,KaM1bCuG4xo,Taylor Swift – mirrorball (Official Lyric Video),2020-07-24T04:00:04Z,PT3M30S,32978037,,349120,8966,10,none,public,processed,"[""Taylor"", ""Swift"", ""mirrorball"", ""(Lyric"", ""Video)"", ""TS/Republic"", ""Alternative""]"
2026-06-23,MLV2SJKWk4M,Taylor Swift – illicit affairs (Official Lyric Video),2020-07-24T04:00:04Z,PT3M12S,33090709,,325493,7647,10,none,public,processed,"[""Taylor"", ""Swift"", ""illicit"", ""affairs"", ""(Lyric"", ""Video)"", ""Alternative""]"
2026-06-23,OuFnpmGwg5k,Taylor Swift – invisible string (Official Lyric Video),2020-07-24T04:00:04Z,PT4M14S,33891688,,350312,9686,10,none,public,processed,"[""Taylor"", ""Swift"", ""invisible"", ""string"", ""(Lyric"", ""Video)"", ""Alternative""]"
2026-06-23,6TAPqXkZW_I,Taylor Swift – betty (Official Lyric Video),2020-07-24T04:00:03Z,PT4M56S,33501570,,429447,17447,10,none,public,processed,"[""Taylor"", ""Swift"", ""betty"", ""taylor swift"", ""taylor swift betty"", ""betty taylor swift""]"
2026-06-23,KsZ6tROaVOQ,Taylor Swift - the 1 (Official Lyric Video),2020-07-24T04:00:03Z,PT3M32S,66806652,,710112,20027,10,none,public,processed,"[""Taylor"", ""Swift"", ""the"", ""(Lyric"", ""Video)"", ""TS/Republic"", ""Alternative""]"
2026-06-23,6DP4q_1EgQQ,Taylor Swift – mad woman (Official Lyric Video),2020-07-24T04:00:02Z,PT3M59S,15405771,,263387,8515,10,none,public,processed,"[""Taylor"", ""Swift"", ""mad"", ""woman"", ""(Lyric"", ""Video)"", ""Alternative""]"
2026-06-23,DUnDkI7l9LQ,Taylor Swift – epiphany (Official Lyric Video),2020-07-24T04:00:02Z,PT4M51S,13661257,,239743,9875,10,none,public,processed,"[""Taylor"", ""Swift"", ""epiphany"", ""(Lyric"", ""Video)"", ""TS/Republic"", ""Alternative""]"
2026-06-23,2s5xdY6MCeI,Taylor Swift - the last great american dynasty (Official Lyric Video),2020-07-24T04:00:01Z,PT3M52S,31795291,,369553,11911,10,none,public,processed,"[""Taylor"", ""Swift"", ""taylor swift the last great american dynasty"", ""the last great american dynasty"", ""taylor the last great american dynasty"", ""the last great american dynasty lyric video"", ""taylor swift"", ""tlgad"", ""swifties"", ""taylor swift lyric video""]"
2026-06-23,Vgt1d3eAm7A,Taylor Swift - Cornelia Street (Live From Paris),2020-06-22T10:00:21Z,PT5M2S,14671955,,291431,11242,10,none,public,processed,"[""Taylor"", ""Swift"", ""Cornelia"", ""Street"", ""(Live"", ""From"", ""Paris)"", ""Pop""]"
2026-06-23,rqsmrSyLTNM,Taylor Swift - Death By A Thousand Cuts (Live From Paris),2020-05-18T02:00:11Z,PT3M21S,4543393,,89574,2631,10,none,public,processed,"[""Taylor"", ""Swift"", ""Death"", ""Thousand"", ""Cuts"", ""(Live"", ""From"", ""Paris"", ""Audio)"", ""Pop""]"
2026-06-23,JSD4XCBWzvs,Taylor Swift - Daylight (Live From Paris),2020-05-18T02:00:03Z,PT4M24S,3100921,,72018,2283,10,none,public,processed,"[""Taylor"", ""Swift"", ""Daylight"", ""(Live"", ""From"", ""Paris"", ""Audio)"", ""Pop""]"
2026-06-23,d_2WyBcFbFY,Taylor Swift - The Archer (Live From Paris),2020-05-18T02:00:03Z,PT3M32S,982049,,28923,1041,10,none,public,processed,"[""Taylor"", ""Swift"", ""The"", ""Archer"", ""(Live"", ""From"", ""Paris"", ""Audio)"", ""Pop""]"
2026-06-23,DIMDgq_MYJs,Taylor Swift - ME! (Live From Paris),2020-05-18T02:00:02Z,PT3M35S,776709,,32956,1413,10,none,public,processed,"[""Taylor"", ""Swift"", ""ME!"", ""(Live"", ""From"", ""Paris"", ""Audio)"", ""Pop""]"
2026-06-23,Uxg-ivPGusQ,Taylor Swift - You Need To Calm Down (Live From Paris),2020-05-18T02:00:02Z,PT3M25S,643825,,26973,1053,10,none,public,processed,"[""Taylor"", ""Swift"", ""You"", ""Need"", ""Calm"", ""Down"", ""(Live"", ""From"", ""Paris"", ""Audio)"", ""Pop""]"
2026-06-23,3xGvCApIEQY,Taylor Swift - Cornelia Street (Live From Paris),2020-05-18T02:00:00Z,PT4M58S,9351596,,132994,4839,10,none,public,processed,"[""Taylor"", ""Swift"", ""Cornelia"", ""Street"", ""(Live"", ""From"", ""Paris"", ""Audio)"", ""Pop""]"
2026-06-23,a4iTHPwioEc,Taylor Swift - Lover (Live From Paris),2020-05-18T02:00:00Z,PT3M51S,1226998,,39290,1437,10,none,public,processed,"[""Taylor"", ""Swift"", ""Lover"", ""Taylor lover"", ""taylor lover live from paris"", ""lover live from paris"", ""taylor swift lover"", ""taylor swift lover live from paris""]"
2026-06-23,Tj6qU4dlKeA,Taylor Swift - Fearless (Live From Clear Channel Stripped 2008 / Audio),2020-04-24T04:00:21Z,PT3M24S,43300,,565,63,10,none,public,processed,"[""Taylor"", ""Swift"", ""Fearless"", ""(Live"", ""From"", ""Clear"", ""Channel"", ""Stripped"", ""2008"", ""Audio)"", ""Big"", ""Machine"", ""Records"", ""LLC"", ""Country""]"
2026-06-23,opS9a1_PuWA,Taylor Swift - Love Story (Live From Clear Channel Stripped 2008 / Audio),2020-04-24T04:00:20Z,PT3M46S,29841,,472,76,10,none,public,processed,"[""Taylor"", ""Swift"", ""Love"", ""Story"", ""(Live"", ""From"", ""Clear"", ""Channel"", ""Stripped"", ""2008"", ""Audio)"", ""Big"", ""Machine"", ""Records"", ""LLC"", ""Country""]"
2026-06-23,kX6h4gDYLzM,Taylor Swift - Picture To Burn (Live From Clear Channel Stripped 2008 / Audio),2020-04-24T04:00:17Z,PT2M59S,7199,,227,28,10,none,public,processed,"[""Taylor"", ""Swift"", ""Picture"", ""Burn"", ""(Live"", ""From"", ""Clear"", ""Channel"", ""Stripped"", ""2008"", ""Audio)"", ""Big"", ""Machine"", ""Records"", ""LLC"", ""Country""]"
2026-06-23,o_CgCUINYmQ,Taylor Swift - Untouchable (Live From Clear Channel Stripped 2008 / Audio),2020-04-24T04:00:17Z,PT3M49S,15340,,323,33,10,none,public,processed,"[""Taylor"", ""Swift"", ""Untouchable"", ""(Live"", ""From"", ""Clear"", ""Channel"", ""Stripped"", ""2008"", ""Audio)"", ""Big"", ""Machine"", ""Records"", ""LLC"", ""Country""]"
2026-06-23,QDiyzUSx288,Taylor Swift - Change (Live From Clear Channel Stripped 2008 / Audio),2020-04-24T04:00:10Z,PT4M23S,7193,,314,110,10,none,public,processed,"[""Taylor"", ""Swift"", ""Change"", ""(Live"", ""From"", ""Clear"", ""Channel"", ""Stripped"", ""2008"", ""Audio)"", ""Big"", ""Machine"", ""Records"", ""LLC"", ""Country""]"
2026-06-23,FydBi2b_eoA,Taylor Swift - Should've Said No (Live From Clear Channel Stripped 2008 / Audio),2020-04-24T04:00:08Z,PT3M54S,8667,,186,29,10,none,public,processed,"[""Taylor"", ""Swift"", ""Should've"", ""Said"", ""(Live"", ""From"", ""Clear"", ""Channel"", ""Stripped"", ""2008"", ""Audio)"", ""Big"", ""Machine"", ""Records"", ""LLC"", ""Country""]"
2026-06-23,2SXLyqKAFYU,Taylor Swift - Beautiful Eyes (Live From Clear Channel Stripped 2008 / Audio),2020-04-24T04:00:02Z,PT3M2S,14310,,354,36,10,none,public,processed,"[""Taylor"", ""Swift"", ""Country"", ""taylor swift"", ""taylor swift beautiful eyes"", ""beautiful eyes"", ""taylor beautiful eyes""]"
2026-06-23,1-oRawNFmk4,Taylor Swift - Teardrops On My Guitar (Live From Clear Channel Stripped 2008 / Audio),2020-04-24T04:00:00Z,PT3M22S,8103,,222,19,10,none,public,processed,"[""Taylor"", ""Swift"", ""Teardrops"", ""Guitar"", ""(Live"", ""From"", ""Clear"", ""Channel"", ""Stripped"", ""2008"", ""Audio)"", ""Big"", ""Machine"", ""Records"", ""LLC"", ""Country""]"
2026-06-23,wFcFQP8XKuY,Taylor Swift - Love Story (Digital Dog Remix / Audio),2020-04-14T20:21:47Z,PT5M56S,194464,,2063,133,10,none,public,processed,"[""Taylor"", ""Swift"", ""Love"", ""Story"", ""(Digital"", ""Dog"", ""Remix"", ""Audio)"", ""Big"", ""Machine"", ""Records"", ""LLC"", ""Country""]"
2026-06-23,_4AaNBf9nkU,Taylor Swift - You're Not Sorry (CSI Remix / Audio),2020-04-14T20:21:27Z,PT4M22S,50347,,748,63,10,none,public,processed,"[""Taylor"", ""Taylor Swift"", ""taylor swift you're not sorry"", ""you're not sorry taylor swift"", ""CSI Remix"", ""taylor csi remix"", ""taylor swift CSI remix"", ""CSI remix taylor"", ""CSI remix taylor swift""]"
2026-06-23,kO9PkyWTZNw,Taylor Swift - Love Story (Pop Mix / Audio),2020-04-14T20:15:15Z,PT3M55S,228360,,2177,122,10,none,public,processed,"[""Taylor"", ""Swift"", ""Love"", ""Story"", ""(Pop"", ""Mix"", ""Audio)"", ""Big"", ""Machine"", ""Records"", ""LLC"", ""Country""]"
2026-06-23,IQL1vIP9sos,Taylor Swift - The Man (Behind The Scenes: The Umpire),2020-03-20T18:01:06Z,PT52S,894502,,42665,1153,10,none,public,processed,"[""Taylor Swift"", ""The Man"", ""BTS"", ""Behind The Scenes"", ""The Umpire"", ""Lover""]"
2026-06-23,mxtUnuldKgc,Taylor Swift - The Man (Behind The Scenes: Directing),2020-03-10T12:45:00Z,PT4M10S,2207260,,111372,3354,10,none,public,processed,"[""Taylor"", ""Swift"", ""The"", ""Man"", ""(Behind"", ""Scenes:"", ""Directing)"", ""Pop""]"
2026-06-23,a5gXfaAFPOM,Taylor Swift - The Man (Becoming The Man: Behind The Scenes),2020-03-06T13:15:00Z,PT3M15S,4331507,,206795,6646,10,none,public,processed,"[""Taylor"", ""Swift"", ""Taylor Swift The Man"", ""The Man Taylor Swift"", ""taylor the man"", ""becoming the man taylor swift"", ""the man taylor swift behind the scenes""]"
2026-06-23,AqAJLh9wuZ0,Taylor Swift - The Man (Official Video),2020-02-27T12:00:11Z,PT4M15S,115631088,,2248664,113586,10,none,public,processed,"[""Taylor"", ""Swift"", ""テイラー・スウィフト"", ""테일러 스위프트"", ""泰勒絲"", ""泰勒斯威夫特"", ""한글자막"", ""日本語字幕"", ""subtítulos en español"", ""Phụ đề tiếng Việt"", ""Subtitles in Tagalog"", ""Teks dalam Bahasa Indonesia"", ""उपशीर्षक हिंदी में"", ""Sarikata Dalam Bahasa Malaysia"", ""คำบรรยายภาษาไทย"", ""the man"", ""taylor swift the man"", ""the man taylor"", ""the man taylor swift"", ""the man official music video"", ""taylor swift the man music video""]"
2026-06-23,F3aXpa1rQEY,Taylor Swift - The Man (Live From Paris),2020-02-18T05:00:02Z,PT3M44S,9065043,,326008,9377,10,none,public,processed,"[""Taylor"", ""Swift"", ""The"", ""Man"", ""(Live"", ""From"", ""Paris"", ""2019)"", ""Pop""]"
2026-06-23,tbEekLA7J3Y,Taylor Swift - The Man (Lyric Video),2020-02-07T17:00:20Z,PT3M20S,35828122,,692493,19975,10,none,public,processed,"[""Taylor"", ""Swift"", ""The"", ""Man"", ""(Lyric"", ""Video)"", ""Pop""]"
2026-06-23,GJU-S1t2r1M,Taylor Swift - Only The Young (Featured in Miss Americana / Lyric Video),2020-01-31T09:00:06Z,PT2M39S,14581954,,402179,16598,10,none,public,processed,"[""Taylor"", ""Swift"", ""Only"", ""The"", ""Young"", ""(Lyric"", ""Video)"", ""Pop""]"
2026-06-23,40RsbcFRwNA,Miss Americana | Official Trailer,2020-01-22T15:45:12Z,PT2M3S,8204071,,392754,14410,10,none,public,processed,"[""taylor swift"", ""Miss Americana"", ""Official Trailer"", ""Miss Americana | Official Trailer"", ""taylor swift documentary"", ""taylor swift documentary trailer"", ""netflix"", ""netflix documentary"", ""Lover"", ""Lover Taylor Swift"", ""music documentary"", ""political documentary"", ""Taylor"", ""Swift"", ""Lana Wilson""]"
2026-06-23,O2Irnn7F1PM,Taylor Swift - The Making Of Christmas Tree Farm,2019-12-23T14:00:49Z,PT4M43S,2801512,,132971,5325,10,none,public,processed,"[""Taylor Swift"", ""Christmas Tree Farm"", ""Behind The Scenes""]"
2026-06-23,hNHBVaFueYw,How To Be A Cat,2019-12-16T18:43:56Z,PT2M34S,1841424,,172168,4864,10,none,public,processed,[]
2026-06-23,AbKi_WHS9WA,Taylor Swift - Last Christmas (Audio),2019-12-09T19:45:51Z,PT3M34S,78984,,1135,61,10,none,public,processed,"[""Taylor"", ""Swift"", ""Last"", ""Christmas"", ""(Audio)"", ""Big"", ""Machine"", ""Records"", ""LLC"", ""Country""]"
2026-06-23,I2LBLztkeDc,Taylor Swift - Christmases When You Were Mine (Audio),2019-12-07T02:43:41Z,PT3M9S,8144,,185,10,10,none,public,processed,"[""Taylor"", ""Swift"", ""Christmases"", ""When"", ""You"", ""Were"", ""Mine"", ""(Audio)"", ""Big"", ""Machine"", ""Records"", ""LLC"", ""Country""]"
2026-06-23,ZU4o7vvrrPI,Taylor Swift - Santa Baby (Audio),2019-12-07T01:19:23Z,PT2M43S,473144,,3807,281,10,none,public,processed,"[""Taylor"", ""Swift"", ""Santa"", ""Baby"", ""(Audio)"", ""Big"", ""Machine"", ""Records"", ""LLC"", ""Country""]"
2026-06-23,k4lGZmwk0O0,Taylor Swift - Silent Night (Audio),2019-12-07T01:17:54Z,PT3M35S,7195,,250,33,10,none,public,processed,"[""Taylor"", ""Swift"", ""Silent"", ""Night"", ""(Audio)"", ""Big"", ""Machine"", ""Records"", ""LLC"", ""Country""]"
2026-06-23,cMXyjbxuxYQ,Taylor Swift - White Christmas (Audio),2019-12-07T01:16:54Z,PT2M38S,7937,,147,6,10,none,public,processed,"[""Taylor"", ""Swift"", ""White"", ""Christmas"", ""(Audio)"", ""Big"", ""Machine"", ""Records"", ""LLC"", ""Country""]"
2026-06-23,QS-jLu3AOtU,Taylor Swift - Christmas Must Be Something More (Audio),2019-12-07T01:16:15Z,PT3M57S,8692,,196,18,10,none,public,processed,"[""Taylor"", ""Swift"", ""Christmas"", ""Must"", ""Something"", ""More"", ""(Audio)"", ""Big"", ""Machine"", ""Records"", ""LLC"", ""Country""]"
2026-06-23,mN3rDTAdM2o,Taylor Swift - Christmas Tree Farm,2019-12-06T05:00:10Z,PT3M45S,24356710,,710745,27930,10,none,public,processed,"[""Taylor"", ""Swift"", ""Christmas"", ""Tree"", ""Farm"", ""Pop""]"
2026-06-23,Ozk8xq0Lp1g,Taylor Swift - Christmas Tree Farm (Lyric Video),2019-12-06T05:00:06Z,PT3M48S,4654240,,138332,4335,10,none,public,processed,"[""Taylor"", ""Swift"", ""Christmas"", ""Tree"", ""Farm"", ""(Lyric"", ""Video)"", ""Pop""]"
2026-06-23,SVY8I46dkb0,Taylor Swift - Live at the 2019 American Music Awards,2019-11-27T04:39:20Z,PT11M40S,119666189,,2228579,75875,10,none,public,processed,"[""AMAs"", ""AMA Performance"", ""Taylor Swift AMA"", ""한글자막"", ""日本語字幕"", ""subtítulos en español"", ""Türkçe Altyazılı"", ""Phụ đề tiếng Việt"", ""Subtitles in Tagalog"", ""Teks dalam Bahasa Indonesia"", ""उपशीर्षक हिंदी में"", ""Sarikata Dalam Bahasa Malaysia"", ""คำบรรยายภาษาไทย"", ""テイラー・スウィフト"", ""테일러 스위프트"", ""泰勒絲"", ""泰勒斯威夫特""]"
2026-06-23,KmT4Y8w1nho,Taylor Swift - Lover (First Dance Remix),2019-11-26T05:02:00Z,PT3M54S,4389898,,171187,6744,10,none,public,processed,[]
2026-06-23,RGJFqm1BnP4,Taylor Swift - Lover Remix Feat. Shawn Mendes (Snow Globe Lyric Video),2019-11-22T22:35:17Z,PT3M50S,2695058,,113696,2447,10,none,public,processed,"[""Taylor"", ""Swift"", ""Lover"", ""(Remix"", ""Snow"", ""Globe"", ""Lyric"", ""Video)"", ""Pop""]"
2026-06-23,trIjpVH8h88,"Taylor Swift - Beautiful Ghosts (From The Motion Picture ""Cats"" / Lyric Video)",2019-11-15T05:00:10Z,PT4M22S,8163047,,324627,14697,10,none,public,processed,"[""Taylor"", ""Swift"", ""Beautiful"", ""Ghosts"", ""(From"", ""The"", ""Motion"", ""Picture"", ""Cats"", ""Lyric"", ""Video)"", ""Polydor"", ""Records"", ""Soundtrack"", ""Andrew Lloyd Webber"", ""CATS"", ""Lyric Video"", ""Lover"", ""You Need to calm down"", ""Love Story"", ""Songs"", ""Shake it off"", ""London Boy"", ""Live Lounge"", ""Look what you made me do"", ""trailer"", ""movie"", ""soundtrack"", ""CATS soundtrack"", ""movie reaction"", ""behind the scenes 2019"", ""greatest showman"", ""west end"", ""musical"", ""cats musical"", ""cats film"", ""lyrics"", ""karaoke"", ""motion""]"
2026-06-23,b5Zay_Hd_7Q,Taylor Swift - Lover Remix Feat. Shawn Mendes (Lyric Video),2019-11-13T12:27:46Z,PT3M42S,75314765,,1070898,27496,10,none,public,processed,"[""Taylor Swift"", ""Shawn Mendes"", ""Lover"", ""Lover Remix"", ""Lover Remix Lyrics"", ""Lyric Video""]"
2026-06-23,kjD3LoXp-Pw,"Taylor Swift - ""False God"" (Live on Saturday Night Live / 2019)",2019-10-07T20:54:40Z,PT4M3S,6535162,,218348,5442,10,none,public,processed,"[""Taylor Swift"", ""Taylor Swift Live"", ""Taylor Swift SNL"", ""False God SNL""]"
2026-06-23,dmipFjOtMA8,"Taylor Swift - ""Lover"" (Live on Saturday Night Live / 2019)",2019-10-07T20:51:29Z,PT4M2S,4990424,,177158,4687,10,none,public,processed,"[""Taylor Swift"", ""Taylor Swift Live"", ""Taylor Swift SNL"", ""Lover SNL""]"
2026-06-23,hKcEdTPOGGw,Lover Album Photoshoot: Behind The Scenes,2019-08-23T16:03:43Z,PT2M2S,2502857,,62462,1757,10,none,public,processed,"[""Lover Photoshoot"", ""Taylor Swift"", ""Behind The Scenes"", ""Valheria Rocha"", ""Taylor Swift Lover Photoshoot"", ""Lover""]"
2026-06-23,pHoHDNxay3A,Taylor Swift - The Man (Official Audio),2019-08-23T04:00:11Z,PT3M12S,24409681,,250421,7308,10,none,public,processed,"[""Taylor"", ""Swift"", ""The"", ""Man"", ""(Visualizer)"", ""Pop""]"
2026-06-23,u9raS7-NisU,Taylor Swift - Daylight (Official Audio),2019-08-23T04:00:07Z,PT4M55S,119955801,,782866,15252,10,none,public,processed,"[""Taylor"", ""Swift"", ""Daylight"", ""(Visualizer)"", ""Pop""]"
2026-06-23,eaP1VswBF28,Taylor Swift - It’s Nice To Have A Friend (Official Audio),2019-08-23T04:00:06Z,PT2M32S,8451116,,143449,6067,10,none,public,processed,"[""Taylor"", ""Swift"", ""It’s"", ""Nice"", ""Have"", ""Friend"", ""(Visualizer)"", ""Pop""]"
2026-06-23,ic8j13piAhQ,Taylor Swift - Cruel Summer (Official Audio),2019-08-23T04:00:06Z,PT3M,293869138,,1676548,43631,10,none,public,processed,"[""Taylor"", ""Swift"", ""Cruel"", ""Summer"", ""(Visualizer)"", ""Pop""]"
2026-06-23,p1cEvNn88jM,Taylor Swift - I Forgot That You Existed (Official Audio),2019-08-23T04:00:06Z,PT2M52S,31527296,,343350,8387,10,none,public,processed,"[""Taylor"", ""Swift"", ""Forgot"", ""That"", ""You"", ""Existed"", ""(Visualizer)"", ""Pop""]"
2026-06-23,Kwf7P2GNAVw,Taylor Swift - Miss Americana & The Heartbreak Prince (Official Audio),2019-08-23T04:00:05Z,PT3M56S,44706129,,349494,9692,10,none,public,processed,"[""Taylor"", ""Swift"", ""Miss"", ""Americana"", ""The"", ""Heartbreak"", ""Prince"", ""(Visualizer)"", ""Pop""]"
2026-06-23,tMoW5G5LU08,Taylor Swift - Soon You’ll Get Better (Official Audio) ft. The Chicks,2019-08-23T04:00:05Z,PT3M23S,10764886,,172347,6765,10,none,public,processed,"[""Taylor"", ""Swift"", ""Soon"", ""You’ll"", ""Get"", ""Better"", ""(Visualizer)"", ""Pop""]"
2026-06-23,GTEFSuFfgnU,Taylor Swift - Death By A Thousand Cuts (Official Audio),2019-08-23T04:00:03Z,PT3M20S,19374129,,188015,4424,10,none,public,processed,"[""Taylor"", ""Swift"", ""Death"", ""Thousand"", ""Cuts"", ""(Visualizer)"", ""Pop""]"
2026-06-23,VikHHWrgb4Y,Taylor Swift - Cornelia Street (Official Audio),2019-08-23T04:00:03Z,PT4M49S,62787161,,336377,9001,10,none,public,processed,"[""Taylor"", ""Swift"", ""Cornelia"", ""Street"", ""(Visualizer)"", ""Pop""]"
2026-06-23,VsKoOH6DVys,Taylor Swift - London Boy (Official Audio),2019-08-23T04:00:03Z,PT3M12S,45746693,,334946,12955,10,none,public,processed,"[""Taylor"", ""Swift"", ""London"", ""Boy"", ""(Visualizer)"", ""Pop""]"
2026-06-23,8zdg-pDF10g,Taylor Swift - Paper Rings (Official Audio),2019-08-23T04:00:02Z,PT3M44S,55378088,,522665,9952,10,none,public,processed,"[""Taylor"", ""Swift"", ""Paper"", ""Rings"", ""(Visualizer)"", ""Pop""]"
2026-06-23,2d1wKn-oJnA,Taylor Swift - I Think He Knows (Official Audio),2019-08-23T04:00:01Z,PT2M55S,21106191,,220341,5843,10,none,public,processed,"[""Taylor"", ""Swift"", ""taylor swift"", ""taylor swift i think he knows"", ""i think he knows taylor"", ""i think he knows taylor swift"", ""taylor swift lover""]"
2026-06-23,acQXa5ArHIk,Taylor Swift - False God (Official Audio),2019-08-23T04:00:01Z,PT3M22S,19431783,,182426,4437,10,none,public,processed,"[""Taylor"", ""Swift"", ""False"", ""God"", ""(Visualizer)"", ""Pop""]"
2026-06-23,8HxbqAsppwU,Taylor Swift - Afterglow (Official Audio),2019-08-23T04:00:00Z,PT3M45S,35048217,,317285,6940,10,none,public,processed,"[""Taylor"", ""Swift"", ""Afterglow"", ""(Visualizer)"", ""Pop""]"
2026-06-23,gRIWxlehJVg,"Taylor’s Diary -  Discusses Getting Her First Cat Meredith Grey, Tour and Middle School",2019-08-23T00:06:18Z,PT2M4S,122331,,8426,176,10,none,public,processed,[]
2026-06-23,iyYhqYELWtA,Taylor Swift Answers Questions From Fans From Lover’s Lounge Live,2019-08-23T00:05:52Z,PT6M5S,316352,,21756,626,10,none,public,processed,"[""taylor swift"", ""taylor swift questions"", ""taylor swift fan questions"", ""taylor swift q&a"", ""taylor swift lovers lounge"", ""lovers lounge"", ""taylor swift interview""]"
2026-06-23,UY3UfH-ittk,Taylor’s Diary - My 13 Year Old Self (Exclusive Reading from Deluxe Edition Lover Album),2019-08-23T00:05:21Z,PT1M57S,269949,,19877,485,10,none,public,processed,"[""taylot swift"", ""taylor swift lovers loung live"", ""lovers lounge"", ""lovers lounge live"", ""taylor swift diary""]"
2026-06-23,1qwxqyac0Z8,Taylor Swift - The Archer First Ever Live Performance,2019-08-23T00:04:42Z,PT4M1S,428327,,36052,1259,10,none,public,processed,"[""taylor swift archer"", ""taylor swift the archer"", ""taylor swift archer live"", ""archer live"", ""the archer live"", ""taylor swift first performance"", ""taylor swift lovers lounge"", ""taylor swift live"", ""taylor swift performance"", ""taylor swift fan show"", ""small taylor swift show"", ""intimate taylor swift show""]"
2026-06-23,dDO6HnY7h24,Taylor Swift - Lover's Lounge (Live),2019-08-22T21:47:44Z,PT33M43S,16390390,,,4602,10,none,public,processed,"[""Taylor Swift - Lover's Lounge (Live)"", ""Taylor Swift"", ""Lover's Lounge"", ""Lover"", ""Lovers Lounge"", ""Taylor Swift Lover"", ""Live"", ""YouTube Originals event"", ""ME!"", ""You Need To Calm Down"", ""The Archer"", ""Taylor"", ""Swift"", ""Taylor Swift Live"", ""Livestream"", ""YouTube Originals""]"
2026-06-23,-BjZmE2gtdo,Taylor Swift - Lover (Official Music Video),2019-08-22T21:30:09Z,PT3M59S,354548076,,3976083,108727,10,none,public,processed,"[""Taylor"", ""Swift"", ""Lover"", ""한글자막"", ""日本語字幕"", ""subtítulos en español"", ""Türkçe Altyazılı"", ""Phụ đề tiếng Việt"", ""Subtitles in Tagalog"", ""Teks dalam Bahasa Indonesia"", ""उपशीर्षक हिंदी में"", ""Sarikata Dalam Bahasa Malaysia"", ""คำบรรยายภาษาไทย"", ""テイラー・スウィフト"", ""테일러 스위프트"", ""泰勒絲"", ""泰勒斯威夫特"", ""taylor swift lover"", ""lover taylor swift""]"
2026-06-23,cvUAzpn48xA,Taylor Swift - Lover (Official Lyric Video),2019-08-16T04:00:05Z,PT3M50S,53961906,,909394,42162,10,none,public,processed,"[""TaylorSwift"", ""TaylorSwiftLover"", ""LoverLyricVideo"", ""taylor swift"", ""taylor"", ""swift"", ""lover"", ""lover taylor swift"", ""taylor swift lover"", ""taylor lyrics"", ""taylor swift lyrics"", ""taylor swift songs"", ""lyrics taylor swift"", ""love story taylor swift"", ""swifties"", ""you need to calm down"", ""Taylor swift calm down"", ""lyric video""]"
2026-06-23,PWdT2ONbJbc,Taylor Swift - Livestream Announcement (8/22/19 @ 5pm EST),2019-08-15T18:06:59Z,PT40S,13839105,,78775,4711,10,none,public,processed,"[""Taylor Swift"", ""Lovers Lounge"", ""Livestream"", ""Live"", ""Taylor Swift Live"", ""Lover"", ""Taylor Swift Lover"", ""YouTube"", ""Livestream Announcement"", ""taylor"", ""swift""]"
2026-06-23,8KpKc3C9V3w,Taylor Swift - The Archer (Lyric Video),2019-07-23T21:15:00Z,PT3M40S,46166051,,750143,39045,10,none,public,processed,"[""Taylor"", ""Swift"", ""The"", ""Archer"", ""(Lyric"", ""Video)"", ""Pop""]"
2026-06-23,SYd0pYqOJqA,You Need To Calm Down Behind The Scenes: Friends & Neighbors,2019-07-18T15:50:29Z,PT3M2S,2323379,,102817,2372,10,none,public,processed,"[""taylor swift"", ""you need to calm down"", ""behind the scenes"", ""taylor swift behind the scenes"", ""YNTCD"", ""taylor swift lover"", ""lover album"", ""lover""]"
2026-06-23,s4MN_hGvTCA,You Need To Calm Down Behind The Scenes: Morning Routine,2019-07-09T13:42:45Z,PT3M1S,3533348,,146078,4340,10,none,public,processed,"[""taylor swift"", ""you need to calm down"", ""you need to calm down behind the scenes"", ""behind the scenes"", ""lover"", ""YNTCD""]"
2026-06-23,6MLzSp0OJL0,You Need To Calm Down Behind The Scenes: Pop Queen Pageant,2019-06-20T15:00:01Z,PT2M55S,3237734,,166013,4463,10,none,public,processed,"[""you need to calm down taylor swift"", ""You Need To Calm Down"", ""behind the scenes"", ""bts"", ""You Need To Calm Down BTS"", ""taylor swift"", ""Todrick Hall"", ""Pop Queen Pageant"", ""Lover"", ""Trinity Taylor"", ""Trinity K Bonet"", ""Tatianna"", ""Riley Knoxx"", ""Jade Jolie"", ""Delta Work"", ""Adore Delano"", ""A'keria Davenport"", ""taylor swift you need to calm down""]"
2026-06-23,Dkk9gvTmCXY,Taylor Swift - You Need To Calm Down,2019-06-17T12:13:12Z,PT3M31S,387936189,,4819962,251867,10,none,public,processed,"[""taylor swift"", ""you need to calm down"", ""calm down taylor swift"", ""you need to calm down taylor swift"", ""taylor swift songs"", ""lover"", ""lover album"", ""taylor you need to calm down"", ""you need to calm down lyrics"", ""한글자막"", ""日本語字幕"", ""subtítulos en español"", ""Türkçe Altyazılı"", ""Phụ đề tiếng Việt"", ""Subtitles in Tagalog"", ""Teks dalam Bahasa Indonesia"", ""उपशीर्षक हिंदी में"", ""Sarikata Dalam Bahasa Malaysia"", ""คำบรรยายภาษาไทย"", ""テイラー・スウィフト"", ""테일러 스위프트"", ""泰勒絲"", ""泰勒斯威夫特""]"
2026-06-23,GWtfOHBF1_w,Taylor Swift - You Need To Calm Down (Lyric Video),2019-06-14T04:00:04Z,PT2M58S,35788714,,827789,50737,10,none,public,processed,"[""taylor swift"", ""you need to calm down"", ""calm down taylor swift"", ""you need to calm down taylor swift"", ""taylor swift songs"", ""lover"", ""lover album"", ""taylor you need to calm down"", ""you need to calm down lyrics"", ""swifties"", ""taylor lyrics"", ""taylor swift lyrics"", ""lyrics taylor swift"", ""lover taylor swift""]"
2026-06-23,MA0HQG9J9Yk,Taylor Swift - ME! (Live on The Graham Norton Show),2019-05-24T22:40:37Z,PT3M23S,6014447,,167272,6790,10,none,public,processed,"[""Taylor Swift"", ""ME live"", ""ME!"", ""Taylor"", ""Brendon Urie"", ""The Graham Norton Show"", ""taylor swift me live"", ""taylor swift graham norton 2019"", ""graham Norton"", ""Taylor Swift ME!"", ""Taylor swift me"", ""brendon urie"", ""panic!"", ""panic! at the disco"", ""taylor swift brendon urie"", ""music video"", ""me music video"", ""me official video""]"
2026-06-23,_zUCMfYkgj0,Taylor Swift - ME! (Live on The Voice / 2019) ft. Brendon Urie,2019-05-22T03:00:05Z,PT3M24S,13407549,,417392,11981,10,none,public,processed,"[""Taylor Swift"", ""Brendon Urie"", ""ME live"", ""The Voice"", ""ME!"", ""Taylor""]"
2026-06-23,bqOfdv9i4sE,ME! (feat. Brendon Urie of Panic! At The Disco) (Live From The Billboard Music Awards / 2019),2019-05-02T05:32:27Z,PT4M17S,79982046,,1631583,54933,10,none,public,processed,"[""Taylor Swift"", ""Brendon Urie"", ""ME live"", ""BBMAs"", ""ME BBMAs"", ""ME!"", ""Taylor"", ""テイラー・スウィフト"", ""테일러 스위프트"", ""泰勒絲"", ""泰勒斯威夫特"", ""한글자막"", ""日本語字幕"", ""subtítulos en español"", ""Phụ đề tiếng Việt"", ""Subtitles in Tagalog"", ""Teks dalam Bahasa Indonesia"", ""उपशीर्षक हिंदी में"", ""Sarikata Dalam Bahasa Malaysia"", ""คำบรรยายภาษาไทย""]"
2026-06-23,S--WI8PUVVo,Taylor Swift - ME! (feat. Brendon Urie of Panic! At The Disco) (Lyric Video) ft. Brendon Urie,2019-05-01T20:25:01Z,PT3M15S,11043970,,255140,7449,10,none,public,processed,"[""Taylor"", ""Swift"", ""ME!"", ""(feat."", ""Brendon"", ""Urie"", ""Panic!"", ""The"", ""Disco)"", ""(Lyric"", ""Video)"", ""Productions"", ""Inc."", ""All"", ""rights"", ""Reserved."", ""Alternative""]"
2026-06-23,lj2mZ8zDToY,ME! Behind The Scenes: Je Suis Calme,2019-05-01T19:25:22Z,PT3M17S,5295667,,210523,6081,10,none,public,processed,"[""Taylor Swift"", ""Taylor Swift ME!"", ""ME!"", ""Taylor swift me"", ""brendon urie"", ""panic!"", ""panic! at the disco"", ""taylor swift brendon urie"", ""taylor swift cat"", ""funny"", ""taylor swift funny"", ""music video"", ""me music video"", ""me official video"", ""behind the scenes"", ""me behind the scenes"", ""taylor swift behind the scenes"", ""brendon urie behind the scenes"", ""bredon urie funny"", ""official music video"", ""taylor swift panic at the disco"", ""brendon urie panic at the disco""]"
2026-06-23,MUf1ili4Zew,ME! Behind The Scenes: The Story of Benjamin Button,2019-04-30T10:11:11Z,PT3M9S,7244113,,314518,10951,10,none,public,processed,"[""Taylor Swift"", ""Brendon Urie"", ""Panic At The Disco"", ""ME!"", ""Behind The Scenes"", ""ME! Video"", ""Taylor Swift ME!"", ""Taylor Swift Brendon Urie"", ""Taylor Swift Panic at the Disco"", ""Taylor Swift Me Music Video"", ""Me official music video"", ""Me music video"", ""Taylor swift new song"", ""Taylor swift songs"", ""Taylor swift tour 2019"", ""Taylor swift album"", ""Me!"", ""Panic at the disco songs"", ""taylor swift vevo"", ""taylor swift me reaction"", ""taylor swift me lyrics"", ""Swift"", ""taylor swift cats"", ""Taylor Swift New Cat""]"
2026-06-23,FuXNumBwDOM,Taylor Swift - ME! (feat. Brendon Urie of Panic! At The Disco) ft. Brendon Urie,2019-04-26T03:58:13Z,PT4M9S,457793155,,6424402,437812,10,none,public,processed,"[""Taylor"", ""Swift"", ""ME!"", ""(feat."", ""Brendon"", ""Urie"", ""Panic!"", ""The"", ""Disco)"", ""Productions"", ""Inc."", ""All"", ""rights"", ""Reserved."", ""Alternative"", ""한글자막"", ""日本語字幕"", ""subtítulos en español"", ""Türkçe Altyazılı"", ""Phụ đề tiếng Việt"", ""Subtitles in Tagalog"", ""Teks dalam Bahasa Indonesia"", ""उपशीर्षक हिंदी में"", ""Sarikata Dalam Bahasa Malaysia"", ""คำบรรยายภาษาไทย"", ""テイラー・スウィフト"", ""테일러 스위프트"", ""泰勒絲"", ""泰勒斯威夫特""]"
2026-06-23,HIb_TlK2HAI,Taylor Swift reputation Stadium Tour | Official Trailer | Netflix,2018-12-13T13:08:05Z,PT1M23S,5812077,,216150,14957,10,none,public,processed,"[""Taylor Swift"", ""reputation"", ""reputation stadium tour"", ""Taylor Swift reputation stadium tour"", ""rep tour"", ""netflix""]"
2026-06-23,RamgJyJsep4,Taylor Swift and Robbie Williams - Angels - reputation Stadium Tour,2018-06-24T23:44:04Z,PT1M36S,8620838,,103828,4227,10,none,public,processed,"[""taylor swift"", ""angels"", ""robbie williams"", ""reputation"", ""reputation stadium tour"", ""wembley""]"
2026-06-23,MBR2kxt7RK8,Taylor Swift - Delicate (Vertical Version),2018-05-15T21:02:41Z,PT3M55S,7792662,,246393,10051,10,none,public,processed,"[""Taylor"", ""Swift"", ""Delicate"", ""Big"", ""Machine"", ""Records"", ""LLC"", ""Pop""]"
2026-06-23,aoYhTov8jsY,Taylor Swift reputation Stadium Tour - Official Merch,2018-05-01T23:26:41Z,PT31S,518355,,41629,2311,10,none,public,processed,[]
2026-06-23,RMW3fAructY,Taylor Swift reputation Stadium Tour // Trailer 2,2018-04-05T21:06:54Z,PT31S,435943,,29332,2088,10,none,public,processed,"[""taylor swift"", ""rep"", ""reputation"", ""reputation stadium tour"", ""camila cabello"", ""charli xcx"", ""havana"", ""delicate"", ""end game"", ""ed sheeran"", ""look what you made me do"", ""ready for it""]"
2026-06-23,zGSneb3McDo,Delicate Music Video Dance Rehearsal Part 2,2018-03-13T21:35:45Z,PT58S,2451416,,92647,1813,10,none,public,processed,"[""taylor swift"", ""delicate"", ""delicate music video"", ""reputation"", ""delicate video""]"
2026-06-23,sEr7bAtZ8rY,Delicate Music Video Dance Rehearsal Part 1,2018-03-13T21:28:05Z,PT1M1S,9079315,,184517,4023,10,none,public,processed,"[""taylor swift"", ""delicate"", ""delicate music video"", ""reputation""]"
2026-06-23,tCXGJQYZ9JA,Taylor Swift - Delicate,2018-03-12T01:15:10Z,PT3M55S,600828161,,4701020,212388,10,none,public,processed,"[""Taylor Swift"", ""Delicate"", ""Big"", ""Machine"", ""Records"", ""LLC"", ""Pop""]"
2026-06-23,VA7Y_Psp5l4,End Game - Behind The Scenes,2018-02-09T16:01:53Z,PT5M2S,2446197,,105393,3745,10,none,public,processed,"[""taylor swift"", ""end game"", ""end"", ""game"", ""tswift"", ""taylor"", ""swift"", ""ed sheeran"", ""future"", ""end game video""]"
2026-06-23,dfnCAmr569k,"Taylor Swift - End Game ft. Ed Sheeran, Future",2018-01-12T05:00:01Z,PT4M12S,317221832,,3472904,179001,10,none,public,processed,"[""Taylor"", ""Swift"", ""End"", ""Game"", ""Big"", ""Machine"", ""Pop"", ""テイラー・スウィフト"", ""테일러 스위프트"", ""泰勒絲"", ""泰勒斯威夫特"", ""한글자막"", ""日本語字幕"", ""subtítulos en español"", ""Phụ đề tiếng Việt"", ""Subtitles in Tagalog"", ""Teks dalam Bahasa Indonesia"", ""उपशीर्षक हिंदी में"", ""Sarikata Dalam Bahasa Malaysia"", ""คำบรรยายภาษาไทย""]"
2026-06-23,MvIwx0JThsk,"Taylor Swift, BloodPop® - ...Ready For It?",2017-12-14T16:00:02Z,PT3M13S,10032076,,304298,11359,10,none,public,processed,"[""Taylor Swift"", ""…Ready For It?"", ""BloodPop®"", ""Remix"", ""reputation""]"
2026-06-23,66kn6Dcr12E,Taylor Swift's reputation Stadium Tour - Trailer,2017-12-13T15:00:00Z,PT31S,567038,,33426,2152,10,none,public,processed,"[""taylor swift"", ""reputation"", ""rep"", ""taylor swift's reputation stadium tour"", ""live"", ""event"", ""worldwide"", ""north america"", ""look what you made me do"", ""ready for it"", ""end game""]"
2026-06-23,GZeza5xTeuM,Taylor Swift - …Ready for It? (BloodPop® Remix) (Audio),2017-12-06T20:03:12Z,PT3M10S,3946892,,47176,2175,10,none,public,processed,[]
2026-06-23,oWVYzCPs3nE,TaylorSwiftVEVO Live Stream,2017-12-01T21:00:48Z,P0D,0,,63,1,10,upcoming,public,uploaded,[]
2026-06-23,eQVhAN7-IAw,The Making of a Song: “Delicate” – watch more on Taylor Swift NOW,2017-11-15T03:43:47Z,PT3M53S,5128552,,200283,5163,10,none,public,processed,"[""DIRECTV"", ""DIRECTVNOW"", ""ATT"", ""AT&T"", ""The Making of a Song"", ""Taylor Swift NOW"", ""Taylor Swift"", ""Swifties"", ""Delicate"", ""Reputation""]"
2026-06-23,kGOmPmILndU,The reputation Secret Sessions,2017-11-07T13:30:04Z,PT2M46S,3460183,,155272,6440,10,none,public,processed,[]
2026-06-23,V54CEElTF_U,Taylor Swift - Call It What You Want (Lyric Video),2017-11-03T04:00:01Z,PT3M27S,132384117,,1268241,53682,10,none,public,processed,"[""Taylor Swift"", ""Call It What You Want"", ""reputation""]"
2026-06-23,wIft-t-MQuE,Taylor Swift - …Ready For It?,2017-10-27T04:00:03Z,PT3M31S,388260669,,4008831,210246,10,none,public,processed,"[""Taylor Swift"", ""…Ready For It?"", ""reputation"", ""テイラー・スウィフト"", ""테일러 스위프트"", ""泰勒絲"", ""泰勒斯威夫特"", ""한글자막"", ""日本語字幕"", ""subtítulos en español"", ""Phụ đề tiếng Việt"", ""Subtitles in Tagalog"", ""Teks dalam Bahasa Indonesia"", ""उपशीर्षक हिंदी में"", ""Sarikata Dalam Bahasa Malaysia"", ""คำบรรยายภาษาไทย""]"
2026-06-23,GU5_g8Tmiv8,...Ready For It? Trailer,2017-10-23T14:17:17Z,PT16S,3787087,,97348,7688,10,none,public,processed,"[""taylor swift"", ""taylor"", ""swift"", ""ready for it"", ""reputation"", ""look what you made me do"", ""goregous"", ""big machine"", ""music video"", ""music"", ""video""]"
2026-06-23,EUoe7cf0HYw,Taylor Swift - Gorgeous (Lyric Video),2017-10-20T04:01:22Z,PT3M32S,187091967,,1604944,75131,10,none,public,processed,"[""Taylor Swift"", ""Gorgeous"", ""reputation""]"
2026-06-23,np4Nw0tBun8,Look What You Made Me Do - Looks,2017-10-17T21:32:17Z,PT2M46S,2123113,,90790,1830,10,none,public,processed,"[""taylor swift"", ""reputation"", ""look what you made me do"", ""behind the scenes""]"
2026-06-23,71QPEkD9PhM,Look What You Made Me Do - Stream Co.,2017-09-27T14:51:30Z,PT1M37S,892615,,23946,508,10,none,public,processed,"[""taylor"", ""swift"", ""taylor swift"", ""look what you made me do"", ""reputation"", ""rep"", ""steam"", ""streaming"", ""cats"", ""meredith"", ""olivia""]"
2026-06-23,e7HLU5-0VU4,Taylor Swift Live Stream,2017-09-26T22:54:35Z,P0D,0,,94,0,10,upcoming,public,uploaded,[]
2026-06-23,jJeK0p1LanY,Look What You Made Me Do - The Birdcage,2017-09-21T14:56:22Z,PT5M28S,823961,,25196,957,10,none,public,processed,"[""taylor swift"", ""the birdcage"", ""bird"", ""cage"", ""swift"", ""taylor"", ""tswift"", ""twsift"", ""look what you made me do"", ""look what"", ""lwymmd""]"
2026-06-23,BKCmxyohzww,Look What You Made Me Do - Zombie Transformation,2017-09-21T13:16:00Z,PT5M31S,7454742,,139322,3961,10,none,public,processed,[]
2026-06-23,XF_ARz7jTUw,Look What You Made Me Do: Taylor Mountain,2017-09-20T20:03:01Z,PT7M4S,8268741,,208452,4779,10,none,public,processed,"[""taylor swift"", ""lwymmd"", ""reputation"", ""transformation"", ""old taylor"", ""old taylors"", ""tswift"", ""taylor"", ""swift""]"
2026-06-23,T62maKYX9tU,Taylor Swift - ...Ready For It? (Audio),2017-09-03T12:07:45Z,PT3M29S,68821856,,613230,43779,10,none,public,processed,"[""Taylor Swift"", ""reputation"", ""...Ready For It?"", ""Ready For It"", ""Ready For It?""]"
2026-06-23,3tmd-ClpJxA,Taylor Swift - Look What You Made Me Do,2017-08-28T00:30:22Z,PT4M16S,1570142107,,13750495,761021,10,none,public,processed,"[""Taylor Swift"", ""Look What You Made Me Do"", ""Reputation"", ""한글자막"", ""日本語字幕"", ""subtítulos en español"", ""Türkçe Altyazılı"", ""Phụ đề tiếng Việt"", ""Subtitles in Tagalog"", ""Teks dalam Bahasa Indonesia"", ""उपशीर्षक हिंदी में"", ""Sarikata Dalam Bahasa Malaysia"", ""คำบรรยายภาษาไทย"", ""テイラー・スウィフト"", ""테일러 스위프트"", ""泰勒絲"", ""泰勒斯威夫特""]"
2026-06-23,iM_j8_AZJW4,"Official ""Look What You Made Me Do"" Video Teaser Clip",2017-08-25T12:34:35Z,PT21S,4959428,,115135,5833,10,none,public,processed,"[""Taylor Swift"", ""reputation"", ""Look What You Made Me Do""]"
2026-06-23,3K0RzZGpyds,Taylor Swift - Look What You Made Me Do (Lyric Video),2017-08-25T03:44:23Z,PT3M35S,155248160,,2206186,196754,10,none,public,processed,"[""Taylor Swift"", ""Look What You Made Me Do"", ""Reputation"", ""taylor look what you made me do"", ""Look what you made me do lyrics"", ""look what you made me do lyric video"", ""taylor swift lyrics"", ""taylor swift look what you made me do"", ""look what you made me do taylor swift lyrics"", ""taylor swift - look what you made me do""]"
2026-06-23,J37Pitvp7RI,"Rehearsing ""I Don't Wanna Live Forever (Fifty Shades Darker)"" for DIRECTV NOW Super Saturday Night",2017-02-02T15:13:11Z,PT1M22S,1178515,,34393,2016,10,none,public,processed,[]
2026-06-23,fJBFvNiJ4Kw,"First time hearing ""I Don't Wanna Live Forever (Fifty Shades Darker)"" on the radio",2017-02-01T20:03:05Z,PT49S,2949622,,160527,4663,10,none,public,processed,"[""taylor swift"", ""zayn"", ""50 shades"", ""fifty shades darker"", ""i don't wanna live forever"", ""fifty shades""]"
2026-06-23,dwdtzwua2pY,"Taylor Swift, ZAYN - I Don’t Wanna Live Forever (Fifty Shades Darker) BTS 4 – Glitter Lip [EXTENDED]",2017-02-01T18:30:00Z,PT1M30S,3155187,,71362,2396,10,none,public,processed,"[""ZAYN"", ""Taylor"", ""Swift"", ""Don’t"", ""Wanna"", ""Live"", ""Forever"", ""(Fifty"", ""Shades"", ""Darker)"", ""Fifty"", ""Darker"", ""Soundtrack""]"
2026-06-23,QIUWI7dfnC0,I Don't Wanna Live Forever (Fifty Shades Darker) BTS 1 - Zayn & Taylor [EXTENDED],2017-01-27T21:50:35Z,PT1M20S,6386690,,188741,4750,10,none,public,processed,"[""ZAYN"", ""Taylor"", ""Swift"", ""Don’t"", ""Wanna"", ""Live"", ""Forever"", ""(Fifty"", ""Shades"", ""Darker)"", ""Fifty"", ""Darker"", ""Soundtrack"", ""Taylor Swift"", ""Fifty Shades"", ""Fifty Shades Darker"", ""Christian Grey"", ""Anastasia Steele"", ""Jamie Dornan"", ""Dakota Johnson""]"
2026-06-23,OsJ5RyWpY5w,I Don't Wanna Live Forever (Fifty Shades Darker) BTS 2 - Key Light? [EXTENDED],2017-01-27T21:43:14Z,PT1M36S,973102,,31654,624,10,none,public,processed,"[""ZAYN"", ""Taylor"", ""Swift"", ""Don’t"", ""Wanna"", ""Live"", ""Forever"", ""(Fifty"", ""Shades"", ""Darker)"", ""Fifty"", ""Darker"", ""Soundtrack"", ""Taylor Swift"", ""Fifty Shades"", ""Fifty Shades Darker"", ""Christian Grey"", ""Anastasia Steele"", ""Jamie Dornan"", ""Dakota Johnson""]"
2026-06-23,7F37r50VUTQ,"ZAYN, Taylor Swift - I Don’t Wanna Live Forever (Fifty Shades Darker)",2017-01-27T05:00:30Z,PT4M17S,775585789,,5381358,136454,10,none,public,processed,"[""ZAYN"", ""Taylor"", ""Swift"", ""Taylor Swift"", ""Fifty Shades"", ""Fifty Shades Darker"", ""Christian Grey"", ""Anastasia Steele"", ""Jamie Dornan"", ""Dakota Johnson"", ""taylor swift"", ""fifty shades darker"", ""i don't wanna live forever"", ""taylor i don't wanna live forever"", ""zayn taylor swift"", ""taylor swift zayn"", ""taylor swift zayn malik i don't wanna live forever mw hits""]"
2026-06-23,wyK7YuwUWsU,Taylor Swift - New Romantics,2016-04-13T14:31:00Z,PT4M22S,135136781,,1182690,61838,10,none,public,processed,"[""Taylor"", ""Swift"", ""Romantics"", ""Pop"", ""テイラー・スウィフト"", ""테일러 스위프트"", ""泰勒絲"", ""泰勒斯威夫特"", ""한글자막"", ""日本語字幕"", ""subtítulos en español"", ""Phụ đề tiếng Việt"", ""Subtitles in Tagalog"", ""Teks dalam Bahasa Indonesia"", ""उपशीर्षक हिंदी में"", ""Sarikata Dalam Bahasa Malaysia"", ""คำบรรยายภาษาไทย"", ""new romantics"", ""taylor swift"", ""taylor new romantics""]"
2026-06-23,TXJlB9riS1Y,Taylor Swift - Out Of The Woods – The Making Of,2016-02-09T16:55:00Z,PT4M56S,8573545,,216569,7700,10,none,public,processed,"[""Taylor"", ""Swift"", ""Out"", ""The"", ""Woods"", ""Making"", ""Big"", ""Machine"", ""Pop""]"
2026-06-23,p1Zt47V3pPw,"Taylor performs ""Blank Space"" at The GRAMMY Museum",2016-01-07T21:03:14Z,PT5M57S,24679820,,482237,13879,10,none,public,processed,"[""Taylor Swift"", ""Blank Space"", ""1989 Album"", ""1989"", ""Acoustic"", ""GRAMMY Museum""]"
2026-06-23,OGDkg3QiJmk,"Taylor Performs ""Wildest Dreams"" at The GRAMMY Museum",2016-01-05T02:34:16Z,PT4M6S,24870859,,432248,14103,10,none,public,processed,"[""Taylor Swift"", ""GRAMMY Museum"", ""1989"", ""Wildest Dreams""]"
2026-06-23,JLf9q36UsBk,Taylor Swift - Out Of The Woods,2016-01-01T03:51:00Z,PT4M17S,212027923,,2036781,129373,10,none,public,processed,"[""Taylor"", ""Swift"", ""Out Of The Woods"", ""Taylor Swift"", ""out of the woods taylor swift"", ""out of the woods live"", ""out of the woods lyrics"", ""out of the woods taylor swift live"", ""out of the woods taylor"", ""out of the woods lyrics taylor swift"", ""out of the woods lyric video"", ""out of the woods taylor swift lyrics"", ""swift out of the woods"", ""swift out of the woods lyrics""]"
2026-06-23,IdneKLhsWOQ,Taylor Swift - Wildest Dreams,2015-08-31T00:55:00Z,PT3M55S,1017384672,,5731191,241735,10,none,public,processed,"[""Taylor Swift"", ""Wildest Dreams"", ""한글자막"", ""日本語字幕"", ""subtítulos en español"", ""Türkçe Altyazılı"", ""Phụ đề tiếng Việt"", ""Subtitles in Tagalog"", ""Teks dalam Bahasa Indonesia"", ""उपशीर्षक हिंदी में"", ""Sarikata Dalam Bahasa Malaysia"", ""คำบรรยายภาษาไทย"", ""テイラー・スウィフト"", ""테일러 스위프트"", ""泰勒絲"", ""泰勒斯威夫特""]"
2026-06-23,QcIy9NiNbmo,Taylor Swift - Bad Blood ft. Kendrick Lamar,2015-05-18T04:00:00Z,PT4M5S,1685637053,,10376267,475668,10,none,public,processed,"[""Bad Blood"", ""Taylor Swift"", ""Kendrick Lamar"", ""Bad Blood Official"", ""한글자막"", ""日本語字幕"", ""subtítulos en español"", ""Türkçe Altyazılı"", ""Phụ đề tiếng Việt"", ""Subtitles in Tagalog"", ""Teks dalam Bahasa Indonesia"", ""उपशीर्षक हिंदी में"", ""Sarikata Dalam Bahasa Malaysia"", ""คำบรรยายภาษาไทย"", ""テイラー・スウィフト"", ""테일러 스위프트"", ""泰勒絲"", ""泰勒斯威夫特""]"
2026-06-23,bKBJhghRfEk,#STYLEmemories One,2015-02-19T03:15:26Z,PT15S,258235,,10037,316,10,none,public,processed,"[""Taylor Swift (Celebrity)"", ""Taylor Swift (Musical Album)"", ""1989"", ""STYLE Music Video"", ""STYLE"", ""Music Video (TV Genre)""]"
2026-06-23,cM2CXMcG5w8,#STYLEmemories Two,2015-02-19T03:15:08Z,PT15S,249558,,10030,266,10,none,public,processed,"[""Taylor Swift (Celebrity)"", ""Taylor Swift (Musical Album)"", ""1989"", ""STYLE Music Video"", ""TS1989"", ""Music Video""]"
2026-06-23,-CmadmM5cOk,Taylor Swift - Style,2015-02-13T13:20:01Z,PT4M3S,957959460,,4466001,170090,10,none,public,processed,"[""Taylor"", ""Style"", ""한글자막"", ""日本語字幕"", ""subtítulos en español"", ""Türkçe Altyazılı"", ""Phụ đề tiếng Việt"", ""Subtitles in Tagalog"", ""Teks dalam Bahasa Indonesia"", ""उपशीर्षक हिंदी में"", ""Sarikata Dalam Bahasa Malaysia"", ""คำบรรยายภาษาไทย"", ""テイラー・スウィフト"", ""테일러 스위프트"", ""泰勒絲"", ""泰勒斯威夫特"", ""Taylor Swift Style"", ""style taylor swift""]"
2026-06-23,j3yyF31jbKo,Taylor Swift's Gift Giving of 2014 | SWIFTMAS,2014-12-31T18:14:42Z,PT6M12S,20152622,,187613,16690,10,none,public,processed,"[""SWIFTMAS"", ""TayLurking"", ""1989"", ""Taylor swift"", ""Taylor Swift's Gift Giving of 2014""]"
2026-06-23,BxZi6jC2JAI,"Behind The Fragrance, Taylor Swift Incredible Things featuring Taylor Swift (Behind The Scenes)",2014-12-15T17:13:20Z,PT1M24S,518356,,19357,601,10,none,public,processed,"[""Incredible Things"", ""Taylor Swift (Celebrity)"", ""Perfume (Product Category)"", ""Blank Space"", ""Fragrance"", ""Beauty"", ""Behind The Scenes"", ""Music"", ""1989""]"
2026-06-23,e-ORhEE9VVg,Taylor Swift - Blank Space,2014-11-10T17:05:44Z,PT4M33S,3814808187,,16583742,692091,10,none,public,processed,"[""Taylor Swift"", ""Blank space"", ""taylor swift blank space"", ""1989"", ""1989 album"", ""pop. country"", ""한글자막"", ""日本語字幕"", ""subtítulos en español"", ""Türkçe Altyazılı"", ""Phụ đề tiếng Việt"", ""Subtitles in Tagalog"", ""Teks dalam Bahasa Indonesia"", ""उपशीर्षक हिंदी में"", ""Sarikata Dalam Bahasa Malaysia"", ""คำบรรยายภาษาไทย"", ""テイラー・スウィフト"", ""테일러 스위프트"", ""泰勒絲"", ""泰勒斯威夫特""]"
2026-06-23,JggOSZFlk0U,Taylor Swift's The 1989 World Tour,2014-11-03T13:39:39Z,PT15S,729010,,10977,1050,10,none,public,processed,"[""Taylor Swift (Celebrity)"", ""Musician (Profession)"", ""Concert (TV Genre)"", ""Music (TV Genre)"", ""1989"", ""album"", ""singing""]"
2026-06-23,81doBkpkdJQ,"Preview ""Welcome To New York"" by Taylor Swift",2014-10-20T11:51:39Z,PT31S,2140865,,19014,1466,10,none,public,processed,"[""Taylor Swift (Celebrity)""]"
2026-06-23,xVKTOX3vMKM,"Taylor Swift talks about ""Welcome to New York""",2014-10-20T11:51:21Z,PT58S,642954,,11802,335,10,none,public,processed,"[""Taylor Swift (Celebrity)"", ""1989"", ""New York City (City/Town/Village)"", ""Taylor"", ""Swift"", ""New"", ""Album"", ""Songwriter (Profession)"", ""composing"", ""Shake It Off (Composition)"", ""Good Morning America (TV Program)"", ""new song"", ""new single"", ""cut by cut"", ""music"", ""ITunes (Software)"", ""Singing (Musical Instrument)"", ""about welcome to new york""]"
2026-06-23,EKnl7STzSMU,"1989 Secret Sessions, Behind The Scenes!",2014-10-16T23:09:25Z,PT4M34S,3822626,,92603,5139,10,none,public,processed,"[""Taylor Swift (Celebrity)""]"
2026-06-23,DqZOcABIgTk,Taylor Swift - Shake It Off Outtakes Video #8 - The Director,2014-10-15T04:01:00Z,PT3M41S,10963826,,91673,1984,10,none,public,processed,"[""Taylor"", ""Swift"", ""Shake"", ""Off"", ""Outtakes"", ""Video"", ""The"", ""Director"", ""Big"", ""Machine"", ""Pop""]"
2026-06-23,M-M5SW8QvmY,"Taylor Swift Talks About ""Out Of The Woods""",2014-10-13T12:20:13Z,PT1M12S,1416979,,24128,1053,10,none,public,processed,"[""Taylor Swift (Celebrity)"", ""Taylor"", ""swift"", ""out of the woods"", ""1989"", ""new single"", ""new song"", ""shake it off"", ""good morning america"", ""about out of the woods"", ""music"", ""Album"", ""New"", ""Singing"", ""Jack Antonoff (Composer)"", ""ITunes (Software)"", ""songwriting"", ""composing"", ""cut by cut"", ""track by track""]"
2026-06-23,s8h0tZy0HqA,"Taylor Swift - Shake It Off Outtakes Video #7 - The Band, The Fans and The Extras",2014-10-08T04:00:02Z,PT4M13S,6649518,,57061,1374,10,none,public,processed,"[""Taylor"", ""Swift"", ""Shake"", ""Off"", ""Outtakes"", ""Video"", ""The"", ""Band"", ""Fans"", ""and"", ""Extras"", ""Big"", ""Machine"", ""Pop""]"
2026-06-23,AoYtgGHfsG4,Taylor Swift Ice Bucket Challenge with Jamie King,2014-10-06T20:08:47Z,PT55S,666132,,40863,1303,29,none,public,processed,"[""Ice Bucket Challenge"", ""Taylor Swift (Celebrity)""]"
2026-06-23,bs5SZOHowHI,Taylor Swift - Shake It Off Outtakes Video #6 - The Ribbon Dancers (Behind The Scenes Video),2014-10-01T04:01:01Z,PT3M40S,5014168,,46258,1465,10,none,public,processed,"[""Taylor Swift"", ""Shake It Off Outtakes Video #6 The Ribbon Dancers (Behind The Scenes Video)"", ""Outtakes"", ""taylor swift shake it off"", ""shake it off outtakes"", ""shake it off bts"", ""shake it off taylor swift""]"
2026-06-23,70Ps-GzbSfw,Shake It Off Outtakes Video #5 - The Twerkers and Finger Tutting (Behind-The-Scenes Video),2014-09-24T04:01:00Z,PT4M,8059507,,60802,1843,10,none,public,processed,"[""Taylor"", ""Swift"", ""Shake"", ""Off"", ""Outtakes"", ""Video"", ""The"", ""Twerkers"", ""and"", ""Finger"", ""Tutting"", ""Big"", ""Machine"", ""Pop""]"
2026-06-23,vMWpIfxvnWo,Taylor Swift - Shake It Off Outtakes Video #4 - The Animators (Behind The Scenes Video),2014-09-17T04:01:00Z,PT3M58S,6306755,,56312,1493,10,none,public,processed,"[""Taylor"", ""Swift"", ""Shake"", ""Off"", ""Outtakes"", ""Video"", ""The"", ""Animators"", ""(Behind"", ""Scenes"", ""Video)"", ""Big"", ""Machine"", ""Pop""]"
2026-06-23,TEpTNFHHjNg,Taylor Swift - Shake It Off Outtakes Video #1 - The Cheerleaders (Behind The Scenes Video),2014-09-12T04:01:00Z,PT3M52S,18669570,,168753,3968,10,none,public,processed,"[""taylor swift"", ""Shake It Off"", ""shake it off Outtakes Video #1"", ""The Cheerleaders"", ""1989 album"", ""Behind The Scenes""]"
2026-06-23,kY-_D-IptZE,Taylor Swift - Shake It Off Outtakes Video #2 - The Ballerinas (Behind The Scenes Video),2014-09-12T04:01:00Z,PT3M44S,10495793,,90885,2040,10,none,public,processed,"[""Taylor"", ""Swift"", ""Shake"", ""Off"", ""Outtakes"", ""Video"", ""The"", ""Ballerinas"", ""Big"", ""Machine"", ""Pop""]"
2026-06-23,zdYy6-P_ggQ,Taylor Swift - Shake It Off Outtakes Video #3 - The Modern Dancers (Behind The Scenes Video),2014-09-12T04:01:00Z,PT4M1S,5302364,,57001,1092,10,none,public,processed,"[""taylor swift"", ""Shake It Off"", ""shake it off Outtakes Video #3"", ""The Modern Dancers"", ""Behind The Scenes Video""]"
2026-06-23,1D5E5KLkfsI,Taylor Swift's Worldwide Live Stream on Yahoo - Highlights,2014-08-19T06:54:29Z,PT3M31S,428316,,8474,317,10,none,public,processed,"[""taylor swift"", ""shake it off"", ""live stream"", ""livestream"", ""yahoo"", ""abc"", ""1989"", ""music video"", ""dance"", ""dancing"", ""fans"", ""swifties"", ""announcement"", ""new album""]"
2026-06-23,nfWlot6h_JM,Taylor Swift - Shake It Off,2014-08-18T21:18:00Z,PT4M2S,3694448424,,14268335,605076,10,none,public,processed,"[""Taylor"", ""Swift"", ""Shake"", ""Off"", ""Big"", ""Machine"", ""Records"", ""LLC"", ""Pop"", ""한글자막"", ""日本語字幕"", ""subtítulos en español"", ""Türkçe Altyazılı"", ""Phụ đề tiếng Việt"", ""Subtitles in Tagalog"", ""Teks dalam Bahasa Indonesia"", ""उपशीर्षक हिंदी में"", ""Sarikata Dalam Bahasa Malaysia"", ""คำบรรยายภาษาไทย"", ""テイラー・スウィフト"", ""테일러 스위프트"", ""泰勒絲"", ""泰勒斯威夫特""]"
2026-06-23,J1LMp-jEH_k,Surprising Gena,2014-04-16T22:44:24Z,PT4M31S,3590853,,59497,3742,10,none,public,processed,"[""Taylor Swift (Musical Artist)"", ""Bridal Shower""]"
2026-06-23,UfRqjF_8IqQ,Taylor Swift RED Tour Asia announcement,2014-02-13T05:46:11Z,PT42S,276800,,7502,1253,10,none,public,processed,"[""Taylor Swift (Musical Artist)"", ""Red Tour""]"
2026-06-23,kpzwfS5x068,Taylor Swift Fragrances Made Of Starlight Musical Edition,2013-12-05T21:24:59Z,PT31S,507272,,13063,369,10,none,public,processed,[]
2026-06-23,QuijXg8wm28,Taylor Swift - The Last Time ft. Gary Lightbody,2013-11-16T01:06:06Z,PT3M48S,51862487,,380947,11101,10,none,public,processed,"[""Taylor Swift"", ""The Last Time"", ""Big Machine"", ""Records"", ""LLC"", ""Pop"", ""Gary Lightbody"", ""Snow Patrol"", ""duet"", ""live"", ""Red tour"", ""new song"", ""new video""]"
2026-06-23,DJXfSaOJXOQ,Taylor Swift RED Tour Nashville Week,2013-10-08T22:41:00Z,PT8M48S,969161,,16649,1088,10,none,public,processed,"[""Taylor Swift (Musical Artist)"", ""Nashville (City/Town/Village)"", ""Red Tour""]"
2026-06-23,SvEbXNgvXWY,Taylor Swift RED Tour London announcement,2013-09-30T06:05:16Z,PT50S,211164,,4716,1208,10,none,public,processed,"[""Red Tour"", ""Taylor Swift (Musical Artist)"", ""London (City/Town/Village)"", ""Europe (Continent)"", ""The O2 Arena (Olympic Venue)""]"
2026-06-23,FTA4kzsTmxc,Taylor Swift and Jennifer Lopez: Jenny from the Block,2013-09-12T21:34:41Z,PT5M56S,13382035,,119306,3695,10,none,public,processed,[]
2026-06-23,6wEVDvnqQOM,Behind the scenes of Taylor Swift's week at Staples Center,2013-09-06T16:35:47Z,PT7M6S,829733,,14740,1021,10,none,public,processed,[]
2026-06-23,Ac7wMLgLtpY,Taylor Swift on Style: Outtakes,2013-08-16T15:57:47Z,PT1M34S,193027,,4531,260,10,none,public,processed,[]
2026-06-23,41Zxe-tqjoE,Taylor Swift on Style: Part 4,2013-08-14T17:23:18Z,PT1M50S,116290,,2929,136,10,none,public,processed,[]
2026-06-23,y9yIBAmBDtk,Taylor Swift on Style: Part 3,2013-08-12T15:13:58Z,PT1M32S,128721,,3519,204,10,none,public,processed,[]
2026-06-23,EuT6nQvdcpo,"Q&A with Taylor on Taylor By Taylor Swift, the fragrance",2013-08-01T22:14:56Z,PT37S,248521,,5957,419,10,none,public,processed,[]
2026-06-23,C2giKOnk588,#HiFromTaylor Teaser,2013-07-30T14:37:58Z,PT9S,154092,,4369,401,10,none,public,processed,[]
2026-06-23,y7CsaOF3S5c,Taylor Swift and Carly Simon: You're So Vain,2013-07-29T15:59:25Z,PT2M29S,1354106,,24057,1121,10,none,public,processed,"[""Taylor Swift"", ""Carly Simon (Musical Artist)"", ""You're So Vain (Composition)""]"
2026-06-23,xmauy4h3rPg,Welcome to the Official Taylor Swift YouTube Channel!,2013-07-25T14:58:57Z,PT59S,107129,,3931,441,10,none,public,processed,"[""Taylor Swift (Musical Artist)"", ""music""]"
2026-06-23,Zlot0i3Zykw,Taylor Swift - Red,2013-07-03T20:55:08Z,PT4M2S,258890460,,1527882,64322,10,none,public,processed,"[""Taylor Swift"", ""Red"", ""Big Machine"", ""new video"", ""official"", ""live"", ""red tour"", ""한글자막"", ""日本語字幕"", ""subtítulos en español"", ""Türkçe Altyazılı"", ""Phụ đề tiếng Việt"", ""Subtitles in Tagalog"", ""Teks dalam Bahasa Indonesia"", ""उपशीर्षक हिंदी में"", ""Sarikata Dalam Bahasa Malaysia"", ""คำบรรยายภาษาไทย"", ""テイラー・スウィフト"", ""테일러 스위프트"", ""泰勒絲"", ""泰勒斯威夫特""]"
2026-06-23,YUSPwqd4674,Taylor by Taylor Swift Fragrance Video Part 1,2013-07-01T11:07:59Z,PT31S,655357,,10487,1012,10,none,public,processed,[]
2026-06-23,LGA54hn8uwU,Taylor By Taylor Swift commercial: sneak peek,2013-06-13T18:02:25Z,PT20S,350672,,12562,987,24,none,public,processed,[]
2026-06-23,YfPfgZjhH1w,Britain's Got Talent performance: Everything Has Changed,2013-06-12T16:20:01Z,PT6M11S,3009738,,77470,3066,10,none,public,processed,[]
2026-06-23,w1oM3kQpXRo,Taylor Swift - Everything Has Changed ft. Ed Sheeran,2013-06-06T04:07:16Z,PT4M12S,434419337,,3332041,158038,10,none,public,processed,"[""Taylor"", ""Swift"", ""Everything"", ""Has"", ""Changed"", ""Big"", ""Machine"", ""Records"", ""LLC"", ""Country"", ""한글자막"", ""日本語字幕"", ""subtítulos en español"", ""Türkçe Altyazılı"", ""Phụ đề tiếng Việt"", ""Subtitles in Tagalog"", ""Teks dalam Bahasa Indonesia"", ""उपशीर्षक हिंदी में"", ""Sarikata Dalam Bahasa Malaysia"", ""คำบรรยายภาษาไทย"", ""テイラー・スウィフト"", ""테일러 스위프트"", ""泰勒絲"", ""泰勒斯威夫特""]"
2026-06-23,1hdDXzS63SY,Taylor Swift - Billboard Milestone Award,2013-05-15T17:01:30Z,PT47S,109767,,3772,388,24,none,public,processed,"[""Billboard"", ""Music Awards"", ""Milestone""]"
2026-06-23,JgkCFCOAn48,The RED Tour Australia/New Zealand Announcement!,2013-05-08T13:58:36Z,PT50S,241188,,5521,1753,10,none,public,processed,"[""Australia (Country)"", ""New Zealand (Country)"", ""REDTour""]"
2026-06-23,GDdVOpZkqRI,Vote Taylor Swift ACM Entertainer of the Year: VoteACM.com,2013-04-06T00:39:56Z,PT56S,130067,,4128,490,10,none,public,processed,"[""acm"", ""entertainer"", ""of"", ""the"", ""year"", ""academy"", ""country"", ""music""]"
2026-06-23,NZnRUnOQZWU,"""Red"" Guitar Solo from RED Tour Opening Night",2013-03-15T21:28:24Z,PT32S,491619,,11676,863,10,none,public,processed,"[""taylor"", ""swift"", ""red"", ""tour"", ""guitar"", ""solo""]"
2026-06-23,3H21433WdtU,"""Holy Ground"" Live on the RED Tour!",2013-03-15T21:22:06Z,PT45S,362977,,9064,683,10,none,public,processed,"[""taylor"", ""swift"", ""red"", ""tour"", ""live"", ""holy"", ""ground""]"
2026-06-23,Nx-5bHeC6xo,"""Sparks Fly"" (acoustic) Live on the RED Tour!",2013-03-15T21:08:37Z,PT49S,781969,,19467,945,10,none,public,processed,"[""taylor"", ""swift"", ""sparks"", ""fly"", ""live"", ""red"", ""tour"", ""omaha""]"
2026-06-23,ueZmiOaDDlU,What Fans Can Expect on the RED Tour,2013-03-15T20:51:38Z,PT42S,175645,,5049,523,10,none,public,processed,"[""taylor"", ""swift"", ""red"", ""tour""]"
2026-06-23,AgFeZr5ptV8,Taylor Swift - 22,2013-03-13T15:25:06Z,PT4M3S,726943523,,3552528,295127,10,none,public,processed,"[""Taylor"", ""Swift"", ""한글자막"", ""日本語字幕"", ""subtítulos en español"", ""Türkçe Altyazılı"", ""Phụ đề tiếng Việt"", ""Subtitles in Tagalog"", ""Teks dalam Bahasa Indonesia"", ""उपशीर्षक हिंदी में"", ""Sarikata Dalam Bahasa Malaysia"", ""คำบรรยายภาษาไทย"", ""テイラー・スウィフト"", ""테일러 스위프트"", ""泰勒絲"", ""泰勒斯威夫特"", ""taylor swift"", ""taylor swift 22"", ""22 taylor"", ""22 taylor swift"", ""22 music video"", ""22 official music video"", ""taylor swift 22 music video""]"
2026-06-23,rghH6QlT5a0,"""I Knew You Were Trouble."" Behind-The-Scenes #1",2013-02-05T21:50:27Z,PT2M42S,964603,,20118,870,10,none,public,processed,"[""taylor"", ""swift"", ""behind"", ""the"", ""scenes"", ""red"", ""album"", ""knew"", ""you"", ""were"", ""trouble"", ""when"", ""walked"", ""in"", ""music"", ""video""]"
2026-06-23,jinbX0hwYOo,"""I Knew You Were Trouble."" Behind-The-Scenes #3",2013-02-05T21:31:21Z,PT3M37S,425308,,10778,485,10,none,public,processed,"[""taylor"", ""swift"", ""knew"", ""you"", ""were"", ""trouble"", ""when"", ""walked"", ""in"", ""behind"", ""the"", ""scenes"", ""music"", ""video"", ""episode""]"
2026-06-23,sIjKXPXjVxU,"""I Knew You Were Trouble."" Behind-The-Scenes #2",2013-02-05T21:30:26Z,PT3M54S,441898,,10520,410,10,none,public,processed,"[""taylor"", ""swift"", ""knew"", ""you"", ""were"", ""trouble"", ""when"", ""walked"", ""in"", ""behind"", ""the"", ""scenes"", ""music"", ""video"", ""episode""]"
2026-06-23,LyoTb3fxEnU,Some extraordinary news...,2013-01-27T20:59:07Z,PT45S,1181127,,19703,3135,24,none,public,processed,"[""taylor"", ""swift"", ""diet"", ""coke""]"
2026-06-23,2obMo7y-rvA,Taylor Swift - Acoustic Performances from RED Album,2012-12-17T17:18:21Z,PT15M27S,11116635,,216015,11187,24,none,public,processed,"[""Taylor"", ""swift"", ""acoustic"", ""live"", ""performance"", ""red"", ""treacherous"", ""22""]"
2026-06-23,vNoKguSdy4Y,Taylor Swift - I Knew You Were Trouble,2012-12-14T22:15:07Z,PT5M58S,541063445,,3868347,273647,10,none,public,processed,"[""Taylor Swift"", ""Red"", ""Knew You Were Trouble"", ""Speak Now"", ""Fearless"", ""Love Story"", ""We Are Never Ever Getting Back Together"", ""desert"", ""rave"", ""tattoo"", ""fight"", ""한글자막"", ""日本語字幕"", ""subtítulos en español"", ""Türkçe Altyazılı"", ""Phụ đề tiếng Việt"", ""Subtitles in Tagalog"", ""Teks dalam Bahasa Indonesia"", ""उपशीर्षक हिंदी में"", ""Sarikata Dalam Bahasa Malaysia"", ""คำบรรยายภาษาไทย"", ""テイラー・スウィフト"", ""테일러 스위프트"", ""泰勒絲"", ""泰勒斯威夫特""]"
2026-06-23,OZJdxFEdjSU,VH1 StoryTellers - Taylor Swift - Nov 11 @ 11/10c,2012-11-07T17:26:22Z,PT16S,201996,,4026,268,24,none,public,processed,"[""taylor"", ""swift"", ""vh1"", ""storytellers""]"
2026-06-23,BktS1hkMx_k,Taylor Swift - We Are Never Ever Getting Back Together (Live from New York City),2012-11-06T00:00:26Z,PT3M25S,13765094,,110246,5093,10,none,public,processed,"[""Taylor"", ""Swift"", ""Are"", ""Never"", ""Ever"", ""Getting"", ""Back"", ""Together"", ""(Live"", ""Letterman)"", ""Big"", ""Machine"", ""Records"", ""LLC"", ""Pop"", ""Country""]"
2026-06-23,gQ0pP2z9niw,Taylor Swift - Red (Live from New York City),2012-11-06T00:00:26Z,PT3M48S,16197367,,141132,7329,10,none,public,processed,"[""Taylor"", ""Swift"", ""Red"", ""(Live"", ""Letterman)"", ""Big"", ""Machine"", ""Records"", ""LLC"", ""Pop"", ""Country""]"
2026-06-23,tvnGBYMe9gM,Taylor Swift - You Belong With Me (Live from New York City),2012-11-06T00:00:26Z,PT3M54S,9016498,,94636,3434,10,none,public,processed,"[""Taylor"", ""Swift"", ""You"", ""Belong"", ""With"", ""(Live"", ""Letterman)"", ""Big"", ""Machine"", ""Records"", ""LLC"", ""Pop"", ""Country""]"
2026-06-23,RQuY8kERaU0,Taylor Swift - Mean (Live from New York City),2012-11-06T00:00:25Z,PT4M13S,6287795,,70006,2681,10,none,public,processed,"[""Taylor"", ""Swift"", ""Mean"", ""(Live"", ""Letterman)"", ""Big"", ""Machine"", ""Records"", ""LLC"", ""Pop"", ""Country""]"
2026-06-23,cQ5tlnGg4wc,Taylor Swift - Begin Again (Live from New York City),2012-11-06T00:00:25Z,PT4M9S,4597546,,61182,2850,10,none,public,processed,"[""Taylor"", ""Swift"", ""Begin"", ""Again"", ""(Live"", ""Letterman)"", ""Big"", ""Machine"", ""Records"", ""LLC"", ""Pop"", ""Country""]"
2026-06-23,yfWgXcrNQIw,Taylor Swift - Love Story (Live from New York City),2012-11-06T00:00:25Z,PT4M4S,19047914,,258379,6092,10,none,public,processed,"[""Taylor"", ""Swift"", ""Love"", ""Story"", ""(Live"", ""Letterman)"", ""Big"", ""Machine"", ""Records"", ""LLC"", ""Pop"", ""Country""]"
2026-06-23,qbx_wdqaeV0,"""Starlight"" Song Preview from RED - Now Available",2012-11-02T14:48:28Z,PT1M28S,186092,,2910,257,10,none,public,processed,"[""STARLIGHT""]"
2026-06-23,dgzN0Puq_hE,"""Everything Has Changed"" Song Preview from RED - Now Available",2012-11-01T20:36:58Z,PT1M33S,189589,,2385,223,10,none,public,processed,"[""EVERYTHING"", ""HAS"", ""CHANGED""]"
2026-06-23,75NpXm04S1I,"""The Lucky One"" Song Preview from RED - Now Available",2012-10-31T18:41:09Z,PT1M12S,213337,,2234,220,10,none,public,processed,"[""taylor"", ""swift"", ""the"", ""lucky"", ""one"", ""song"", ""preview"", ""audio"", ""clip"", ""red"", ""album""]"
2026-06-23,oo1CoPXIOuI,"""Sad Beautiful Tragic"" Song Preview from RED - Now Available",2012-10-30T16:54:49Z,PT1M42S,203492,,2056,147,10,none,public,processed,"[""taylor"", ""swift"", ""sad"", ""beautiful"", ""tragic"", ""song"", ""preview"", ""audio"", ""clip"", ""red"", ""album""]"
2026-06-23,Rcex4Nw6Z9U,"""Holy Ground"" Song Preview from RED - Now Available",2012-10-29T19:21:18Z,PT1M48S,125304,,2184,209,10,none,public,processed,"[""taylor"", ""swift"", ""holy"", ""ground"", ""song"", ""clip"", ""audio"", ""preview"", ""red"", ""album""]"
2026-06-23,5FODVFJZlTg,"Taylor Swift - #VevoCertified, Pt. 5: You Belong With Me (Taylor Commentary)",2012-10-29T15:45:07Z,PT4M15S,1810025,,18635,1577,10,none,public,processed,"[""Taylor"", ""Swift"", ""#VEVOCertified"", ""Pt."", ""You"", ""Belong"", ""With"", ""(Taylor"", ""Commentary)"", ""Big"", ""Machine"", ""Records"", ""LLC."", ""Country"", ""Pop""]"
2026-06-23,Eo2D8Ez3WAo,"Taylor Swift - #VevoCertified, Pt. 4: Taylor Superfans aka Swifties",2012-10-29T15:45:07Z,PT3M8S,653695,,6733,927,10,none,public,processed,"[""Taylor"", ""Swift"", ""#VEVOCertified"", ""Pt."", ""Superfans"", ""Big"", ""Machine"", ""Records"", ""LLC."", ""Country"", ""Pop""]"
2026-06-23,FNWq-pr5ON8,"Taylor Swift - #VevoCertified, Pt. 6: Mine (Taylor Commentary)",2012-10-29T15:45:07Z,PT4M17S,853886,,11669,721,10,none,public,processed,"[""Taylor"", ""Swift"", ""#VEVOCertified"", ""Pt."", ""Mine"", ""(Taylor"", ""Commentary)"", ""Big"", ""Machine"", ""Records"", ""LLC."", ""Country"", ""Pop""]"
2026-06-23,XdalCja4TK8,"Taylor Swift - #VEVOCertified, Pt. 7: Love Story (Taylor Commentary)",2012-10-29T15:45:07Z,PT4M31S,1084896,,14150,926,10,none,public,processed,"[""Taylor"", ""Swift"", ""#VEVOCertified"", ""Pt."", ""Love"", ""Story"", ""(Taylor"", ""Commentary)"", ""Big"", ""Machine"", ""Records"", ""LLC."", ""Country"", ""Pop""]"
2026-06-23,YcuEHj-Nr58,"Taylor Swift - #VEVOCertified, Pt. 2: Taylor On Making Music Videos",2012-10-29T15:45:07Z,PT2M43S,782572,,10041,438,10,none,public,processed,"[""Taylor"", ""Swift"", ""#VEVOCertified"", ""Pt."", ""Making"", ""Music"", ""Videos"", ""Big"", ""Machine"", ""Records"", ""LLC."", ""Country"", ""Pop""]"
2026-06-23,ehLp0cjqkRk,"Taylor Swift - #VEVOCertified, Pt. 3: Taylor Talks About Her Fans",2012-10-29T15:45:07Z,PT2M21S,811450,,12488,840,10,none,public,processed,"[""Taylor"", ""Swift"", ""#VEVOCertified"", ""Pt."", ""Talks"", ""About"", ""Her"", ""Fans"", ""Big"", ""Machine"", ""Records"", ""LLC."", ""Country"", ""Pop""]"
2026-06-23,sWgxCBXn2Y0,"Taylor Swift - #VevoCertified, Pt. 1: Award Presentation",2012-10-29T15:45:07Z,PT2M14S,3552837,,16554,1643,10,none,public,processed,"[""Taylor"", ""Swift"", ""#VEVOCertified"", ""Pt."", ""Award"", ""Presentation"", ""Big"", ""Machine"", ""Records"", ""LLC."", ""Country"", ""Pop""]"
2026-06-23,YoJj-5nAGpM,Taylor Swift's RED Tour Announcement!,2012-10-27T01:56:56Z,PT1M3S,531297,,10537,3216,10,none,public,processed,"[""TS102412"", ""REDTourAnnounce"", ""V4"", ""H264""]"
2026-06-23,TGslPGte8Mw,"""Stay Stay Stay"" Song Preview from RED - Now Available",2012-10-26T19:48:41Z,PT1M17S,110854,,2312,227,10,none,public,processed,"[""taylor"", ""swift"", ""stay"", ""song"", ""single"", ""clip"", ""preview"", ""audio"", ""red"", ""album""]"
2026-06-23,TfjfzDIAIGE,"""The Last Time"" Song Preview from RED - Now Available",2012-10-26T19:48:19Z,PT1M32S,81735,,1942,143,10,none,public,processed,"[""taylor"", ""swift"", ""red"", ""album"", ""the"", ""last"", ""time"", ""song"", ""preview"", ""audio"", ""clip""]"
2026-06-23,YszERgNNKnc,"""I Almost Do"" Song Preview from RED - Now Available",2012-10-26T15:31:35Z,PT1M7S,205874,,2178,170,10,none,public,processed,"[""taylor"", ""swift"", ""almost"", ""do"", ""song"", ""clip"", ""audio"", ""red"", ""album"", ""record""]"
2026-06-23,yBHlFJ9waVo,"""22"" Song Preview from RED - Now Available",2012-10-25T16:33:57Z,PT1M7S,201247,,3216,361,10,none,public,processed,"[""taylor"", ""swift"", ""22"", ""song"", ""preview"", ""clip"", ""red"", ""album""]"
2026-06-23,k2zfi4gLekU,"""All Too Well"" Song Preview from RED - Now Available",2012-10-24T18:49:35Z,PT1M42S,142394,,3716,450,10,none,public,processed,"[""taylor"", ""swift"", ""all"", ""too"", ""well"", ""song"", ""preview"", ""lip"", ""audio"", ""red"", ""album""]"
2026-06-23,cMPEd8m79Hw,Taylor Swift - Begin Again,2012-10-24T04:01:06Z,PT4M11S,215023683,,1317321,61871,10,none,public,processed,"[""Taylor"", ""Swift"", ""Country"", ""Pop"", ""テイラー・スウィフト"", ""테일러 스위프트"", ""泰勒絲"", ""泰勒斯威夫特"", ""한글자막"", ""日本語字幕"", ""subtítulos en español"", ""Phụ đề tiếng Việt"", ""Subtitles in Tagalog"", ""Teks dalam Bahasa Indonesia"", ""उपशीर्षक हिंदी में"", ""Sarikata Dalam Bahasa Malaysia"", ""คำบรรยายภาษาไทย"", ""taylor swift"", ""taylor swift begin again"", ""begin again taylor swift"", ""taylor begin again"", ""begin again taylor""]"
2026-06-23,KNKa1to1v6o,"""Treacherous"" Song Preview from RED - Now Available",2012-10-23T21:45:45Z,PT1M17S,188519,,3733,469,10,none,public,processed,"[""taylor"", ""swift"", ""treacherous"", ""clip"", ""song"", ""preview"", ""red"", ""album""]"
2026-06-23,1vj3YhYrULo,Wonderstruck Enchanted Taylor Swift Chapter 3,2012-09-20T20:27:33Z,PT31S,576685,,14969,1005,24,none,public,processed,"[""wonderstruck"", ""enchanted"", ""Perfume"", ""elizabeth arden""]"
2026-06-23,eocfbbyIUn8,Taylor Swift - Back To December,2012-09-07T23:42:41Z,PT5M11S,37857195,,275877,8709,10,none,public,processed,"[""Taylor"", ""Swift"", ""Back"", ""December"", ""Universal"", ""Music"", ""Pop"", ""Christmas"", ""Christmas Music"", ""Christmas Songs"", ""Xmas"", ""Xmas Music"", ""Xmas Songs"", ""Top Christmas songs"", ""Christmas Classics"", ""Winter"", ""Santa"", ""Rudolph"", ""Holly"", ""Snow"", ""Noel"", ""Navidad"", ""Holiday Music"", ""Festive Christmas""]"
2026-06-23,WA4iX5D9Z64,Taylor Swift - We Are Never Ever Getting Back Together,2012-09-01T00:00:08Z,PT3M36S,840028286,,4467976,229640,10,none,public,processed,"[""Taylor"", ""Swift"", ""Are"", ""Never"", ""Ever"", ""Getting"", ""Back"", ""Together"", ""Big"", ""Machine"", ""Records"", ""LLC"", ""Country"", ""한글자막"", ""日本語字幕"", ""subtítulos en español"", ""Türkçe Altyazılı"", ""Phụ đề tiếng Việt"", ""Subtitles in Tagalog"", ""Teks dalam Bahasa Indonesia"", ""उपशीर्षक हिंदी में"", ""Sarikata Dalam Bahasa Malaysia"", ""คำบรรยายภาษาไทย"", ""テイラー・スウィフト"", ""테일러 스위프트"", ""泰勒絲"", ""泰勒斯威夫特""]"
2026-06-23,6OPPGOl7ctE,Win A Taylor Swift Performance on Your Campus!,2012-08-21T15:49:27Z,PT26S,347936,,4995,1292,10,none,public,processed,"[""Chegg+FullBannerH264Viewer""]"
2026-06-23,gcMn_Eu-XTE,Taylor Swift - We Are Never Ever Getting Back Together (Lyric Video),2012-08-14T16:42:22Z,PT3M16S,38718690,,273904,35347,10,none,public,processed,"[""Taylor"", ""Swift"", ""Are"", ""Never"", ""Ever"", ""Getting"", ""Back"", ""Together"", ""(Lyric"", ""Video)"", ""Big"", ""Machine"", ""Records"", ""LLC."", ""Pop""]"
2026-06-23,P6gFma4H7fA,Taylor Swift Web Chat and G+ Hangout,2012-08-14T00:09:50Z,PT24M55S,2041010,,29047,1522,10,none,public,processed,"[""taylor"", ""swift"", ""web"", ""chat"", ""google"", ""plus"", ""hangout"", ""live"", ""stream"", ""event"", ""nashville""]"
2026-06-23,I4TIvOCa3t8,Taylor Swift Live Webcast on YouTube - 8/13 @ 7pm ET,2012-08-07T13:52:38Z,PT29S,1023548,,10622,4936,24,none,public,processed,"[""taylor"", ""swift"", ""august"", ""13"", ""announce"", ""live"", ""on"", ""youtube"", ""google"", ""web"", ""chat"", ""fans"", ""questions"", ""announcement"", ""event"", ""#august13""]"
2026-06-23,weQBrpLffrA,Taylor Swift Billboard Woman of the Year,2012-06-04T17:04:19Z,PT5M27S,1009898,,37315,2044,10,none,public,processed,"[""taylor"", ""swift"", ""billboard"", ""music"", ""awards"", ""woman"", ""of"", ""the"", ""year"", ""Taylor Swift (Musical Artist)"", ""Award""]"
2026-06-23,8hsVICl7d8k,Taylor Swift - Eyes Open (Lyric Version),2012-05-17T07:00:08Z,PT4M8S,18772885,,174676,11253,10,none,public,processed,"[""Taylor"", ""Swift"", ""Eyes"", ""Open"", ""Big"", ""Machine"", ""Records"", ""LLC."", ""Country""]"
2026-06-23,LkkY2iaylmI,Wonderstruck Taylor Swift Chapter 2,2012-04-24T14:50:46Z,PT31S,960304,,20078,1296,24,none,public,processed,"[""taylor"", ""swift"", ""wonderstruck"", ""fragrance"", ""perfume"", ""chapter"", ""scent""]"
2026-06-23,tBEFMmkgu7s,My new favorite thing ... thank you!,2012-04-02T03:49:00Z,PT30S,1201931,,41687,3746,10,none,public,processed,"[""taylor"", ""swift"", ""acm"", ""awards"", ""country"", ""music"", ""entertainer"", ""of"", ""the"", ""year""]"
2026-06-23,FvodYNcH13Q,Meredith learns about ACM voting...,2012-03-19T16:14:35Z,PT1M39S,1958922,,57905,4281,24,none,public,processed,"[""taylor"", ""swift"", ""vote"", ""acm"", ""awards"", ""academy"", ""country"", ""music"", ""meredith"", ""cat"", ""entertainer"", ""of"", ""the"", ""year""]"
2026-06-23,dLfkQNnzh2o,Safe & Sound (The Hunger Games: Songs From District 12 And Beyond - The Collaboration),2012-02-29T08:00:00Z,PT4M17S,2459573,,22521,959,10,none,public,processed,"[""Taylor"", ""Swift"", ""Safe"", ""Sound"", ""Universal"", ""Records"", ""Pop""]"
2026-06-23,RzhAS_GnJIc,Safe & Sound feat. The Civil Wars (The Hunger Games: Songs From District 12 And Beyond),2012-02-16T17:30:41Z,PT4M1S,216360455,,2021882,107366,10,none,public,processed,"[""Taylor"", ""Swift"", ""Safe"", ""Sound"", ""Universal"", ""Records"", ""Pop""]"
2026-06-23,xDJLsPd6NdY,Taylor Swift - Safe & Sound (Behind The Scenes) ft. The Civil Wars,2012-02-16T08:00:00Z,PT4M4S,1502097,,21936,1096,10,none,public,processed,"[""Taylor"", ""Swift"", ""Safe"", ""Sound"", ""(Behind"", ""The"", ""Scenes)"", ""Universal"", ""Records"", ""Pop""]"
2026-06-23,IdMI-HCO5QY,"""Ours"" Behind-the-Scenes - The Office",2011-12-19T02:51:06Z,PT4M36S,289432,,6427,564,10,none,public,processed,"[""taylor"", ""swift"", ""ours"", ""behind"", ""the"", ""scenes"", ""music"", ""video"", ""office""]"
2026-06-23,QvNW_z1Y7Ls,"""Ours"" Behind-the-Scenes - That's a Wrap",2011-12-16T22:35:51Z,PT2M7S,170925,,3280,172,10,none,public,processed,"[""taylor"", ""swift"", ""music"", ""video"", ""ours"", ""behind"", ""the"", ""scenes""]"
2026-06-23,wIvJI6mF1ME,"""Ours"" Behind-the-Scenes - Working with Taylor",2011-12-16T22:21:12Z,PT2M22S,168250,,4844,138,10,none,public,processed,"[""taylor"", ""swift"", ""ours"", ""music"", ""video"", ""working"", ""with"", ""behind"", ""the"", ""scenes""]"
2026-06-23,yHqjZUxaigo,"""Ours"" Behind-the-Scenes - Message of Ours",2011-12-16T22:10:23Z,PT1M50S,271847,,6551,290,10,none,public,processed,"[""taylor"", ""swift"", ""behind"", ""the"", ""scenes"", ""music"", ""video"", ""ours"", ""message"", ""of""]"
2026-06-23,7D6-_twz7YE,"""Ours"" Behind-the-Scenes - The Inspiration",2011-12-16T22:08:33Z,PT1M43S,120686,,2881,106,10,none,public,processed,"[""taylor"", ""swift"", ""ours"", ""music"", ""video"", ""behind"", ""the"", ""scenes"", ""inspiration""]"
2026-06-23,0Ot5C6O-KfA,"""Ours"" Behind-the-Scenes - Director Casting",2011-12-13T21:05:40Z,PT2M28S,104103,,2776,310,10,none,public,processed,"[""taylor"", ""swift"", ""ours"", ""music"", ""video"", ""behind"", ""the"", ""scenes"", ""director"", ""casting""]"
2026-06-23,HsLl-IL9c7E,"""Ours"" Behind-the-Scenes - Home Movies",2011-12-13T20:50:44Z,PT1M54S,139750,,3314,269,10,none,public,processed,"[""taylor"", ""swift"", ""ours"", ""music"", ""video"", ""behind"", ""the"", ""scenes"", ""home"", ""movies""]"
2026-06-23,gPJ8PFeq9Xw,"""Ours"" Behind-the-Scenes - Taylor's Look",2011-12-09T23:00:19Z,PT2M13S,200177,,3267,352,10,none,public,processed,"[""taylor"", ""swift"", ""look"", ""music"", ""video"", ""ours"", ""behind"", ""the"", ""scenes""]"
2026-06-23,Y89k5sfHBaw,"""Ours"" Behind-the-Scenes - Locations",2011-12-09T22:47:48Z,PT2M24S,101357,,2514,135,10,none,public,processed,"[""ours"", ""behind"", ""the"", ""scenes"", ""locations"", ""taylor"", ""swift"", ""music"", ""video""]"
2026-06-23,h6CRgcouLuU,"""Ours"" Behind-the-Scenes - Zach",2011-12-09T18:38:29Z,PT1M58S,187188,,3513,242,10,none,public,processed,"[""ours"", ""music"", ""video"", ""taylor"", ""swift"", ""behind"", ""the"", ""scenes""]"
2026-06-23,_zyYtE9di9A,"""Ours"" Behind-the-Scenes - ""The Story of the Video""",2011-12-08T21:06:20Z,PT1M50S,134287,,2670,119,10,none,public,processed,"[""taylor"", ""swift"", ""behind"", ""the"", ""scenes"", ""footage"", ""ours"", ""music"", ""video""]"
2026-06-23,AtHsg4USz8g,"""Ours"" Behind-the-Scenes - The Director",2011-12-07T23:04:15Z,PT1M56S,166140,,3172,208,10,none,public,processed,"[""ours"", ""music"", ""video"", ""taylor"", ""swift"", ""behind"", ""the"", ""scenes""]"
2026-06-23,beGv3NTnduo,"""Ours"" Behind-the-Scenes - We're Making a Video",2011-12-07T22:23:13Z,PT2M8S,157138,,3510,269,10,none,public,processed,"[""ours"", ""music"", ""video"", ""taylor"", ""swift"", ""behind"", ""the"", ""scenes""]"
2026-06-23,LZ34LlaIk88,Taylor Swift - Ours,2011-12-06T08:00:00Z,PT4M4S,116637348,,824582,40467,10,none,public,processed,"[""Taylor"", ""Swift"", ""Ours"", ""Big"", ""Machine"", ""Records"", ""LLC"", ""Country""]"
2026-06-23,O0Mnebw_TJc,Speak Now World Tour Live CD/DVD - Available Now!,2011-11-22T17:54:03Z,PT1M28S,254499,,5810,772,10,none,public,processed,"[""taylor"", ""swift"", ""dvd"", ""cd"", ""blu"", ""ray"", ""disc"", ""live"", ""tour"", ""speak"", ""now"", ""available""]"
2026-06-23,lZNJnOrwDTQ,"Taylor Talks Hugging Fans - 60 Minutes, Sunday Nov 21 @ 7/6c CBS",2011-11-19T00:11:40Z,PT1M25S,200123,,3589,382,24,none,public,processed,"[""taylor"", ""swift"", ""60"", ""minutes"", ""fans"", ""cbs"", ""country"", ""singer""]"
2026-06-23,GSvyRVw366k,Taylor Swift on 60 Minutes - Nov 20 @ 7/6c CBS,2011-11-17T23:12:02Z,PT42S,306131,,5382,550,24,none,public,processed,"[""taylor"", ""swift"", ""60"", ""minutes"", ""sixty"", ""interview"", ""country"", ""singer"", ""pop"", ""cbs""]"
2026-06-23,xIoApJgIw8U,Taylor Swift WONDERSTRUCK In-Store Appearances,2011-11-17T17:38:19Z,PT2M3S,278320,,5683,552,24,none,public,processed,"[""taylor"", ""swift"", ""wonderstruck"", ""appearances"", ""belk"", ""macys"", ""perfume"", ""singer"", ""guitar"", ""country"", ""video""]"
2026-06-23,woiScNulLyE,Wonderstruck Taylor Swift Chapter 1,2011-09-29T00:24:46Z,PT33S,1699319,,25737,2097,10,none,public,processed,"[""taylor"", ""swift"", ""wonderstruck"", ""wonder"", ""struck"", ""fragrance"", ""perfume"", ""spot"", ""commercial"", ""ad"", ""advertisement""]"
2026-06-23,-CICulOcBQE,Taylor Swift WONDERSTRUCK Teaser,2011-09-21T22:10:38Z,PT40S,1209382,,22134,1949,24,none,public,processed,"[""taylor"", ""swift"", ""wonderstruck"", ""fragrance"", ""elizabeth"", ""arden"", ""commercial"", ""teaser"", ""ad"", ""spot"", ""perfume""]"
2026-06-23,KFoOCZeKgzQ,Speak Now World Tour Live CD+DVD,2011-09-21T14:27:30Z,PT1M12S,277661,,5523,688,10,none,public,processed,"[""taylor"", ""swift"", ""speak"", ""now"", ""live"", ""tour"", ""dvd"", ""cd"", ""concert""]"
2026-06-23,urcHObkMCBE,Taylor Swift's Wonderstruck Fragrance,2011-09-16T15:11:21Z,PT50S,393090,,9424,1108,10,none,public,processed,"[""taylor"", ""swift"", ""wonderstruck"", ""fragrance"", ""perfume"", ""enchanted""]"
2026-06-23,OOPFMrF7v4Q,YouTube Presents Taylor Swift,2011-09-02T01:04:34Z,PT42M33S,2520184,,30208,4047,10,none,public,processed,"[""taylor"", ""swift"", ""youtube"", ""presents""]"
2026-06-23,z___7lkxS0I,YouTube Presents Taylor Swift Q&A,2011-08-25T16:57:04Z,PT24S,328769,,5450,2719,22,none,public,processed,"[""Taylor Swift"", ""Interview"", ""YouTube"", ""Q&A""]"
2026-06-23,AcGbuveDwTg,Taylor Swift - Viva La Vida,2011-08-24T11:29:30Z,PT3M46S,7578906,,175846,6639,10,none,public,processed,"[""Taylor"", ""Swift"", ""Viva"", ""Vida"", ""Universal"", ""Music"", ""Pop"", ""Taylor Swift"", ""Fearless"", ""Speak Now"", ""Coldplay"", ""Chris Martin"", ""Guy Berryman"", ""Death and All His Friends"", ""Mylo Xyloto""]"
2026-06-23,_9RWI5JBew0,"Taylor Swift - Mine (Live, BBC Radio 2 Session)",2011-08-24T11:29:30Z,PT4M20S,1887832,,26082,1501,10,none,public,processed,"[""Taylor"", ""Taylor Swift"", ""taylor swift mine"", ""mine taylor swift"", ""taylor swift bbc radio 2"", ""BBC Radio 2 Taylor Swift""]"
2026-06-23,oKar-tF__ac,Taylor Swift - Sparks Fly,2011-08-11T18:18:12Z,PT4M31S,107239633,,569598,32743,10,none,public,processed,"[""Taylor"", ""Swift"", ""Sparks"", ""Fly"", ""Big"", ""Machine"", ""Country"", ""Pop"", ""テイラー・スウィフト"", ""테일러 스위프트"", ""泰勒絲"", ""泰勒斯威夫特"", ""한글자막"", ""日本語字幕"", ""subtítulos en español"", ""Phụ đề tiếng Việt"", ""Subtitles in Tagalog"", ""Teks dalam Bahasa Indonesia"", ""उपशीर्षक हिंदी में"", ""Sarikata Dalam Bahasa Malaysia"", ""คำบรรยายภาษาไทย""]"
2026-06-23,nN6VR92V70M,Taylor Swift - The Story Of Us,2011-05-25T21:44:56Z,PT4M27S,155391269,,821270,46291,10,none,public,processed,"[""Taylor"", ""Swift"", ""The"", ""Story"", ""Big"", ""Machine"", ""Records"", ""LLC"", ""Country""]"
2026-06-23,jYa1eI1hpDE,Taylor Swift - Mean,2011-05-13T22:55:22Z,PT4M4S,236167818,,1413521,113268,10,none,public,processed,"[""Taylor"", ""Swift"", ""Mean"", ""Big"", ""Machine"", ""Records"", ""LLC"", ""Country"", ""テイラー・スウィフト"", ""테일러 스위프트"", ""泰勒絲"", ""泰勒斯威夫特"", ""한글자막"", ""日本語字幕"", ""subtítulos en español"", ""Phụ đề tiếng Việt"", ""Subtitles in Tagalog"", ""Teks dalam Bahasa Indonesia"", ""उपशीर्षक हिंदी में"", ""Sarikata Dalam Bahasa Malaysia"", ""คำบรรยายภาษาไทย""]"
2026-06-23,ve_o2kq4_jY,Thank you.,2011-04-04T05:00:50Z,PT32S,3569641,,206734,8395,24,none,public,processed,"[""taylor"", ""swift"", ""acm"", ""awards"", ""thank"", ""you""]"
2026-06-23,Zmv26eqduSg,Asia! (my February video blog),2011-02-23T06:28:38Z,PT9M29S,2546746,,100910,8891,10,none,public,processed,"[""taylor"", ""swift"", ""video"", ""blog"", ""asia"", ""singapore"", ""hong"", ""kong"", ""japan"", ""china"", ""seoul"", ""south"", ""korea"", ""tokyo""]"
2026-06-23,9wXlz0f-2Zo,"Taylor Swift Speak Now Fan Video : Stockhold, Sweden",2011-02-14T05:32:11Z,PT3M7S,213992,,2435,240,10,none,public,processed,"[""taylor"", ""swift"", ""speak"", ""now"", ""fan"", ""video"", ""album"", ""release"", ""bloggie"", ""stockhold"", ""sweden""]"
2026-06-23,CpwF5fw6dE0,"Taylor Swift Speak Now Fan Video : Ajalvir (Madrid), Spain",2011-02-14T05:19:09Z,PT3M19S,97995,,2123,148,10,none,public,processed,"[""taylor"", ""swift"", ""speak"", ""now"", ""fan"", ""video"", ""album"", ""release"", ""bloggie"", ""madrid"", ""spain"", ""ajalvir""]"
2026-06-23,fTFcFeQOeLo,"Taylor Swift Speak Now Fan Video : San Diego, CA",2011-02-14T05:05:59Z,PT3M23S,118780,,1734,140,10,none,public,processed,"[""taylor"", ""swift"", ""speak"", ""now"", ""fan"", ""video"", ""album"", ""release"", ""bloggie"", ""san"", ""diego"", ""ca"", ""california""]"
2026-06-23,dlBQSxDuy2I,"Taylor Swift Speak Now Fan Video : Omaha, NE",2011-02-14T04:59:38Z,PT4M20S,57149,,1942,312,10,none,public,processed,"[""taylor"", ""swift"", ""speak"", ""now"", ""fan"", ""video"", ""album"", ""release"", ""bloggie"", ""sony"", ""omaha"", ""ne"", ""nebraska""]"
2026-06-23,rx86WwyoI7g,"Taylor Swift Speak Now Fan Video : Hampton, NJ",2011-02-14T04:39:17Z,PT3M57S,116867,,1628,100,10,none,public,processed,"[""taylor"", ""swift"", ""speak"", ""now"", ""fan"", ""video"", ""album"", ""release"", ""bloggie"", ""sony"", ""hampton"", ""new"", ""jersey"", ""nj""]"
2026-06-23,-0uRcwk818Y,"Taylor Swift Speak Now Fan Video : Nashville, TN",2011-02-14T04:33:28Z,PT3M57S,411095,,3557,125,10,none,public,processed,"[""taylor"", ""swift"", ""speak"", ""now"", ""fan"", ""video"", ""album"", ""release"", ""bloggie"", ""sony"", ""nashville"", ""tn"", ""tennessee""]"
2026-06-23,KWPrDngWZSQ,"Taylor Swift Speak Now Fan Video : Minneapolis, MN",2011-02-14T04:08:07Z,PT3M1S,57101,,2365,408,10,none,public,processed,"[""taylor"", ""swift"", ""speak"", ""now"", ""fan"", ""video"", ""album"", ""release"", ""bloggie"", ""sony"", ""minneapolis"", ""mn"", ""minnesota""]"
2026-06-23,91EDAPQLsXc,"Taylor Swift Speak Now Fan Video : Chicago, IL",2011-02-14T03:50:44Z,PT3M32S,120219,,2412,153,10,none,public,processed,"[""taylor"", ""swift"", ""speak"", ""now"", ""fan"", ""video"", ""album"", ""release"", ""bloggie"", ""sony"", ""chicago"", ""illinois"", ""il""]"
2026-06-23,LSjPFdoeDD8,"Taylor Swift Speak Now Fan Video : Oranga, NSW, Australia",2011-02-14T03:04:11Z,PT3M18S,99773,,1626,99,10,none,public,processed,"[""taylor"", ""swift"", ""speak"", ""now"", ""fan"", ""video"", ""album"", ""release"", ""bloggie"", ""sony"", ""australia""]"
2026-06-23,jkin5pRLrQg,Taylor Swift Speak Now Fan Videos : Shot on a Bloggie,2011-02-14T03:00:29Z,PT4M16S,57744,,1856,111,10,none,public,processed,"[""speak"", ""now"", ""album"", ""release"", ""sony"", ""bloggie"", ""fan"", ""videos"", ""blog"", ""vlog""]"
2026-06-23,QUwxKWT6m7U,Taylor Swift - Back To December,2011-02-01T17:16:48Z,PT5M4S,388471130,,1935450,77366,10,none,public,processed,"[""Taylor"", ""December"", ""テイラー・スウィフト"", ""테일러 스위프트"", ""泰勒絲"", ""泰勒斯威夫特"", ""한글자막"", ""日本語字幕"", ""subtítulos en español"", ""Phụ đề tiếng Việt"", ""Subtitles in Tagalog"", ""Teks dalam Bahasa Indonesia"", ""उपशीर्षक हिंदी में"", ""Sarikata Dalam Bahasa Malaysia"", ""คำบรรยายภาษาไทย"", ""taylor swift"", ""taylor swift back to december"", ""back to december taylor swift"", ""taylor back to december"", ""back to december""]"
2026-06-23,ZMt6TFO0zn4,Taylor Swift CoverGirl NatureLuxe,2011-01-06T17:52:21Z,PT31S,978618,,13030,1368,24,none,public,processed,"[""taylor"", ""swift"", ""covergirl"", ""cover"", ""girl"", ""nature"", ""luxe"", ""natureluxe"", ""makeup"", ""make"", ""up""]"
2026-06-23,zudLJdajX5Y,Taylor Swift - You Belong With Me (Live on Letterman),2010-12-08T04:43:15Z,PT3M53S,7242291,,64188,2882,10,none,public,processed,"[""Taylor"", ""Swift"", ""You"", ""Belong"", ""With"", ""(Live"", ""Letterman)"", ""Country"", ""Pop""]"
2026-06-23,4wUPASp2hfY,Taylor Swift - Speak Now (Live on Letterman),2010-12-08T04:41:04Z,PT4M1S,18489703,,138332,7281,10,none,public,processed,"[""Taylor"", ""Swift"", ""speak now"", ""taylor speak now"", ""taylor swift speak now"", ""speak now taylor"", ""speak now on letterman"", ""taylor swift letterman"", ""speak now letterman""]"
2026-06-23,xcLIGAIkztc,Taylor Swift - Mine (Live on Letterman),2010-12-08T04:25:17Z,PT4M51S,5590473,,51223,0,10,none,public,processed,"[""Taylor"", ""Swift"", ""Mine"", ""(Live"", ""on"", ""Letterman)"", ""SB"", ""Country"", ""Pop""]"
2026-06-23,mNLVMDF9mUo,Taylor Swift - Love Story (Live on Letterman),2010-12-08T04:22:20Z,PT4M3S,28997342,,305290,8943,10,none,public,processed,"[""Taylor"", ""Swift"", ""Love"", ""Story"", ""(Live"", ""Letterman)"", ""Country"", ""Pop"", ""テイラー・スウィフト"", ""테일러 스위프트"", ""泰勒絲"", ""泰勒斯威夫特"", ""한글자막"", ""日本語字幕"", ""subtítulos en español"", ""Phụ đề tiếng Việt"", ""Subtitles in Tagalog"", ""Teks dalam Bahasa Indonesia"", ""उपशीर्षक हिंदी में"", ""Sarikata Dalam Bahasa Malaysia"", ""คำบรรยายภาษาไทย""]"
2026-06-23,vio0RidOMUM,Taylor Swift - Back To December (Live on Letterman),2010-12-08T04:19:32Z,PT5M3S,14260860,,147512,5445,10,none,public,processed,"[""Taylor"", ""Swift"", ""Back"", ""December"", ""(Live"", ""Letterman)"", ""Country"", ""Pop""]"
2026-06-23,5jKcG86bNRs,Speak Now Deluxe Edition - Only at Target,2010-10-25T20:02:56Z,PT31S,1698404,,72958,2541,10,none,public,processed,"[""taylor"", ""swift"", ""target"", ""speak"", ""now"", ""deluxe"", ""edition""]"
2026-06-23,QQVHNOxYv5E,Taylor Swift's 'Journey to Fearless' on The Hub,2010-10-19T23:10:37Z,PT31S,404100,,5183,542,24,none,public,processed,"[""Taylor"", ""swift"", ""the"", ""hub"", ""journey"", ""to"", ""fearless"", ""special""]"
2026-06-23,XPBwXKgDTdE,Taylor Swift - Mine,2010-08-31T02:15:03Z,PT3M56S,329940165,,1347113,90693,10,none,public,processed,"[""Taylor"", ""Swift"", ""Mine"", ""Big"", ""Machine"", ""Records"", ""LLC"", ""Country"", ""テイラー・スウィフト"", ""테일러 스위프트"", ""泰勒絲"", ""泰勒斯威夫特"", ""한글자막"", ""日本語字幕"", ""subtítulos en español"", ""Phụ đề tiếng Việt"", ""Subtitles in Tagalog"", ""Teks dalam Bahasa Indonesia"", ""उपशीर्षक हिंदी में"", ""Sarikata Dalam Bahasa Malaysia"", ""คำบรรยายภาษาไทย""]"
2026-06-23,w7p_BCIX-rw,A Hug From Taylor Swift - The Final Challenge,2010-06-02T18:44:29Z,PT5M6S,561927,,13371,1424,24,none,public,processed,"[""hug"", ""from"", ""taylor"", ""swift"", ""final"", ""challenge"", ""auburn"", ""university""]"
2026-06-23,IgZY0frgysw,Demonstrating my fine athletic skills. And more.,2010-04-26T19:58:31Z,PT5M33S,5861781,,179144,10876,24,none,public,processed,"[""taylor"", ""swift"", ""video"", ""blog"", ""athletic"", ""skills"", ""vegas"", ""katy"", ""perry""]"
2026-06-23,uhHMWLjL77U,Taylor Swift Sony TX7 Cyber-shot Camera Commercial,2010-04-26T14:44:40Z,PT31S,1559957,,21292,1794,24,none,public,processed,"[""taylor"", ""swift"", ""sony"", ""cyber"", ""shot"", ""camera"", ""commercial""]"
2026-06-23,PVtlDvh74H8,A Hug From Taylor Swift - Challenge #3,2010-04-24T03:58:16Z,PT1M3S,1015984,,8269,895,24,none,public,processed,"[""taylor"", ""swift"", ""hug"", ""from""]"
2026-06-23,37Pc4cjk9pY,Vote Taylor: ACM Entertainer of the Year,2010-04-02T03:59:52Z,PT3M31S,344384,,7259,806,10,none,public,processed,"[""taylor"", ""swift"", ""acm"", ""entertainer"", ""of"", ""the"", ""year""]"
2026-06-23,Uo6HuSCBZu4,A Hug From Taylor Swift - Challenge #2,2010-04-01T15:38:34Z,PT1M37S,1060305,,10797,1619,24,none,public,processed,"[""taylor"", ""swift"", ""hug"", ""from""]"
2026-06-23,mxBSpHji2oo,A Hug From Taylor Swift - Challenge #1,2010-03-25T16:19:23Z,PT3M16S,888720,,12842,1088,24,none,public,processed,"[""taylor"", ""swift"", ""hug"", ""from"", ""challenge"", ""help"", ""old"", ""lady"", ""across"", ""the"", ""street""]"
2026-06-23,U3yPyVFKGG8,New conference table.,2010-03-12T16:10:46Z,PT31S,1361240,,56891,2234,10,none,public,processed,"[""taylor"", ""swift"", ""conference"", ""table""]"
2026-06-23,VhFFAQuAUqo,Fairytale Adventures in Australia and Japan.,2010-03-01T01:21:07Z,PT5M47S,921906,,15703,1832,10,none,public,processed,"[""taylor"", ""swift"", ""japan"", ""australia"", ""fearless"", ""video"", ""blog"", ""today was a fairytale"", ""fairytale"", ""adventures""]"
2026-06-23,ptSjNWnzpjg,Taylor Swift - Fearless,2010-02-26T17:13:59Z,PT4M11S,65827062,,303792,18574,10,none,public,processed,"[""Taylor"", ""Swift"", ""Big"", ""Machine"", ""Records"", ""LLC"", ""Country""]"
2026-06-23,Pb-K2tXWK4w,Taylor Swift - Fifteen,2009-11-24T08:00:54Z,PT5M4S,172874377,,687970,65437,10,none,public,processed,"[""Taylor"", ""Swift"", ""Big"", ""Machine"", ""Records"", ""LLC"", ""Country""]"
2026-06-23,wzLhAZn_JMk,Behind-the-scenes in BAND HERO with Taylor!,2009-11-02T22:00:19Z,PT1M17S,941542,,7600,643,20,none,public,processed,"[""taylor"", ""swift"", ""taylor swift"", ""band"", ""hero"", ""band hero""]"
2026-06-23,GVKuFZhB1e8,Taylor Swift In Band Hero,2009-10-01T18:26:46Z,PT2M3S,662669,,7914,1861,20,none,public,processed,"[""music"", ""taylor swift"", ""taylor"", ""swift"", ""band"", ""hero"", ""band hero"", ""video games"", ""guitar hero"", ""guitar"", ""virtual""]"
2026-06-23,SnN7kIqDgz0,Watching the CMA Announcements!,2009-09-09T20:04:29Z,PT3M21S,979002,,31857,4168,10,none,public,processed,"[""Taylor"", ""Swift"", ""CMA Awards"", ""Fearless""]"
2026-06-23,x2hRdQnbzKQ,Your world is my world.,2009-08-19T16:34:06Z,PT6M22S,1151247,,27462,2417,24,none,public,processed,"[""Taylor Swift"", ""Fearless"", ""Keith Urban"", ""Kiss""]"
2026-06-23,Y3eRmLTN7FQ,Surprise! Taylor Wins 2 Teen Choice Awards!,2009-08-11T03:49:48Z,PT3M37S,448477,,6876,1128,10,none,public,processed,"[""Taylor"", ""Swift"", ""Country"", ""Teen"", ""Choice"", ""Awards""]"
2026-06-23,Jb2stN7kH28,Taylor Swift - Our Song,2009-06-17T00:49:50Z,PT3M23S,229706181,,985448,67301,10,none,public,processed,"[""Taylor"", ""Swift"", ""Big"", ""Machine"", ""Country""]"
2026-06-23,GkD20ajVxnY,Taylor Swift - Tim McGraw,2009-06-17T00:12:30Z,PT3M52S,55959536,,375894,25101,10,none,public,processed,"[""Taylor"", ""Swift"", ""Big"", ""Machine"", ""Country""]"
2026-06-23,xKCek6_dB0M,Taylor Swift - Teardrops On My Guitar,2009-06-16T23:22:21Z,PT3M38S,179644109,,875744,62811,10,none,public,processed,"[""Taylor"", ""Swift"", ""Big"", ""Machine"", ""Country""]"
2026-06-23,D1Xr-JFLxik,Taylor Swift - White Horse,2009-06-16T22:20:05Z,PT4M5S,163925563,,749871,45863,10,none,public,processed,"[""Taylor"", ""Swift"", ""Big"", ""Machine"", ""Records"", ""LLC"", ""Country""]"
2026-06-23,VuNIsY6JdUw,Taylor Swift - You Belong With Me,2009-06-16T22:02:30Z,PT3M49S,1747889580,,10707075,466025,10,none,public,processed,"[""Taylor"", ""Swift"", ""Big"", ""Machine"", ""Records"", ""LLC"", ""Country"", ""한글자막"", ""日本語字幕"", ""subtítulos en español"", ""Türkçe Altyazılı"", ""Phụ đề tiếng Việt"", ""Subtitles in Tagalog"", ""Teks dalam Bahasa Indonesia"", ""उपशीर्षक हिंदी में"", ""Sarikata Dalam Bahasa Malaysia"", ""คำบรรยายภาษาไทย"", ""テイラー・スウィフト"", ""테일러 스위프트"", ""泰勒絲"", ""泰勒斯威夫特""]"
2026-06-23,8xg3vE8Ie_E,Taylor Swift - Love Story,2009-06-16T21:56:20Z,PT3M57S,819857455,,5782135,232721,10,none,public,processed,"[""Taylor"", ""LLC"", ""Country"", ""한글자막"", ""日本語字幕"", ""subtítulos en español"", ""Türkçe Altyazılı"", ""Phụ đề tiếng Việt"", ""Subtitles in Tagalog"", ""Teks dalam Bahasa Indonesia"", ""उपशीर्षक हिंदी में"", ""Sarikata Dalam Bahasa Malaysia"", ""คำบรรยายภาษาไทย"", ""テイラー・スウィフト"", ""테일러 스위프트"", ""泰勒絲"", ""泰勒斯威夫特"", ""taylor swift"", ""taylor swift love story"", ""love story tayllor swift""]"
2026-06-23,l4_6eQm7RTQ,Taylor Swift - The Best Day,2009-06-16T21:55:48Z,PT4M36S,26365339,,242555,13026,10,none,public,processed,"[""Taylor"", ""Swift"", ""The"", ""Best"", ""Day"", ""Big"", ""Machine"", ""Records"", ""LLC"", ""Country""]"
2026-06-23,B1jYllE0T-k,Taylor Swift - Change,2009-06-16T21:53:38Z,PT4M33S,52330001,,200307,16760,10,none,public,processed,"[""Taylor"", ""Swift"", ""Big"", ""Machine"", ""Records"", ""LLC"", ""Country""]"
2026-06-23,FMDVWSqALRs,Taylor Swift - Change (Live),2009-06-16T21:48:32Z,PT4M27S,137734,,691,73,10,none,public,processed,"[""Taylor"", ""Swift"", ""Big"", ""Machine"", ""Records"", ""LLC"", ""Country""]"
2026-06-23,AlTfYj7q5gQ,Taylor Swift - I'm Only Me When I'm With You,2009-06-16T21:44:50Z,PT3M39S,42492142,,191703,10770,10,none,public,processed,"[""Taylor"", ""Swift"", ""Big"", ""Machine"", ""Country""]"
2026-06-23,yCMqcFAigRg,Taylor Swift - Picture To Burn,2009-06-16T21:42:34Z,PT3M32S,126584733,,690261,39335,10,none,public,processed,"[""Taylor"", ""Swift"", ""Big"", ""Machine"", ""Country""]"
2026-06-23,8w4A1vVaNmE,"Whisper hello, I miss you quite terribly.",2009-05-08T17:02:16Z,PT4M56S,5699706,,21084,3095,22,none,public,processed,"[""Taylor Swift"", ""CMT Awards"", ""London""]"
2026-06-23,V3QOzyS5M4Q,Being on tour. Everyone ignores me.,2009-05-07T19:02:07Z,PT6M37S,3142334,,183309,9985,22,none,public,processed,"[""Taylor Swift"", ""CMT Awards""]"
2026-06-23,G2rSQF5Qx7k,FEARLESS Tour 2009,2009-04-24T21:26:31Z,PT2M23S,1062963,,8808,1357,10,none,public,processed,"[""Taylor"", ""Swift"", ""Country"", ""FEARLESS"", ""Tour"", ""2009""]"
2026-06-23,MHDjff07l0I,Thanksgiving break and The Academy Is...,2009-03-06T00:20:07Z,PT5M23S,662272,,8265,795,22,none,public,processed,"[""Taylor Swift"", ""Fearless"", ""Thanksgiving""]"
2026-06-23,M134RqAbiwY,I hope it's gonna make you notice.,2009-03-05T23:28:03Z,PT5M8S,2908685,,35426,3386,22,none,public,processed,"[""Taylor Swift"", ""Fearless""]"
2026-06-23,qvcSth8LvEw,1 with a bullet.,2008-11-25T18:35:47Z,PT4M24S,821848,,8379,1118,10,none,public,processed,"[""Taylor"", ""Swift"", ""Fearless""]"
2026-06-23,-zymq4JgQ7E,Retainers.,2008-11-17T21:25:40Z,PT59S,3313235,,76708,5138,10,none,public,processed,"[""Taylor"", ""Swift""]"
2026-06-23,45KfDAgw_Is,November 11th.,2008-11-17T20:58:44Z,PT5M51S,718310,,7263,977,10,none,public,processed,"[""Taylor"", ""Swift"", ""Fearless""]"
2026-06-23,RLmmqQNEM_I,You change your mind like a girl changes clothes.,2008-11-17T20:43:59Z,PT5M16S,1530930,,22678,2098,10,none,public,processed,"[""Taylor"", ""Swift"", ""Kellie"", ""Pickler"", ""Katy"", ""Perry"", ""CMT"", ""Def"", ""Leppard""]"
2026-06-23,rJVYkPjQf9s,Rascal Flatt's tour and Grey's Anatomy,2008-11-17T20:35:15Z,PT4M9S,367207,,7176,687,10,none,public,processed,"[""Taylor"", ""Swift"", ""Grey's"", ""Anatomy""]"
2026-06-23,DjABPXfE4Fs,Philadelphia :),2008-11-17T20:32:42Z,PT4M6S,530555,,8617,835,10,none,public,processed,"[""Taylor"", ""Swift"", ""Philadelphia""]"
2026-06-23,0jWoq3COzts,London!!!,2008-11-17T19:55:46Z,PT4M46S,824165,,11293,1341,10,none,public,processed,"[""Taylor"", ""Swift""]"
2026-06-23,bkADPxWSeak,Behind The Scenes @ CMA Music Festival,2008-09-02T17:53:24Z,PT1M33S,321289,,3800,272,10,none,public,processed,"[""Taylor"", ""Swift"", ""CMA"", ""Music"", ""Festival""]"
2026-06-23,m_4CSbzwPtE,"Taylor And ""Friends""",2008-08-17T22:26:08Z,PT2M17S,1051315,,11088,1002,10,none,public,processed,"[""taylor"", ""swift"", ""friends"", ""new"", ""album"", ""video""]"
2026-06-23,Ivz6lNNAYaE,MySpace Presents: The Fit Featuring Taylor Swift,2008-06-26T23:02:37Z,PT4M12S,699076,,5415,567,10,none,public,processed,"[""Taylor"", ""Swift"", ""MySpace"", ""The"", ""Fit"", ""fashion"", ""seventeen"", ""cover""]"
2026-06-23,R7wjyOQw7Zw,Instructional Video,2008-06-26T22:05:00Z,PT1M6S,715037,,12370,921,10,none,public,processed,"[""Taylor"", ""Swift"", ""Love"", ""Bracelet"", ""How-to""]"
2026-06-23,1G1ES1y6AyI,My band has bad private plane manners.,2008-06-26T21:58:19Z,PT25S,872039,,10880,614,10,none,public,processed,"[""Taylor"", ""Swift"", ""plane"", ""Grant"", ""Amos""]"
2026-06-23,Mi-FBBqUuJE,First fans with my CMT Award.,2008-06-26T21:55:43Z,PT11S,382851,,4731,304,10,none,public,processed,"[""Taylor"", ""Swift"", ""CMT"", ""Award"", ""Fans""]"
2026-06-23,p-5R0u3iTiE,TRL Recap!,2008-06-26T21:15:51Z,PT3M8S,826194,,10281,991,10,none,public,processed,"[""Taylor"", ""Swift"", ""TRL"", ""MTV"", ""Total"", ""Request"", ""Live"", ""Rihanna"", ""New"", ""York"", ""City"", ""Big"", ""Machine"", ""Records""]"
2026-06-23,C7I3_yFQYkc,Wannabe,2008-06-26T21:02:39Z,PT3M45S,1356862,,25553,1944,10,none,public,processed,"[""Taylor"", ""Swift"", ""Wannabe"", ""Spice"", ""Girls""]"
2026-06-23,pA1dPsnfams,:-),2008-06-26T20:51:09Z,PT34S,1094406,,38154,2894,10,none,public,processed,"[""Taylor"", ""Swift"", ""Kellie"", ""Pickler"", ""Funny""]"
2026-06-23,v9bxXO9fj98,Should've Said No,2008-06-26T15:47:41Z,PT4M22S,8144649,,128975,10419,10,none,public,processed,"[""Taylor"", ""Swift"", ""Should've"", ""Said"", ""No""]"
2026-06-23,hDU4GB1PTxc,"Taylor Swift - I Knew It, I Knew You (from Toy Story 5)",2026-06-07T19:00:36Z,PT3M4S,8753807,,234422,7553,10,none,public,processed,"[""taylor swift"", ""toy story 5""]"
2026-06-23,o9LcBozLplo,"“I Knew It, I Knew You” from Toy Story 5 is out everywhere now. 🤠🐴",2026-06-05T04:13:42Z,PT27S,414962,,28269,1202,10,none,public,processed,[]
2026-06-25,ko70cExuzZM,Taylor Swift - The Fate of Ophelia (Official Music Video),2025-10-05T23:00:06Z,PT3M59S,437089483,2064686,3527733,143353,10,none,public,processed,"[""Taylor swift"", ""taylor"", ""swift"", ""taylor swift TLOAS"", ""TS12"", ""Showgirl"", ""The Life of a Showgirl"", ""new taylor swift"", ""taylor swift album""]"
2026-06-25,e-ORhEE9VVg,Taylor Swift - Blank Space,2014-11-10T17:05:44Z,PT4M33S,3815716942,908755,16584460,692137,10,none,public,processed,"[""Taylor Swift"", ""Blank space"", ""taylor swift blank space"", ""1989"", ""1989 album"", ""pop. country"", ""한글자막"", ""日本語字幕"", ""subtítulos en español"", ""Türkçe Altyazılı"", ""Phụ đề tiếng Việt"", ""Subtitles in Tagalog"", ""Teks dalam Bahasa Indonesia"", ""उपशीर्षक हिंदी में"", ""Sarikata Dalam Bahasa Malaysia"", ""คำบรรยายภาษาไทย"", ""テイラー・スウィフト"", ""테일러 스위프트"", ""泰勒絲"", ""泰勒斯威夫特""]"
2026-06-25,nfWlot6h_JM,Taylor Swift - Shake It Off,2014-08-18T21:18:00Z,PT4M2S,3695286552,838128,14269924,605094,10,none,public,processed,"[""Taylor"", ""Swift"", ""Shake"", ""Off"", ""Big"", ""Machine"", ""Records"", ""LLC"", ""Pop"", ""한글자막"", ""日本語字幕"", ""subtítulos en español"", ""Türkçe Altyazılı"", ""Phụ đề tiếng Việt"", ""Subtitles in Tagalog"", ""Teks dalam Bahasa Indonesia"", ""उपशीर्षक हिंदी में"", ""Sarikata Dalam Bahasa Malaysia"", ""คำบรรยายภาษาไทย"", ""テイラー・スウィフト"", ""테일러 스위프트"", ""泰勒絲"", ""泰勒斯威夫特""]"
2026-06-25,hDU4GB1PTxc,"Taylor Swift - I Knew It, I Knew You (from Toy Story 5)",2026-06-07T19:00:36Z,PT3M4S,9336827,583020,239907,7642,10,none,public,processed,"[""taylor swift"", ""toy story 5""]"
2026-06-25,VuNIsY6JdUw,Taylor Swift - You Belong With Me,2009-06-16T22:02:30Z,PT3M49S,1748180275,290695,10707244,466040,10,none,public,processed,"[""Taylor"", ""Swift"", ""Big"", ""Machine"", ""Records"", ""LLC"", ""Country"", ""한글자막"", ""日本語字幕"", ""subtítulos en español"", ""Türkçe Altyazılı"", ""Phụ đề tiếng Việt"", ""Subtitles in Tagalog"", ""Teks dalam Bahasa Indonesia"", ""उपशीर्षक हिंदी में"", ""Sarikata Dalam Bahasa Malaysia"", ""คำบรรยายภาษาไทย"", ""テイラー・スウィフト"", ""테일러 스위프트"", ""泰勒絲"", ""泰勒斯威夫特""]"
2026-06-25,-CmadmM5cOk,Taylor Swift - Style,2015-02-13T13:20:01Z,PT4M3S,958240994,281534,4466308,170109,10,none,public,processed,"[""Taylor"", ""Style"", ""한글자막"", ""日本語字幕"", ""subtítulos en español"", ""Türkçe Altyazılı"", ""Phụ đề tiếng Việt"", ""Subtitles in Tagalog"", ""Teks dalam Bahasa Indonesia"", ""उपशीर्षक हिंदी में"", ""Sarikata Dalam Bahasa Malaysia"", ""คำบรรยายภาษาไทย"", ""テイラー・スウィフト"", ""테일러 스위프트"", ""泰勒絲"", ""泰勒斯威夫特"", ""Taylor Swift Style"", ""style taylor swift""]"
2026-06-25,ic8j13piAhQ,Taylor Swift - Cruel Summer (Official Audio),2019-08-23T04:00:06Z,PT3M,294128861,259723,1677030,43629,10,none,public,processed,"[""Taylor"", ""Swift"", ""Cruel"", ""Summer"", ""(Visualizer)"", ""Pop""]"
2026-06-25,IdneKLhsWOQ,Taylor Swift - Wildest Dreams,2015-08-31T00:55:00Z,PT3M55S,1017616740,232068,5731279,241736,10,none,public,processed,"[""Taylor Swift"", ""Wildest Dreams"", ""한글자막"", ""日本語字幕"", ""subtítulos en español"", ""Türkçe Altyazılı"", ""Phụ đề tiếng Việt"", ""Subtitles in Tagalog"", ""Teks dalam Bahasa Indonesia"", ""उपशीर्षक हिंदी में"", ""Sarikata Dalam Bahasa Malaysia"", ""คำบรรยายภาษาไทย"", ""テイラー・スウィフト"", ""테일러 스위프트"", ""泰勒絲"", ""泰勒斯威夫特""]"
2026-06-25,8xg3vE8Ie_E,Taylor Swift - Love Story,2009-06-16T21:56:20Z,PT3M57S,820079665,222210,5782912,232751,10,none,public,processed,"[""Taylor"", ""LLC"", ""Country"", ""한글자막"", ""日本語字幕"", ""subtítulos en español"", ""Türkçe Altyazılı"", ""Phụ đề tiếng Việt"", ""Subtitles in Tagalog"", ""Teks dalam Bahasa Indonesia"", ""उपशीर्षक हिंदी में"", ""Sarikata Dalam Bahasa Malaysia"", ""คำบรรยายภาษาไทย"", ""テイラー・スウィフト"", ""테일러 스위프트"", ""泰勒絲"", ""泰勒斯威夫特"", ""taylor swift"", ""taylor swift love story"", ""love story tayllor swift""]"
2026-06-25,u9raS7-NisU,Taylor Swift - Daylight (Official Audio),2019-08-23T04:00:07Z,PT4M55S,120157528,201727,783393,15257,10,none,public,processed,"[""Taylor"", ""Swift"", ""Daylight"", ""(Visualizer)"", ""Pop""]"
2026-06-25,igIfiqqVHtA,Taylor Swift - Enchanted (Taylor's Version) (Lyric Video),2023-07-07T04:00:21Z,PT5M57S,98844581,170534,828025,18311,10,none,public,processed,"[""taylor swift"", ""taylor"", ""swift"", ""speak now taylors version"", ""taylor’s version"", ""speak now TV"", ""speak now taylor’s version"", ""speak now from the vault"", ""speak now vault songs"", ""speak now recrecording"", ""new taylor swift"", ""taylor swift album"", ""taylor swift speak now"", ""taylor speak now""]"
2026-06-25,OOYlWF6V8t8,Taylor Swift - Guilty as Sin (Official Lyric Video),2024-04-20T00:00:15Z,PT4M19S,64874406,162769,229083,4636,10,none,public,processed,"[""taylor swift"", ""taylor"", ""swift"", ""taylor swift ttpd"", ""tortured poets department"", ""new taylor swift"", ""taylor swift album"", ""ts ttpd"", ""ttpd anthology"", ""taylor swift tortured poets department"", ""taylor swift lyrics"", ""the tortured poets department""]"
2026-06-25,QUwxKWT6m7U,Taylor Swift - Back To December,2011-02-01T17:16:48Z,PT5M4S,388629794,158664,1935525,77370,10,none,public,processed,"[""Taylor"", ""December"", ""テイラー・スウィフト"", ""테일러 스위프트"", ""泰勒絲"", ""泰勒斯威夫特"", ""한글자막"", ""日本語字幕"", ""subtítulos en español"", ""Phụ đề tiếng Việt"", ""Subtitles in Tagalog"", ""Teks dalam Bahasa Indonesia"", ""उपशीर्षक हिंदी में"", ""Sarikata Dalam Bahasa Malaysia"", ""คำบรรยายภาษาไทย"", ""taylor swift"", ""taylor swift back to december"", ""back to december taylor swift"", ""taylor back to december"", ""back to december""]"
2026-06-25,3tmd-ClpJxA,Taylor Swift - Look What You Made Me Do,2017-08-28T00:30:22Z,PT4M16S,1570296436,154329,13750293,761005,10,none,public,processed,"[""Taylor Swift"", ""Look What You Made Me Do"", ""Reputation"", ""한글자막"", ""日本語字幕"", ""subtítulos en español"", ""Türkçe Altyazılı"", ""Phụ đề tiếng Việt"", ""Subtitles in Tagalog"", ""Teks dalam Bahasa Indonesia"", ""उपशीर्षक हिंदी में"", ""Sarikata Dalam Bahasa Malaysia"", ""คำบรรยายภาษาไทย"", ""テイラー・スウィフト"", ""테일러 스위프트"", ""泰勒絲"", ""泰勒斯威夫特""]"
2026-06-25,vwp8Ur6tO-8,Taylor Swift - You Belong With Me (Taylor's Version) (Lyric Video),2021-04-09T04:00:12Z,PT3M53S,76796997,147584,646466,15481,10,none,public,processed,"[""taylor swift"", ""taylor"", ""swift"", ""you belong with me"", ""you belong with me taylor swift"", ""taylor you belong with me"", ""you belong with me taylor’s version"", ""taylor’s version"", ""taylors version"", ""taylor swift new album"", ""taylor swift new music"", ""taylor swift lyrics"", ""fearless"", ""fearless taylor’s version"", ""fearless taylors version"", ""official taylor swift lyrics"", ""taylor rerecord"", ""taylor reissue"", ""taylor new version"", ""fearless rerecord"", ""fearless remaster"", ""new""]"
2026-06-25,-BjZmE2gtdo,Taylor Swift - Lover (Official Music Video),2019-08-22T21:30:09Z,PT3M59S,354694650,146574,3976326,108732,10,none,public,processed,"[""Taylor"", ""Swift"", ""Lover"", ""한글자막"", ""日本語字幕"", ""subtítulos en español"", ""Türkçe Altyazılı"", ""Phụ đề tiếng Việt"", ""Subtitles in Tagalog"", ""Teks dalam Bahasa Indonesia"", ""उपशीर्षक हिंदी में"", ""Sarikata Dalam Bahasa Malaysia"", ""คำบรรยายภาษาไทย"", ""テイラー・スウィフト"", ""테일러 스위프트"", ""泰勒絲"", ""泰勒斯威夫特"", ""taylor swift lover"", ""lover taylor swift""]"
2026-06-25,3PJC6uPIekc,Taylor Swift - Opalite (Lyric Video),2025-10-05T23:10:06Z,PT3M59S,51489886,145528,278985,6810,10,none,public,processed,"[""Taylor swift"", ""taylor"", ""swift"", ""taylor swift TLOAS"", ""TS12"", ""Showgirl"", ""The Life of a Showgirl"", ""new taylor swift"", ""taylor swift album""]"
2026-06-25,aXzVF3XeS8M,Taylor Swift - Love Story (Taylor’s Version) [Official Lyric Video],2021-02-12T05:00:00Z,PT4M1S,82715550,141384,1572218,92287,10,none,public,processed,"[""taylor swift"", ""taylor"", ""swift"", ""love story"", ""love story taylor’s version"", ""taylor’s version"", ""taylors version"", ""taylor swift new album"", ""taylor swift new music"", ""taylor swift lyrics"", ""fearless"", ""fearless taylor’s version"", ""fearless taylors version"", ""official taylor swift lyrics"", ""taylor rerecord"", ""taylor reissue"", ""taylor new version"", ""fearless rerecord"", ""fearless remaster"", ""fearless new version"", ""taylor swift fearless"", ""taylor swift rerecord"", ""taylor swift version""]"
2026-06-25,WA4iX5D9Z64,Taylor Swift - We Are Never Ever Getting Back Together,2012-09-01T00:00:08Z,PT3M36S,840162275,133989,4468062,229647,10,none,public,processed,"[""Taylor"", ""Swift"", ""Are"", ""Never"", ""Ever"", ""Getting"", ""Back"", ""Together"", ""Big"", ""Machine"", ""Records"", ""LLC"", ""Country"", ""한글자막"", ""日本語字幕"", ""subtítulos en español"", ""Türkçe Altyazılı"", ""Phụ đề tiếng Việt"", ""Subtitles in Tagalog"", ""Teks dalam Bahasa Indonesia"", ""उपशीर्षक हिंदी में"", ""Sarikata Dalam Bahasa Malaysia"", ""คำบรรยายภาษาไทย"", ""テイラー・スウィフト"", ""테일러 스위프트"", ""泰勒絲"", ""泰勒斯威夫特""]"
2026-06-25,nn_0zPAfyo8,Taylor Swift – august (Official Lyric Video),2020-07-24T04:00:15Z,PT4M24S,139142176,125213,1124599,39642,10,none,public,processed,"[""Taylor"", ""Swift"", ""august"", ""(Lyric"", ""Video)"", ""Alternative""]"
2026-06-25,QcIy9NiNbmo,Taylor Swift - Bad Blood ft. Kendrick Lamar,2015-05-18T04:00:00Z,PT4M5S,1685753808,116755,10376056,475662,10,none,public,processed,"[""Bad Blood"", ""Taylor Swift"", ""Kendrick Lamar"", ""Bad Blood Official"", ""한글자막"", ""日本語字幕"", ""subtítulos en español"", ""Türkçe Altyazılı"", ""Phụ đề tiếng Việt"", ""Subtitles in Tagalog"", ""Teks dalam Bahasa Indonesia"", ""उपशीर्षक हिंदी में"", ""Sarikata Dalam Bahasa Malaysia"", ""คำบรรยายภาษาไทย"", ""テイラー・スウィフト"", ""테일러 스위프트"", ""泰勒絲"", ""泰勒斯威夫特""]"
2026-06-25,AgFeZr5ptV8,Taylor Swift - 22,2013-03-13T15:25:06Z,PT4M3S,727056607,113084,3552462,295133,10,none,public,processed,"[""Taylor"", ""Swift"", ""한글자막"", ""日本語字幕"", ""subtítulos en español"", ""Türkçe Altyazılı"", ""Phụ đề tiếng Việt"", ""Subtitles in Tagalog"", ""Teks dalam Bahasa Indonesia"", ""उपशीर्षक हिंदी में"", ""Sarikata Dalam Bahasa Malaysia"", ""คำบรรยายภาษาไทย"", ""テイラー・スウィフト"", ""테일러 스위프트"", ""泰勒絲"", ""泰勒斯威夫特"", ""taylor swift"", ""taylor swift 22"", ""22 taylor"", ""22 taylor swift"", ""22 music video"", ""22 official music video"", ""taylor swift 22 music video""]"
2026-06-25,K-a8s8OLBSE,Taylor Swift - cardigan,2020-07-24T04:00:09Z,PT4M35S,225452035,111220,3366075,150274,10,none,public,processed,"[""Taylor"", ""cardigan"", ""taylor swift"", ""taylor swift cardigan"", ""cardigan taylor swift"", ""taylor swift folklore"", ""taylor swift folklore album"", ""cardigan taylor swift lyrics"", ""taylor cardigan"", ""taylor cardigan music video""]"
2026-06-25,DlexmDDSDZ0,Taylor Swift - The Way I Loved You (Taylor's Version) (Lyric Video),2021-04-09T04:00:04Z,PT4M6S,115013446,110313,761236,10065,10,none,public,processed,"[""taylor swift"", ""taylor"", ""swift"", ""the way loved you"", ""taylor the way loved you"", ""the way loved you taylor’s version"", ""taylor’s version"", ""taylors version"", ""taylor swift new album"", ""taylor swift new music"", ""taylor swift lyrics"", ""fearless"", ""fearless taylor’s version"", ""fearless taylors version"", ""official taylor swift lyrics"", ""taylor rerecord"", ""taylor reissue"", ""fearless rerecord"", ""fearless remaster"", ""fearless new version"", ""taylor swift fearless""]"
2026-06-25,Dkk9gvTmCXY,Taylor Swift - You Need To Calm Down,2019-06-17T12:13:12Z,PT3M31S,388044981,108792,4819942,251853,10,none,public,processed,"[""taylor swift"", ""you need to calm down"", ""calm down taylor swift"", ""you need to calm down taylor swift"", ""taylor swift songs"", ""lover"", ""lover album"", ""taylor you need to calm down"", ""you need to calm down lyrics"", ""한글자막"", ""日本語字幕"", ""subtítulos en español"", ""Türkçe Altyazılı"", ""Phụ đề tiếng Việt"", ""Subtitles in Tagalog"", ""Teks dalam Bahasa Indonesia"", ""उपशीर्षक हिंदी में"", ""Sarikata Dalam Bahasa Malaysia"", ""คำบรรยายภาษาไทย"", ""テイラー・スウィフト"", ""테일러 스위프트"", ""泰勒絲"", ""泰勒斯威夫特""]"
2026-06-25,q3zqJs7JUCQ,Taylor Swift - Fortnight (feat. Post Malone) (Official Music Video),2024-04-20T00:00:06Z,PT4M10S,176499313,104668,2151964,105647,10,none,public,processed,"[""Taylor swift"", ""taylor"", ""swift"", ""taylor swift ttpd"", ""tortured poets department"", ""new taylor swift"", ""taylor swift album"", ""ttpd anthology"", ""taylor swift fortnight"", ""fortnite taylor swift"", ""taylor swift"", ""taylor swift fortnight music video"", ""taylor swift fortnight postmalone"", ""fortnight taylor swift post malone"", ""fortnight taylor swift music video"", ""fortnite music video"", ""fortnite taylor swift post malone"", ""taylor swift for a fortnight"", ""taylor swift the tortured poets department"", ""taylor fortnight""]"
2026-06-25,1FVF-9KQiPo,Taylor Swift - Opalite (Official Music Video),2026-02-08T13:00:02Z,PT6M,25982515,103824,662185,29598,10,none,public,processed,"[""Taylor swift"", ""taylor"", ""swift"", ""taylor swift TLOAS"", ""TS12"", ""Showgirl"", ""The Life of a Showgirl"", ""new taylor swift"", ""taylor swift album""]"
2026-06-25,tCXGJQYZ9JA,Taylor Swift - Delicate,2018-03-12T01:15:10Z,PT3M55S,600927886,99725,4701044,212383,10,none,public,processed,"[""Taylor Swift"", ""Delicate"", ""Big"", ""Machine"", ""Records"", ""LLC"", ""Pop""]"
2026-06-25,7lLigiVgJsE,Taylor Swift - Fearless (Taylor's Version) (Lyric Video),2021-04-09T04:00:04Z,PT4M5S,65993387,90518,455714,13469,10,none,public,processed,"[""taylor swift"", ""taylor"", ""swift"", ""fearless"", ""fearless taylor swift"", ""taylor fearless"", ""fearless taylor’s version"", ""taylor’s version"", ""taylors version"", ""taylor swift new album"", ""taylor swift new music"", ""taylor swift lyrics"", ""fearless taylors version"", ""official taylor swift lyrics"", ""taylor rerecord"", ""taylor reissue"", ""taylor new version"", ""fearless rerecord"", ""fearless remaster"", ""fearless new version"", ""taylor swift fearless"", ""taylor swift rerecord"", ""taylor swift version""]"
2026-06-25,7F37r50VUTQ,"ZAYN, Taylor Swift - I Don’t Wanna Live Forever (Fifty Shades Darker)",2017-01-27T05:00:30Z,PT4M17S,775669423,83634,5381172,136446,10,none,public,processed,"[""ZAYN"", ""Taylor"", ""Swift"", ""Taylor Swift"", ""Fifty Shades"", ""Fifty Shades Darker"", ""Christian Grey"", ""Anastasia Steele"", ""Jamie Dornan"", ""Dakota Johnson"", ""taylor swift"", ""fifty shades darker"", ""i don't wanna live forever"", ""taylor i don't wanna live forever"", ""zayn taylor swift"", ""taylor swift zayn"", ""taylor swift zayn malik i don't wanna live forever mw hits""]"
2026-06-25,F5TMU6916U8,Taylor Swift - Long Live (Taylor's Version) (Lyric Video),2023-07-07T04:00:14Z,PT5M20S,46964544,81096,284082,8395,10,none,public,processed,"[""taylor swift"", ""taylor"", ""swift"", ""speak now taylors version"", ""taylor’s version"", ""speak now TV"", ""speak now taylor’s version"", ""speak now from the vault"", ""speak now vault songs"", ""speak now recrecording"", ""new taylor swift"", ""taylor swift album"", ""taylor swift speak now"", ""taylor speak now""]"
2026-06-25,w1oM3kQpXRo,Taylor Swift - Everything Has Changed ft. Ed Sheeran,2013-06-06T04:07:16Z,PT4M12S,434499372,80035,3331964,158042,10,none,public,processed,"[""Taylor"", ""Swift"", ""Everything"", ""Has"", ""Changed"", ""Big"", ""Machine"", ""Records"", ""LLC"", ""Country"", ""한글자막"", ""日本語字幕"", ""subtítulos en español"", ""Türkçe Altyazılı"", ""Phụ đề tiếng Việt"", ""Subtitles in Tagalog"", ""Teks dalam Bahasa Indonesia"", ""उपशीर्षक हिंदी में"", ""Sarikata Dalam Bahasa Malaysia"", ""คำบรรยายภาษาไทย"", ""テイラー・スウィフト"", ""테일러 스위프트"", ""泰勒絲"", ""泰勒斯威夫特""]"
2026-06-25,b1kbLwvqugk,Taylor Swift - Anti-Hero (Official Music Video),2022-10-21T12:00:06Z,PT5M10S,242751022,80029,3625718,104572,10,none,public,processed,"[""Taylor Swift"", ""Pop""]"
2026-06-25,osdoLjUNFnA,Taylor Swift – exile (feat. Bon Iver) (Official Lyric Video),2020-07-24T04:00:21Z,PT4M47S,135239329,79244,1325794,46678,10,none,public,processed,"[""Taylor"", ""Swift"", ""exile"", ""(Lyric"", ""Video)"", ""Alternative""]"
2026-06-25,qc2Z-OX9wnc,Taylor Swift - Back To December (Taylor's Version) (Lyric Video),2023-07-07T04:00:28Z,PT4M58S,52579198,75126,349956,8940,10,none,public,processed,"[""taylor swift"", ""taylor"", ""swift"", ""speak now taylors version"", ""taylor’s version"", ""speak now TV"", ""speak now taylor’s version"", ""speak now from the vault"", ""speak now vault songs"", ""speak now recrecording"", ""new taylor swift"", ""taylor swift album"", ""taylor swift speak now"", ""taylor speak now""]"
2026-06-25,FuXNumBwDOM,Taylor Swift - ME! (feat. Brendon Urie of Panic! At The Disco) ft. Brendon Urie,2019-04-26T03:58:13Z,PT4M9S,457865301,72146,6424241,437801,10,none,public,processed,"[""Taylor"", ""Swift"", ""ME!"", ""(feat."", ""Brendon"", ""Urie"", ""Panic!"", ""The"", ""Disco)"", ""Productions"", ""Inc."", ""All"", ""rights"", ""Reserved."", ""Alternative"", ""한글자막"", ""日本語字幕"", ""subtítulos en español"", ""Türkçe Altyazılı"", ""Phụ đề tiếng Việt"", ""Subtitles in Tagalog"", ""Teks dalam Bahasa Indonesia"", ""उपशीर्षक हिंदी में"", ""Sarikata Dalam Bahasa Malaysia"", ""คำบรรยายภาษาไทย"", ""テイラー・スウィフト"", ""테일러 스위프트"", ""泰勒絲"", ""泰勒斯威夫特""]"
2026-06-25,R_rUYuFtNO4,Taylor Swift - Red (Taylor's Version) (Lyric Video),2021-11-12T05:00:23Z,PT3M41S,70156305,71202,661690,14420,10,none,public,processed,"[""taylor swift"", ""taylor"", ""swift"", ""loving him was red"", ""red"", ""taylor swift red"", ""taylor red"", ""red taylor swift"", ""taylor swift new album"", ""taylor swift new music"", ""red deluxe"", ""deluxe red"", ""taylor swift deluxe"", ""taylor deluxe"", ""deluxe taylor swift"", ""テイラー・スウィフト"", ""테일러 스위프트"", ""泰勒絲"", ""泰勒斯威夫特"", ""한글자막"", ""日本語字幕"", ""subtítulos en español"", ""Phụ đề tiếng Việt"", ""Subtitles in Tagalog"", ""Teks dalam Bahasa Indonesia"", ""उपशीर्षक हिंदी में"", ""Sarikata Dalam Bahasa Malaysia"", ""คำบรรยายภาษาไทย""]"
2026-06-25,wIft-t-MQuE,Taylor Swift - …Ready For It?,2017-10-27T04:00:03Z,PT3M31S,388328077,67408,4008769,210246,10,none,public,processed,"[""Taylor Swift"", ""…Ready For It?"", ""reputation"", ""テイラー・スウィフト"", ""테일러 스위프트"", ""泰勒絲"", ""泰勒斯威夫特"", ""한글자막"", ""日本語字幕"", ""subtítulos en español"", ""Phụ đề tiếng Việt"", ""Subtitles in Tagalog"", ""Teks dalam Bahasa Indonesia"", ""उपशीर्षक हिंदी में"", ""Sarikata Dalam Bahasa Malaysia"", ""คำบรรยายภาษาไทย""]"
2026-06-25,b7kmP1fsGg8,Taylor Swift - Fortnight (feat. Post Malone),2024-04-19T04:00:32Z,PT3M49S,31188063,66665,443627,29126,10,none,public,processed,"[""taylorswift"", ""postmalone"", ""fortnight"", ""thetorturedpoetsdepartment""]"
2026-06-25,V54CEElTF_U,Taylor Swift - Call It What You Want (Lyric Video),2017-11-03T04:00:01Z,PT3M27S,132450403,66286,1268309,53685,10,none,public,processed,"[""Taylor Swift"", ""Call It What You Want"", ""reputation""]"
2026-06-25,b5Zay_Hd_7Q,Taylor Swift - Lover Remix Feat. Shawn Mendes (Lyric Video),2019-11-13T12:27:46Z,PT3M42S,75377537,62772,1071054,27497,10,none,public,processed,"[""Taylor Swift"", ""Shawn Mendes"", ""Lover"", ""Lover Remix"", ""Lover Remix Lyrics"", ""Lyric Video""]"
2026-06-25,GZ4vaTRn0HU,Taylor Swift - loml (Official Lyric Video),2024-04-20T00:00:11Z,PT4M42S,33029497,61478,173708,4403,10,none,public,processed,"[""taylor swift"", ""taylor"", ""swift"", ""taylor swift ttpd"", ""tortured poets department"", ""new taylor swift"", ""taylor swift album"", ""ts ttpd"", ""ttpd anthology"", ""taylor swift tortured poets department"", ""taylor swift lyrics"", ""the tortured poets department""]"
2026-06-25,RsEZmictANA,Taylor Swift - willow (Official Music Video),2020-12-11T05:00:10Z,PT4M13S,166962527,60479,2501929,118617,10,none,public,processed,"[""taylor swift"", ""taylor"", ""swift"", ""willow"", ""willow taylor swift"", ""taylor swift willow"", ""willow official video"", ""willow music video"", ""willow evermore"", ""evermore"", ""taylor swift evermore"", ""willow lyrics"", ""taylor swift willow lyrics"", ""taylor willow"", ""willow taylor"", ""evermore taylor swift"", ""ever more"", ""taylor swift new album"", ""taylor swift new music"", ""ever more taylor swift"", ""taylor swift ever more"", ""テイラー・スウィフト"", ""테일러 스위프트"", ""泰勒絲"", ""泰勒斯威夫特"", ""한글자막"", ""日本語字幕"", ""subtítulos en español"", ""Phụ đề tiếng Việt""]"
2026-06-25,7Gbg6Z70J7E,"Taylor Swift - You're On Your Own, Kid (Official Lyric Video)",2022-10-22T00:00:11Z,PT3M19S,65488981,59401,420880,6067,10,none,public,processed,"[""taylor swift"", ""taylor"", ""swift"", ""You’re On Your Own Kid"", ""midnights"", ""taylor swift new music"", ""taylor swift midnights"", ""taylor swift album"", ""taylor swift new album"", ""swifties"", ""taylors version"", ""taylor swift lyrics"", ""official taylor swift video"", ""taylor swift challenge"", ""anti hero challenge"", ""taylor swift tiktok""]"
2026-06-25,WqbJT_vC0rs,Taylor Swift - Elizabeth Taylor (Official Music Video),2026-04-02T12:00:54Z,PT3M49S,6735195,56302,192183,9359,10,none,public,processed,"[""Taylor swift"", ""taylor"", ""swift"", ""taylor swift TLOAS"", ""TS12"", ""Showgirl"", ""The Life of a Showgirl"", ""new taylor swift"", ""taylor swift album""]"
2026-06-25,sRxrwjOtIag,All Too Well (10 Minute Version) (Taylor's Version) (From The Vault) (Lyric Video),2021-11-12T05:00:31Z,PT10M13S,165248957,56186,1632327,56415,10,none,public,processed,"[""taylor swift"", ""taylor"", ""swift all too well 10 minute version"", ""all too well 10 minute version taylor swift"", ""taylor swift all too well 10 minute version"", ""all too well 10 minute version official video"", ""all too well 10 minute version music video"", ""all too well 10 minute version red"", ""red"", ""taylor swift red"", ""all too well 10 minute version lyrics"", ""taylor swift all too well 10 minute version lyrics"", ""taylor all too well 10 minute version"", ""red taylor swift""]"
2026-06-25,Odh9ddPUkEY,Taylor Swift - Midnight Rain (Official Lyric Video),2022-10-22T00:00:13Z,PT3M,63583345,52725,489882,6492,10,none,public,processed,"[""taylor swift"", ""taylor"", ""swift"", ""midnightrain"", ""midnight rain"", ""midnights"", ""taylor swift new music"", ""taylor swift midnights"", ""taylor swift album"", ""taylor swift new album"", ""swifties"", ""taylors version"", ""taylor swift lyrics"", ""official taylor swift video"", ""taylor swift challenge"", ""anti hero challenge"", ""taylor swift tiktok"", ""テイラー・スウィフト"", ""테일러 스위프트"", ""泰勒絲"", ""泰勒斯威夫特""]"
2026-06-25,XqN2qFvY64U,Taylor Swift - Anti-Hero (Official Lyric Video),2022-10-22T00:00:14Z,PT3M24S,47777396,51498,277341,3821,10,none,public,processed,"[""Taylor Swift"", ""Pop""]"
2026-06-25,OWbDJFtHl3w,Taylor Swift – my tears ricochet (Official Lyric Video),2020-07-24T04:00:06Z,PT4M17S,60755091,51417,529738,13525,10,none,public,processed,"[""Taylor"", ""Swift"", ""tears"", ""ricochet"", ""(Lyric"", ""Video)"", ""TS/Republic"", ""Alternative""]"
2026-06-25,cVaG6adE2mA,Taylor Swift - Message In A Bottle (Taylor's Version) (From The Vault) (Lyric Video),2021-11-12T05:00:14Z,PT3M47S,30114474,49610,272481,6853,10,none,public,processed,"[""taylor swift"", ""taylor"", ""swift"", ""message in bottle"", ""message in bottle taylor swift"", ""taylor swift message in bottle"", ""message in bottle official video"", ""message in bottle music video"", ""message in bottle red"", ""red"", ""taylor swift red"", ""message in bottle lyrics"", ""taylor swift message in bottle lyrics"", ""taylor message in bottle"", ""message in bottle taylor"", ""red taylor swift"", ""taylor swift new album"", ""taylor swift new music"", ""red deluxe"", ""deluxe""]"
2026-06-25,wMpqCRF7TKg,Taylor Swift - champagne problems (Official Lyric Video),2020-12-11T05:00:30Z,PT4M8S,76543466,49327,656630,19204,10,none,public,processed,"[""taylor swift"", ""swift"", ""taylor"", ""champagne problems"", ""taylor swift champagne problems"", ""champagne problems taylor swift"", ""willow video"", ""willow lyrics"", ""taylor swift lyrics"", ""evermore"", ""taylor swift evermore"", ""evermore taylor swift"", ""evermore album"", ""taylor swift album"", ""ever more"", ""taylor swift evermore album"", ""taylor swift new music"", ""evermore lyrics"", ""ever more lyrics"", ""evermore album lyrics"", ""ever more album lyrics""]"
2026-06-25,VikHHWrgb4Y,Taylor Swift - Cornelia Street (Official Audio),2019-08-23T04:00:03Z,PT4M49S,62836446,49285,336406,8998,10,none,public,processed,"[""Taylor"", ""Swift"", ""Cornelia"", ""Street"", ""(Visualizer)"", ""Pop""]"
2026-06-25,4FUIEcnvT04,Taylor Swift - Opalite (Visualizer),2025-10-03T04:00:06Z,PT3M59S,32855230,49209,235909,9429,10,none,public,processed,"[""Taylor swift"", ""taylor"", ""swift"", ""taylor swift TLOAS"", ""TS12"", ""Showgirl"", ""The Life of a Showgirl"", ""new taylor swift"", ""taylor swift album""]"
2026-06-25,WQCPl5rTMDQ,Taylor Swift - Ruin The Friendship (Lyric Video),2025-10-05T23:24:06Z,PT3M45S,11805373,49160,78532,2720,10,none,public,processed,"[""Taylor swift"", ""taylor"", ""swift"", ""taylor swift TLOAS"", ""TS12"", ""Showgirl"", ""The Life of a Showgirl"", ""new taylor swift"", ""taylor swift album""]"
2026-06-25,w-FkV0EM_CU,Taylor Swift -  So High School (Official Lyric Video),2024-04-20T00:00:23Z,PT3M55S,29205835,48717,185401,5503,10,none,public,processed,"[""taylor swift so high school"", ""so high school"", ""taylor swift"", ""taylor"", ""swift"", ""taylor swift ttpd"", ""tortured poets department"", ""new taylor swift"", ""taylor swift album"", ""ts ttpd"", ""ttpd anthology"", ""taylor swift tortured poets department""]"
2026-06-25,2JgvVfOfoWI,Taylor Swift - Style (Taylor's Version) (Lyric Video),2023-10-27T04:00:02Z,PT3M56S,37647701,46894,371864,9833,10,none,public,processed,"[""Taylor"", ""Swift"", ""Style"", ""Pop"", ""Taylor swift"", ""taylor swift 1989"", ""taylors version"", ""taylor swift music"", ""new taylor swift music"", ""1989"", ""taylor swift from the vault"", ""taylor swift vault songs"", ""1989 taylor’s version from the vault"", ""1989 from the vault"", ""taylor swift style"", ""taylor swift style lyrics"", ""style taylor swift lyric video""]"
2026-06-25,dfnCAmr569k,"Taylor Swift - End Game ft. Ed Sheeran, Future",2018-01-12T05:00:01Z,PT4M12S,317268276,46444,3472846,179000,10,none,public,processed,"[""Taylor"", ""Swift"", ""End"", ""Game"", ""Big"", ""Machine"", ""Pop"", ""テイラー・スウィフト"", ""테일러 스위프트"", ""泰勒絲"", ""泰勒斯威夫特"", ""한글자막"", ""日本語字幕"", ""subtítulos en español"", ""Phụ đề tiếng Việt"", ""Subtitles in Tagalog"", ""Teks dalam Bahasa Indonesia"", ""उपशीर्षक हिंदी में"", ""Sarikata Dalam Bahasa Malaysia"", ""คำบรรยายภาษาไทย""]"
2026-06-25,EUoe7cf0HYw,Taylor Swift - Gorgeous (Lyric Video),2017-10-20T04:01:22Z,PT3M32S,187137280,45313,1604939,75134,10,none,public,processed,"[""Taylor Swift"", ""Gorgeous"", ""reputation""]"
2026-06-25,Zlot0i3Zykw,Taylor Swift - Red,2013-07-03T20:55:08Z,PT4M2S,258935092,44632,1527899,64328,10,none,public,processed,"[""Taylor Swift"", ""Red"", ""Big Machine"", ""new video"", ""official"", ""live"", ""red tour"", ""한글자막"", ""日本語字幕"", ""subtítulos en español"", ""Türkçe Altyazılı"", ""Phụ đề tiếng Việt"", ""Subtitles in Tagalog"", ""Teks dalam Bahasa Indonesia"", ""उपशीर्षक हिंदी में"", ""Sarikata Dalam Bahasa Malaysia"", ""คำบรรยายภาษาไทย"", ""テイラー・スウィフト"", ""테일러 스위프트"", ""泰勒絲"", ""泰勒斯威夫特""]"
2026-06-25,VsKoOH6DVys,Taylor Swift - London Boy (Official Audio),2019-08-23T04:00:03Z,PT3M12S,45789312,42619,335004,12960,10,none,public,processed,"[""Taylor"", ""Swift"", ""London"", ""Boy"", ""(Visualizer)"", ""Pop""]"
2026-06-25,h8DLofLM7No,Taylor Swift - Lavender Haze (Official Music Video),2023-01-27T05:00:07Z,PT3M31S,81306914,41093,1547802,45379,10,none,public,processed,"[""Taylor Swift"", ""Pop""]"
2026-06-25,Ur_wAcYDnuA,Taylor Swift - right where you left me (Official Lyric Video),2021-01-07T05:00:05Z,PT4M9S,39195349,40828,455998,16406,10,none,public,processed,"[""taylor swift"", ""taylor"", ""swift"", ""right where you left me"", ""right where you left me taylor swift"", ""taylor swift right where you left me"", ""right where you left me official video"", ""right where you left me music video"", ""right where you left me evermore"", ""evermore"", ""taylor swift evermore"", ""right where you left me lyrics"", ""taylor swift right where you left me lyrics"", ""evermore taylor swift"", ""ever more"", ""taylor swift new album"", ""taylor swift new music"", ""ever"", ""more""]"
2026-06-25,zJFcr1KyFqE,Taylor Swift - We Are Never Ever Getting Back Together (Taylor's Version) (Lyric Video),2021-11-12T05:00:22Z,PT3M15S,31210392,40447,439503,6577,10,none,public,processed,"[""taylor swift"", ""taylor"", ""swift"", ""we are never ever getting back together"", ""we are never ever getting back together taylor swift"", ""taylor swift we are never ever getting back together"", ""we are never ever getting back together official video"", ""we are never ever getting back together music video"", ""we are never ever getting back together red"", ""red"", ""taylor swift red"", ""we are never ever getting back together lyrics"", ""are"", ""never"", ""ever"", ""getting""]"
2026-06-25,oxNLRqMJMZk,Taylor Swift - Mine (Taylor's Version) (Lyric Video),2023-07-07T04:00:32Z,PT3M56S,28473218,40103,242968,4766,10,none,public,processed,"[""taylor swift"", ""taylor"", ""swift"", ""speak now taylors version"", ""taylor’s version"", ""speak now TV"", ""speak now taylor’s version"", ""speak now from the vault"", ""speak now vault songs"", ""speak now recrecording"", ""new taylor swift"", ""taylor swift album"", ""taylor swift speak now"", ""taylor speak now""]"
2026-06-25,mvVBuG4IOW4,Taylor Swift - Shake It Off (Taylor's Version) (Lyric Video),2023-10-27T04:00:32Z,PT3M45S,31053349,39970,256725,5746,10,none,public,processed,"[""Taylor"", ""Swift"", ""Shake"", ""Off"", ""(Taylor's"", ""Version)"", ""(Lyric"", ""Video)"", ""Pop"", ""Taylor swift"", ""taylor"", ""swift"", ""taylor swift 1989"", ""taylors version"", ""taylor swift music"", ""new taylor swift music"", ""1989"", ""taylor swift from the vault"", ""taylor swift vault songs"", ""1989 taylor’s version from the vault"", ""1989 from the vault""]"
2026-06-25,TqAollrUJdA,Taylor Swift - I Knew You Were Trouble (Taylor's Version) (Lyric Video),2021-11-12T05:00:20Z,PT3M41S,29079586,39556,359272,6432,10,none,public,processed,"[""taylor swift"", ""taylor"", ""swift"", ""knew you were trouble"", ""knew you were trouble taylor swift"", ""taylor swift knew you were trouble"", ""knew you were trouble official video"", ""knew you were trouble music video"", ""knew you were trouble red"", ""red"", ""taylor swift red"", ""knew you were trouble lyrics"", ""taylor swift knew you were trouble lyrics"", ""taylor knew you were trouble"", ""knew you were trouble taylor"", ""red taylor swift"", ""taylor swift new album""]"
2026-06-25,Sl6en1NPTYM,Taylor Swift - I Can Do It With A Broken Heart (Official Video),2024-08-20T22:00:07Z,PT3M43S,44644275,38831,987499,47096,10,none,public,processed,"[""taylor swift"", ""i can do it with a broken heart"", ""the tortured poets department""]"
2026-06-25,98SmlWOKuME,Taylor Swift - Father Figure (Lyric Video),2025-10-05T23:15:06Z,PT3M36S,18067392,36378,88605,3100,10,none,public,processed,"[""Taylor swift"", ""taylor"", ""swift"", ""taylor swift TLOAS"", ""TS12"", ""Showgirl"", ""The Life of a Showgirl"", ""new taylor swift"", ""taylor swift album""]"
2026-06-25,JLf9q36UsBk,Taylor Swift - Out Of The Woods,2016-01-01T03:51:00Z,PT4M17S,212064229,36306,2036810,129371,10,none,public,processed,"[""Taylor"", ""Swift"", ""Out Of The Woods"", ""Taylor Swift"", ""out of the woods taylor swift"", ""out of the woods live"", ""out of the woods lyrics"", ""out of the woods taylor swift live"", ""out of the woods taylor"", ""out of the woods lyrics taylor swift"", ""out of the woods lyric video"", ""out of the woods taylor swift lyrics"", ""swift out of the woods"", ""swift out of the woods lyrics""]"
2026-06-25,cMPEd8m79Hw,Taylor Swift - Begin Again,2012-10-24T04:01:06Z,PT4M11S,215057568,33885,1317377,61873,10,none,public,processed,"[""Taylor"", ""Swift"", ""Country"", ""Pop"", ""テイラー・スウィフト"", ""테일러 스위프트"", ""泰勒絲"", ""泰勒斯威夫特"", ""한글자막"", ""日本語字幕"", ""subtítulos en español"", ""Phụ đề tiếng Việt"", ""Subtitles in Tagalog"", ""Teks dalam Bahasa Indonesia"", ""उपशीर्षक हिंदी में"", ""Sarikata Dalam Bahasa Malaysia"", ""คำบรรยายภาษาไทย"", ""taylor swift"", ""taylor swift begin again"", ""begin again taylor swift"", ""taylor begin again"", ""begin again taylor""]"
2026-06-25,EVbtjaWXQVg,Taylor Swift - Down Bad (Official Lyric Video),2024-04-20T00:00:12Z,PT4M26S,37852900,33283,190970,4576,10,none,public,processed,[]
2026-06-25,Jb2stN7kH28,Taylor Swift - Our Song,2009-06-17T00:49:50Z,PT3M23S,229739348,33167,985454,67304,10,none,public,processed,"[""Taylor"", ""Swift"", ""Big"", ""Machine"", ""Country""]"
2026-06-25,gir8BEqAutk,Taylor Swift - Blank Space (Taylor's Version) (Lyric Video),2023-10-27T04:00:32Z,PT3M57S,26808105,32687,337650,7751,10,none,public,processed,"[""Taylor"", ""Swift"", ""Blank"", ""Space"", ""(Taylor's"", ""Version)"", ""(Lyric"", ""Video)"", ""Pop"", ""Taylor swift"", ""taylor"", ""swift"", ""taylor swift 1989"", ""taylors version"", ""taylor swift music"", ""new taylor swift music"", ""1989"", ""taylor swift from the vault"", ""taylor swift vault songs"", ""1989 taylor’s version from the vault"", ""1989 from the vault""]"
2026-06-25,wqgUzLHgNMI,Taylor Swift - Wi$h Li$t (Lyric Video),2025-10-05T23:33:06Z,PT3M32S,15158184,32439,94904,2910,10,none,public,processed,"[""Taylor swift"", ""taylor"", ""swift"", ""taylor swift TLOAS"", ""TS12"", ""Showgirl"", ""The Life of a Showgirl"", ""new taylor swift"", ""taylor swift album"", ""taylor swift wish list"", ""taylor swift wish list lyrics"", ""taylor swift the life of a showgirl""]"
2026-06-25,vNoKguSdy4Y,Taylor Swift - I Knew You Were Trouble,2012-12-14T22:15:07Z,PT5M58S,541094518,31073,3868271,273655,10,none,public,processed,"[""Taylor Swift"", ""Red"", ""Knew You Were Trouble"", ""Speak Now"", ""Fearless"", ""Love Story"", ""We Are Never Ever Getting Back Together"", ""desert"", ""rave"", ""tattoo"", ""fight"", ""한글자막"", ""日本語字幕"", ""subtítulos en español"", ""Türkçe Altyazılı"", ""Phụ đề tiếng Việt"", ""Subtitles in Tagalog"", ""Teks dalam Bahasa Indonesia"", ""उपशीर्षक हिंदी में"", ""Sarikata Dalam Bahasa Malaysia"", ""คำบรรยายภาษาไทย"", ""テイラー・スウィフト"", ""테일러 스위프트"", ""泰勒絲"", ""泰勒斯威夫特""]"
2026-06-25,KsZ6tROaVOQ,Taylor Swift - the 1 (Official Lyric Video),2020-07-24T04:00:03Z,PT3M32S,66837710,31058,710130,20026,10,none,public,processed,"[""Taylor"", ""Swift"", ""the"", ""(Lyric"", ""Video)"", ""TS/Republic"", ""Alternative""]"
2026-06-25,mC54kTYa9oI,Taylor Swift - Wi$h Li$t (Visualizer),2025-10-03T04:01:05Z,PT3M32S,10407598,30883,116285,6084,10,none,public,processed,"[""Taylor swift"", ""taylor"", ""swift"", ""taylor swift TLOAS"", ""TS12"", ""Showgirl"", ""The Life of a Showgirl"", ""new taylor swift"", ""taylor swift album""]"
2026-06-25,9-rKvhsjwKU,Taylor Swift - White Horse (Taylor's Version) (Lyric Video),2021-04-09T04:00:00Z,PT3M59S,18464024,30401,232793,8238,10,none,public,processed,"[""taylor swift"", ""taylor"", ""swift"", ""white horse"", ""taylor white horse"", ""white horse taylor’s version"", ""taylor’s version"", ""taylors version"", ""taylor swift new album"", ""taylor swift new music"", ""taylor swift lyrics"", ""fearless"", ""fearless taylor’s version"", ""fearless taylors version"", ""official taylor swift lyrics"", ""taylor rerecord"", ""taylor reissue"", ""taylor new version"", ""fearless rerecord"", ""fearless remaster"", ""fearless new version"", ""taylor swift fearless"", ""taylor swift rerecord""]"
2026-06-25,b7QlX3yR2xs,Taylor Swift - Bejeweled (Official Music Video),2022-10-25T04:00:09Z,PT5M54S,103108675,30248,2105814,57658,10,none,public,processed,"[""Taylor Swift"", ""Pop""]"
2026-06-25,_PsBoqNwYo4,Taylor Swift - The Prophecy (Official Lyric Video),2024-04-20T00:00:25Z,PT4M14S,20726675,30023,131576,3361,10,none,public,processed,"[""The Prophecy"", ""taylor swift the prophecy"", ""taylor swift"", ""taylor"", ""swift"", ""taylor swift ttpd"", ""tortured poets department"", ""new taylor swift"", ""taylor swift album"", ""ts ttpd"", ""ttpd anthology"", ""taylor swift tortured poets department""]"
2026-06-25,RzhAS_GnJIc,Safe & Sound feat. The Civil Wars (The Hunger Games: Songs From District 12 And Beyond),2012-02-16T17:30:41Z,PT4M1S,216390042,29587,2021839,107372,10,none,public,processed,"[""Taylor"", ""Swift"", ""Safe"", ""Sound"", ""Universal"", ""Records"", ""Pop""]"
2026-06-25,AqAJLh9wuZ0,Taylor Swift - The Man (Official Video),2020-02-27T12:00:11Z,PT4M15S,115659957,28869,2248724,113589,10,none,public,processed,"[""Taylor"", ""Swift"", ""テイラー・スウィフト"", ""테일러 스위프트"", ""泰勒絲"", ""泰勒斯威夫特"", ""한글자막"", ""日本語字幕"", ""subtítulos en español"", ""Phụ đề tiếng Việt"", ""Subtitles in Tagalog"", ""Teks dalam Bahasa Indonesia"", ""उपशीर्षक हिंदी में"", ""Sarikata Dalam Bahasa Malaysia"", ""คำบรรยายภาษาไทย"", ""the man"", ""taylor swift the man"", ""the man taylor"", ""the man taylor swift"", ""the man official music video"", ""taylor swift the man music video""]"
2026-06-25,lvHZjvIyqsk,Taylor Swift - Maroon (Official Lyric Video),2022-10-22T00:00:34Z,PT3M43S,40728943,28434,287405,5236,10,none,public,processed,"[""taylor swift"", ""taylor"", ""swift"", ""maroon"", ""marroon"", ""midnights"", ""taylor swift new music"", ""taylor swift midnights"", ""taylor swift album"", ""taylor swift new album"", ""swifties"", ""taylors version"", ""taylor swift lyrics"", ""official taylor swift video"", ""taylor swift challenge"", ""anti hero challenge"", ""taylor swift tiktok""]"
2026-06-25,iMMUAd66vxo,Taylor Swift - The Alchemy (Official Lyric Video),2024-04-20T00:00:34Z,PT3M22S,20013338,27920,119624,2945,10,none,public,processed,"[""taylor swift"", ""taylor"", ""swift"", ""taylor swift ttpd"", ""tortured poets department"", ""new taylor swift"", ""taylor swift album"", ""ts ttpd"", ""ttpd anthology"", ""taylor swift tortured poets department"", ""taylor swift lyrics"", ""the tortured poets department""]"
2026-06-25,UlFrV5GJA_4,Taylor Swift - Sparks Fly (Taylor's Version) (Lyric Video),2023-07-07T04:00:25Z,PT4M24S,21408458,27819,183926,3508,10,none,public,processed,"[""taylor swift"", ""taylor"", ""swift"", ""speak now taylors version"", ""taylor’s version"", ""speak now TV"", ""speak now taylor’s version"", ""speak now from the vault"", ""speak now vault songs"", ""speak now recrecording"", ""new taylor swift"", ""taylor swift album"", ""taylor swift speak now"", ""taylor speak now""]"
2026-06-25,XPBwXKgDTdE,Taylor Swift - Mine,2010-08-31T02:15:03Z,PT3M56S,329967878,27713,1347078,90703,10,none,public,processed,"[""Taylor"", ""Swift"", ""Mine"", ""Big"", ""Machine"", ""Records"", ""LLC"", ""Country"", ""テイラー・スウィフト"", ""테일러 스위프트"", ""泰勒絲"", ""泰勒斯威夫特"", ""한글자막"", ""日本語字幕"", ""subtítulos en español"", ""Phụ đề tiếng Việt"", ""Subtitles in Tagalog"", ""Teks dalam Bahasa Indonesia"", ""उपशीर्षक हिंदी में"", ""Sarikata Dalam Bahasa Malaysia"", ""คำบรรยายภาษาไทย""]"
2026-06-25,pQq9eP5OFhw,Taylor Swift - You're Losing Me (From The Vault),2023-11-29T13:00:47Z,PT4M39S,36928529,27224,393971,21046,10,none,public,processed,"[""you're losing me"", ""taylor swift"", ""midnights""]"
2026-06-25,OU6362Nggg0,Taylor Swift - The Life of a Showgirl (Feat. Sabrina Carpenter) (Lyric Video),2025-10-05T23:48:06Z,PT4M6S,14750923,27059,119515,4049,10,none,public,processed,"[""Taylor swift"", ""taylor"", ""swift"", ""taylor swift TLOAS"", ""TS12"", ""Showgirl"", ""The Life of a Showgirl"", ""new taylor swift"", ""taylor swift album"", ""sabrina carpenter""]"
2026-06-25,8zdg-pDF10g,Taylor Swift - Paper Rings (Official Audio),2019-08-23T04:00:02Z,PT3M44S,55404687,26599,522755,9955,10,none,public,processed,"[""Taylor"", ""Swift"", ""Paper"", ""Rings"", ""(Visualizer)"", ""Pop""]"
2026-06-25,wRKXAAV6jh4,Taylor Swift - My Boy Only Breaks His Favorite Toys (Official Lyric Video),2024-04-20T00:00:25Z,PT3M29S,28051268,26518,156124,3613,10,none,public,processed,"[""taylor swift"", ""taylor"", ""swift"", ""taylor swift ttpd"", ""tortured poets department"", ""new taylor swift"", ""taylor swift album"", ""ts ttpd"", ""ttpd anthology"", ""taylor swift tortured poets department"", ""taylor swift lyrics"", ""the tortured poets department""]"
2026-06-25,tNxUxm3-658,Taylor Swift - Is It Over Now? (Taylor's Version) (From The Vault) (Lyric Video),2023-10-27T04:00:36Z,PT3M55S,35370367,26336,294629,8373,10,none,public,processed,"[""Taylor"", ""Swift"", ""Over"", ""Now?"", ""(Taylor's"", ""Version)"", ""(From"", ""The"", ""Vault)"", ""(Lyric"", ""Video)"", ""Pop"", ""Taylor swift"", ""taylor"", ""swift"", ""taylor swift 1989"", ""taylors version"", ""taylor swift music"", ""new taylor swift music"", ""1989"", ""taylor swift from the vault"", ""taylor swift vault songs"", ""1989 taylor’s version from the vault"", ""1989 from the vault""]"
2026-06-25,xKCek6_dB0M,Taylor Swift - Teardrops On My Guitar,2009-06-16T23:22:21Z,PT3M38S,179670391,26282,875773,62818,10,none,public,processed,"[""Taylor"", ""Swift"", ""Big"", ""Machine"", ""Country""]"
2026-06-25,ycE7bUq3-2k,Taylor Swift - Snow On The Beach (Lyric Video) ft. Lana Del Rey,2022-10-22T00:00:39Z,PT4M20S,39205245,26253,460529,8933,10,none,public,processed,"[""taylor swift"", ""taylor"", ""swift"", ""lana del rey"", ""lana taylor"", ""taylor swift collab"", ""snow on the beach"", ""midnights"", ""taylor swift new music"", ""taylor swift midnights"", ""taylor swift album"", ""taylor swift new album"", ""swifties"", ""taylors version"", ""taylor swift lyrics"", ""official taylor swift video"", ""taylor swift challenge"", ""anti hero challenge"", ""taylor swift tiktok"", ""テイラー・スウィフト"", ""테일러 스위프트"", ""泰勒絲"", ""泰勒斯威夫特""]"
2026-06-25,XzOvgu3GPwY,Taylor Swift ft. Ice Spice - Karma (Official Music Video) ft. Ice Spice,2023-05-27T04:00:08Z,PT3M26S,79062301,25529,1444856,51997,10,none,public,processed,"[""Taylor Swift"", ""Ice Spice"", ""Pop""]"
2026-06-25,FsGdznlfE2U,Taylor Swift - Welcome To New York (Taylor's Version) (Lyric Video),2023-10-27T04:00:16Z,PT3M38S,26235804,25080,259569,8771,10,none,public,processed,"[""Taylor"", ""Swift"", ""Welcome"", ""New"", ""York"", ""(Taylor's"", ""Version)"", ""(Lyric"", ""Video)"", ""Pop"", ""Taylor swift"", ""taylor"", ""swift"", ""taylor swift 1989"", ""taylors version"", ""taylor swift music"", ""new taylor swift music"", ""1989"", ""taylor swift from the vault"", ""taylor swift vault songs"", ""1989 taylor’s version from the vault"", ""1989 from the vault""]"
2026-06-25,vtW_4j7SsZk,Taylor Swift - Wildest Dreams (Taylor's Version) (Lyric Video),2023-10-27T04:00:35Z,PT3M46S,19513347,24979,206384,3691,10,none,public,processed,"[""Taylor"", ""Swift"", ""Wildest"", ""Dreams"", ""(Taylor's"", ""Version)"", ""(Lyric"", ""Video)"", ""Pop"", ""Taylor swift"", ""taylor"", ""swift"", ""taylor swift 1989"", ""taylors version"", ""taylor swift music"", ""new taylor swift music"", ""1989"", ""taylor swift from the vault"", ""taylor swift vault songs"", ""1989 taylor’s version from the vault"", ""1989 from the vault""]"
2026-06-25,oKar-tF__ac,Taylor Swift - Sparks Fly,2011-08-11T18:18:12Z,PT4M31S,107264567,24934,569620,32744,10,none,public,processed,"[""Taylor"", ""Swift"", ""Sparks"", ""Fly"", ""Big"", ""Machine"", ""Country"", ""Pop"", ""テイラー・スウィフト"", ""테일러 스위프트"", ""泰勒絲"", ""泰勒斯威夫特"", ""한글자막"", ""日本語字幕"", ""subtítulos en español"", ""Phụ đề tiếng Việt"", ""Subtitles in Tagalog"", ""Teks dalam Bahasa Indonesia"", ""उपशीर्षक हिंदी में"", ""Sarikata Dalam Bahasa Malaysia"", ""คำบรรยายภาษาไทย""]"
2026-06-25,zLSUp53y-HQ,Taylor Swift - cardigan (Official Lyric Video),2020-07-24T04:00:11Z,PT4M1S,46439490,24515,467753,6779,10,none,public,processed,"[""Taylor"", ""Swift"", ""cardigan"", ""(Lyric"", ""Video)"", ""TS/Republic"", ""Alternative""]"
2026-06-25,9OQBDdNHmXo,Taylor Swift - All Too Well (Taylor's Version) (Lyric Video),2021-11-12T05:00:03Z,PT5M31S,24684048,24146,335054,7042,10,none,public,processed,"[""taylor swift"", ""taylor"", ""swift"", ""all too well"", ""all too well taylor swift"", ""taylor swift all too well"", ""all too well official video"", ""all too well music video"", ""all too well red"", ""red"", ""taylor swift red"", ""all too well lyrics"", ""taylor swift all too well lyrics"", ""taylor all too well"", ""all too well taylor"", ""red taylor swift"", ""taylor swift new album"", ""taylor swift new music"", ""red deluxe"", ""deluxe red"", ""taylor swift deluxe"", ""taylor deluxe"", ""deluxe taylor swift""]"
2026-06-25,idWma942CUI,Taylor Swift - Last Kiss (Taylor's Version) (Lyric Video),2023-07-07T04:00:32Z,PT6M13S,14503800,23697,139572,3886,10,none,public,processed,"[""Taylor"", ""Swift"", ""Last"", ""Kiss"", ""(Taylor's"", ""Version)"", ""(Lyric"", ""Video)"", ""Re-record"", ""Country""]"
2026-06-25,jYa1eI1hpDE,Taylor Swift - Mean,2011-05-13T22:55:22Z,PT4M4S,236191440,23622,1413490,113273,10,none,public,processed,"[""Taylor"", ""Swift"", ""Mean"", ""Big"", ""Machine"", ""Records"", ""LLC"", ""Country"", ""テイラー・スウィフト"", ""테일러 스위프트"", ""泰勒絲"", ""泰勒斯威夫特"", ""한글자막"", ""日本語字幕"", ""subtítulos en español"", ""Phụ đề tiếng Việt"", ""Subtitles in Tagalog"", ""Teks dalam Bahasa Indonesia"", ""उपशीर्षक हिंदी में"", ""Sarikata Dalam Bahasa Malaysia"", ""คำบรรยายภาษาไทย""]"
2026-06-25,vOZFiX6hDXQ,Taylor Swift - Who’s Afraid of Little Old Me? (Official Lyric Video),2024-04-20T00:00:33Z,PT5M39S,33168012,22720,235639,7534,10,none,public,processed,"[""taylor swift"", ""taylor"", ""swift"", ""taylor swift ttpd"", ""tortured poets department"", ""new taylor swift"", ""taylor swift album"", ""ts ttpd"", ""ttpd anthology"", ""taylor swift tortured poets department"", ""taylor swift lyrics"", ""the tortured poets department""]"
2026-06-25,mvxQYPR4lmU,Taylor Swift - This Love (Taylor's Version) (Lyric Video),2022-05-06T04:00:30Z,PT4M10S,29489718,22372,553332,23720,10,none,public,processed,"[""Taylor swift"", ""taylor"", ""swift"", ""taylor swift 1989"", ""taylors version"", ""taylor swift music"", ""new taylor swift music"", ""1989"", ""taylor swift from the vault"", ""taylor swift vault songs"", ""1989 taylor’s version from the vault"", ""1989 from the vault""]"
2026-06-25,AppsjTInqiw,Taylor Swift - Clean (Taylor's Version) (Lyric Video),2023-10-27T04:00:10Z,PT4M37S,16510349,21947,176534,4373,10,none,public,processed,"[""Taylor"", ""Swift"", ""Clean"", ""(Taylor's"", ""Version)"", ""(Lyric"", ""Video)"", ""Pop"", ""Taylor swift"", ""taylor swift 1989"", ""taylors version"", ""taylor swift music"", ""new taylor swift music"", ""1989"", ""taylor swift from the vault"", ""taylor swift vault songs"", ""1989 taylor’s version from the vault"", ""1989 from the vault""]"
2026-06-25,PReSQYTFvcs,Taylor Swift - Better Man (Taylor's Version) (From The Vault) (Lyric Video),2021-11-12T05:00:08Z,PT4M57S,21022863,21244,245365,5193,10,none,public,processed,"[""taylor swift"", ""taylor"", ""swift"", ""better man"", ""better man acoustic taylor swift"", ""taylor swift better man acoustic"", ""better man acoustic official video"", ""better man acoustic music video"", ""better man acoustic red"", ""red"", ""taylor swift red"", ""better man acoustic lyrics"", ""taylor swift better man lyrics"", ""taylor better man acoustic"", ""better man acoustic taylor"", ""red taylor swift"", ""taylor swift new album"", ""taylor swift new music"", ""red deluxe"", ""deluxe red""]"
2026-06-25,6m50keINEOI,Taylor Swift - Wood (Lyric Video),2025-10-05T23:37:06Z,PT2M35S,13567374,20937,76452,3980,10,none,public,processed,"[""Taylor swift"", ""taylor"", ""swift"", ""taylor swift TLOAS"", ""TS12"", ""Showgirl"", ""The Life of a Showgirl"", ""new taylor swift"", ""taylor swift album"", ""wood taylor swift""]"
2026-06-25,iFX6_9h7th0,Taylor Swift - The Great War (Official Lyric Video),2022-10-22T00:00:32Z,PT4M4S,29162634,20585,232407,4108,10,none,public,processed,"[""taylor swift"", ""taylor"", ""swift"", ""midnights"", ""taylor swift new music"", ""taylor swift midnights"", ""taylor swift album"", ""taylor swift new album"", ""swifties"", ""taylors version"", ""taylor swift lyrics"", ""official taylor swift video"", ""taylor swift challenge"", ""anti hero challenge"", ""taylor swift tiktok"", ""taylor swift deluxe"", ""the great war""]"
2026-06-25,wyK7YuwUWsU,Taylor Swift - New Romantics,2016-04-13T14:31:00Z,PT4M22S,135157355,20574,1182679,61839,10,none,public,processed,"[""Taylor"", ""Swift"", ""Romantics"", ""Pop"", ""テイラー・スウィフト"", ""테일러 스위프트"", ""泰勒絲"", ""泰勒斯威夫特"", ""한글자막"", ""日本語字幕"", ""subtítulos en español"", ""Phụ đề tiếng Việt"", ""Subtitles in Tagalog"", ""Teks dalam Bahasa Indonesia"", ""उपशीर्षक हिंदी में"", ""Sarikata Dalam Bahasa Malaysia"", ""คำบรรยายภาษาไทย"", ""new romantics"", ""taylor swift"", ""taylor new romantics""]"
2026-06-25,BZ-rLBkUZf4,All Too Well (10 Minute Version) (Taylor's Version) (From The Vault) (Lyric Video),2021-11-12T05:00:04Z,PT10M13S,40394451,20456,423244,10600,10,none,public,processed,"[""taylor swift"", ""taylor"", ""swift all too well 10 minute version"", ""all too well 10 minute version taylor swift"", ""taylor swift all too well 10 minute version"", ""all too well 10 minute version official video"", ""all too well 10 minute version music video"", ""all too well 10 minute version red"", ""red"", ""taylor swift red"", ""all too well 10 minute version lyrics"", ""taylor swift all too well 10 minute version lyrics"", ""taylor all too well 10 minute version"", ""red taylor swift""]"
2026-06-25,3pj39qZZYoQ,Taylor Swift - Babe (Taylor's Version) (From The Vault) (Lyric Video),2021-11-12T05:00:03Z,PT3M46S,15755873,20093,201876,5024,10,none,public,processed,"[""taylor swift"", ""taylor"", ""swift"", ""babe"", ""babe acoustic taylor swift"", ""taylor swift babe acoustic"", ""babe acoustic official video"", ""babe acoustic music video"", ""babe nothing new acoustic red"", ""red"", ""taylor swift red"", ""babe acoustic lyrics"", ""taylor swift babe lyrics"", ""taylor babe acoustic"", ""babe acoustic taylor"", ""red taylor swift"", ""taylor swift new album"", ""taylor swift new music"", ""red deluxe"", ""deluxe red"", ""taylor swift deluxe"", ""taylor deluxe"", ""deluxe taylor swift""]"
2026-06-25,U2W173hRfyA,Taylor Swift - But Daddy I Love Him (Official Lyric Video),2024-04-20T00:00:11Z,PT5M45S,26573933,19784,171344,4867,10,none,public,processed,"[""taylor swift"", ""taylor"", ""swift"", ""taylor swift ttpd"", ""tortured poets department"", ""new taylor swift"", ""taylor swift album"", ""ts ttpd"", ""ttpd anthology"", ""taylor swift tortured poets department"", ""taylor swift lyrics"", ""the tortured poets department""]"
2026-06-25,SBGdvxi2JmU,Taylor Swift - imgonnagetyouback (Official Lyric Video),2024-04-20T00:00:12Z,PT3M45S,16376292,19594,92382,2786,10,none,public,processed,"[""imgonnagetyouback"", ""taylor swift"", ""taylor"", ""swift"", ""taylor swift ttpd"", ""tortured poets department"", ""new taylor swift"", ""taylor swift album"", ""ts ttpd"", ""ttpd anthology"", ""taylor swift tortured poets department""]"
2026-06-25,CCUr2pNJft4,"Taylor Swift - So Long, London (Official Lyric Video)",2024-04-20T00:00:07Z,PT4M28S,26588992,19420,169544,4302,10,none,public,processed,"[""taylor swift"", ""taylor"", ""swift"", ""taylor swift ttpd"", ""tortured poets department"", ""new taylor swift"", ""taylor swift album"", ""ts ttpd"", ""ttpd anthology"", ""taylor swift tortured poets department"", ""taylor swift lyrics"", ""the tortured poets department""]"
2026-06-25,5UMCrq-bBCg,Taylor Swift ft. Chris Stapleton - I Bet You Think About Me (Taylor's Version) (Official Video),2021-11-15T15:00:10Z,PT6M16S,72622174,19291,1725962,48490,10,none,public,processed,"[""taylor swift"", ""chris stapleton"", ""taylor"", ""swift"", ""red taylor’s version"", ""red"", ""taylor’s version"", ""bet you think about me"", ""bet you think about me taylor swift"", ""taylor swift bet you think about me"", ""bet you think about me official video"", ""bet you think about me music video"", ""bet you think about me red"", ""taylor swift red"", ""taylor swift bet you think about me taylor’s version"", ""bet you think about me lyrics"", ""taylor swift bet you think about me lyrics"", ""テイラー・スウィフト"", ""테일러 스위프트"", ""泰勒絲""]"
2026-06-25,8KpKc3C9V3w,Taylor Swift - The Archer (Lyric Video),2019-07-23T21:15:00Z,PT3M40S,46185109,19058,750173,39049,10,none,public,processed,"[""Taylor"", ""Swift"", ""The"", ""Archer"", ""(Lyric"", ""Video)"", ""Pop""]"
2026-06-25,M7ySK0keirY,Taylor Swift - You Are In Love (Taylor's Version) (Lyric Video),2023-10-27T04:00:09Z,PT4M33S,12171260,19009,131339,3505,10,none,public,processed,"[""Taylor"", ""Swift"", ""You"", ""Are"", ""Love"", ""(Taylor's"", ""Version)"", ""(Lyric"", ""Video)"", ""Pop"", ""Taylor swift"", ""taylor"", ""swift"", ""taylor swift 1989"", ""taylors version"", ""taylor swift music"", ""new taylor swift music"", ""1989"", ""taylor swift from the vault"", ""taylor swift vault songs"", ""1989 taylor’s version from the vault"", ""1989 from the vault""]"
2026-06-25,nN6VR92V70M,Taylor Swift - The Story Of Us,2011-05-25T21:44:56Z,PT4M27S,155410068,18799,821258,46288,10,none,public,processed,"[""Taylor"", ""Swift"", ""The"", ""Story"", ""Big"", ""Machine"", ""Records"", ""LLC"", ""Country""]"
2026-06-25,7X5iDKPrZH0,Taylor Swift - Elizabeth Taylor (Lyric Video),2025-10-05T23:06:06Z,PT3M32S,18256560,18680,122780,3688,10,none,public,processed,"[""Taylor swift"", ""taylor"", ""swift"", ""taylor swift TLOAS"", ""TS12"", ""Showgirl"", ""The Life of a Showgirl"", ""new taylor swift"", ""taylor swift album"", ""taylor swift elizabeth taylor"", ""taylor swift elizabeth taylor lyrics"", ""elizabeth taylor taylor swift"", ""elizabeth taylor""]"
2026-06-25,acQXa5ArHIk,Taylor Swift - False God (Official Audio),2019-08-23T04:00:01Z,PT3M22S,19450422,18639,182462,4437,10,none,public,processed,"[""Taylor"", ""Swift"", ""False"", ""God"", ""(Visualizer)"", ""Pop""]"
2026-06-25,OuFnpmGwg5k,Taylor Swift – invisible string (Official Lyric Video),2020-07-24T04:00:04Z,PT4M14S,33910310,18622,350343,9686,10,none,public,processed,"[""Taylor"", ""Swift"", ""invisible"", ""string"", ""(Lyric"", ""Video)"", ""Alternative""]"
2026-06-25,F-5XoUZ42Tc,Taylor Swift - CANCELLED! (Lyric Video),2025-10-05T23:40:06Z,PT3M36S,11717452,18469,81100,8573,10,none,public,processed,"[""Taylor swift"", ""taylor"", ""swift"", ""taylor swift TLOAS"", ""TS12"", ""Showgirl"", ""The Life of a Showgirl"", ""new taylor swift"", ""taylor swift album""]"
2026-06-25,xTXsKMXUi7w,Taylor Swift - Labyrinth (Lyric Video),2022-10-22T00:00:36Z,PT4M12S,18210779,18224,212656,2675,10,none,public,processed,"[""taylor swift"", ""taylor"", ""swift"", ""labyrinth"", ""midnights"", ""taylor swift new music"", ""taylor swift midnights"", ""taylor swift album"", ""taylor swift new album"", ""swifties"", ""taylors version"", ""taylor swift lyrics"", ""official taylor swift video"", ""taylor swift challenge"", ""anti hero challenge"", ""taylor swift tiktok""]"
2026-06-25,MLV2SJKWk4M,Taylor Swift – illicit affairs (Official Lyric Video),2020-07-24T04:00:04Z,PT3M12S,33108896,18187,325525,7649,10,none,public,processed,"[""Taylor"", ""Swift"", ""illicit"", ""affairs"", ""(Lyric"", ""Video)"", ""Alternative""]"
2026-06-25,Kwf7P2GNAVw,Taylor Swift - Miss Americana & The Heartbreak Prince (Official Audio),2019-08-23T04:00:05Z,PT3M56S,44723978,17849,349518,9692,10,none,public,processed,"[""Taylor"", ""Swift"", ""Miss"", ""Americana"", ""The"", ""Heartbreak"", ""Prince"", ""(Visualizer)"", ""Pop""]"
2026-06-25,C-z-IckrQK8,Taylor Swift - Say Don't Go (Taylor's Version) (From The Vault) (Lyric Video),2023-10-27T04:00:06Z,PT4M46S,18875774,17814,186627,4725,10,none,public,processed,"[""Taylor"", ""Swift"", ""Taylor swift"", ""taylor"", ""swift"", ""taylor swift 1989"", ""taylors version"", ""taylor swift music"", ""new taylor swift music"", ""1989"", ""taylor swift from the vault"", ""taylor swift vault songs"", ""1989 taylor’s version from the vault"", ""1989 from the vault"", ""say don't go"", ""taylor swift say don't go"", ""say don't go taylor's version""]"
2026-06-25,rFjJs6ZjPe8,Taylor Swift - Mr. Perfectly Fine (Taylor’s Version) (From The Vault) (Lyric Video),2021-04-07T13:00:19Z,PT4M38S,51138560,17770,709560,37568,10,none,public,processed,"[""taylor swift"", ""taylor"", ""swift"", ""mr perfectly fine"", ""mr perfectly fine taylor swift"", ""taylor mr perfectly fine"", ""mr perfectly fine taylor’s version"", ""taylor’s version"", ""taylors version"", ""taylor swift new album"", ""taylor swift new music"", ""taylor swift lyrics"", ""fearless"", ""fearless taylor’s version"", ""fearless taylors version"", ""official taylor swift lyrics"", ""taylor rerecord"", ""taylor reissue"", ""taylor new version"", ""fearless rerecord"", ""fearless remaster"", ""new""]"
2026-06-25,4Mg_Qtr6Osg,Taylor Swift - Elizabeth Taylor (Visualizer),2025-10-03T04:00:06Z,PT3M32S,11547045,17548,136529,5941,10,none,public,processed,"[""Taylor swift"", ""taylor"", ""swift"", ""taylor swift TLOAS"", ""TS12"", ""Showgirl"", ""The Life of a Showgirl"", ""new taylor swift"", ""taylor swift album""]"
2026-06-25,8HxbqAsppwU,Taylor Swift - Afterglow (Official Audio),2019-08-23T04:00:00Z,PT3M45S,35065428,17211,317300,6940,10,none,public,processed,"[""Taylor"", ""Swift"", ""Afterglow"", ""(Visualizer)"", ""Pop""]"
2026-06-25,RId6LV1wtQY,Taylor Swift - Ruin the Friendship (Visualizer),2025-10-03T04:00:37Z,PT3M45S,5858276,16941,90842,3572,10,none,public,processed,"[""Taylor swift"", ""taylor"", ""swift"", ""taylor swift TLOAS"", ""TS12"", ""Showgirl"", ""The Life of a Showgirl"", ""new taylor swift"", ""taylor swift album""]"
2026-06-25,9bdLTPNrlEg,Taylor Swift – this is me trying (Official Lyric Video),2020-07-24T04:00:04Z,PT3M16S,27964093,16839,355015,9717,10,none,public,processed,"[""Taylor"", ""Swift"", ""this"", ""trying"", ""(Lyric"", ""Video)"", ""Alternative""]"
2026-06-25,HwQnW_ZRKhc,Taylor Swift - Eldest Daughter (Lyric Video),2025-10-05T23:19:06Z,PT4M10S,10362910,16494,85786,2796,10,none,public,processed,"[""Taylor swift"", ""taylor"", ""swift"", ""taylor swift TLOAS"", ""TS12"", ""Showgirl"", ""The Life of a Showgirl"", ""new taylor swift"", ""taylor swift album""]"
2026-06-25,8bNlGwnEUAs,Taylor Swift - Untouchable (Taylor's Version) (Lyric Video),2021-04-09T04:00:02Z,PT5M16S,11182678,15961,144158,4662,10,none,public,processed,"[""taylor swift"", ""taylor"", ""swift"", ""untouchable"", ""taylor untouchable"", ""untouchable taylor’s version"", ""taylor’s version"", ""taylors version"", ""taylor swift new album"", ""taylor swift new music"", ""taylor swift lyrics"", ""fearless"", ""fearless taylor’s version"", ""fearless taylors version"", ""official taylor swift lyrics"", ""taylor rerecord"", ""taylor reissue"", ""taylor new version"", ""fearless rerecord"", ""fearless remaster"", ""fearless new version"", ""taylor swift fearless"", ""taylor swift rerecord""]"
2026-06-25,FnEg1RgmqO4,Taylor Swift - Actually Romantic (Lyric Video),2025-10-05T23:29:06Z,PT2M49S,10769080,15750,64711,3214,10,none,public,processed,"[""Taylor swift"", ""taylor"", ""swift"", ""taylor swift TLOAS"", ""TS12"", ""Showgirl"", ""The Life of a Showgirl"", ""new taylor swift"", ""taylor swift album""]"
2026-06-25,dXNZaHuKWNA,Taylor Swift - Begin Again (Taylor's Version) (Lyric Video),2021-11-12T05:00:12Z,PT3M59S,8335691,15688,138065,2964,10,none,public,processed,"[""taylor swift"", ""taylor"", ""swift"", ""begin again"", ""begin again taylor swift"", ""taylor swift begin again"", ""begin again official video"", ""begin again music video"", ""begin again red"", ""red"", ""taylor swift red"", ""begin again lyrics"", ""taylor swift begin again lyrics"", ""taylor begin again"", ""begin again taylor"", ""red taylor swift"", ""taylor swift new album"", ""taylor swift new music"", ""red deluxe"", ""deluxe red"", ""taylor swift deluxe"", ""taylor deluxe"", ""deluxe taylor swift""]"
2026-06-25,lVkKLf4DCn8,Taylor Swift - I Can See You (Taylor’s Version) (From The Vault) (Official Video),2023-07-08T04:58:11Z,PT5M7S,48528585,15677,1286872,46481,10,none,public,processed,"[""taylor swift"", ""taylor"", ""swift"", ""speak now taylors version"", ""taylor’s version"", ""speak now TV"", ""speak now taylor’s version"", ""speak now from the vault"", ""speak now vault songs"", ""speak now recrecording"", ""new taylor swift"", ""taylor swift album"", ""taylor swift speak now"", ""taylor speak now"", ""can see you""]"
2026-06-25,KaM1bCuG4xo,Taylor Swift – mirrorball (Official Lyric Video),2020-07-24T04:00:04Z,PT3M30S,32993587,15550,349147,8968,10,none,public,processed,"[""Taylor"", ""Swift"", ""mirrorball"", ""(Lyric"", ""Video)"", ""TS/Republic"", ""Alternative""]"
2026-06-25,4-EzK5UB40U,Taylor Swift - Honey (Lyric Video),2025-10-05T23:44:06Z,PT3M6S,8140087,15492,55976,2263,10,none,public,processed,[]
2026-06-25,yF4ulRTCn44,Taylor Swift - Now That We Don't Talk (Taylor's Version) (From The Vault) (Lyric Video),2023-10-27T04:00:36Z,PT2M32S,22531651,15472,214053,5545,10,none,public,processed,"[""Taylor"", ""Swift"", ""Now"", ""That"", ""Don't"", ""Talk"", ""(Taylor's"", ""Version)"", ""(From"", ""The"", ""Vault)"", ""(Lyric"", ""Video)"", ""Pop"", ""Taylor swift"", ""taylor"", ""swift"", ""taylor swift 1989"", ""taylors version"", ""taylor swift music"", ""new taylor swift music"", ""1989"", ""taylor swift from the vault"", ""taylor swift vault songs"", ""1989 taylor’s version from the vault"", ""1989 from the vault""]"
2026-06-25,hP6QpMeSG6s,Taylor Swift - marjorie (Official Lyric Video),2020-12-11T05:00:09Z,PT4M18S,17357670,15464,346483,12438,10,none,public,processed,"[""taylor swift"", ""swift"", ""taylor"", ""marjorie"", ""taylor swift marjorie"", ""marjorie taylor swift"", ""morjorie video"", ""willow lyrics"", ""taylor swift lyrics"", ""evermore"", ""taylor swift evermore"", ""evermore taylor swift"", ""evermore album"", ""taylor swift album"", ""ever more"", ""taylor swift evermore album"", ""taylor swift new music"", ""evermore lyrics"", ""ever more lyrics"", ""evermore album lyrics"", ""ever more album lyrics""]"
2026-06-25,rbmdfEQODOw,Taylor Swift - The Fate of Ophelia (Lyric Video),2025-10-06T00:10:17Z,PT3M50S,9649764,15460,146224,5393,10,none,public,processed,"[""Taylor swift"", ""taylor"", ""swift"", ""taylor swift TLOAS"", ""TS12"", ""Showgirl"", ""The Life of a Showgirl"", ""new taylor swift"", ""taylor swift album""]"
2026-06-25,ZzYBzwfjjDE,Never been accused of not keeping it 💯,2025-10-09T19:58:35Z,PT18S,496890220,15338,2083229,23018,10,none,public,processed,[]
2026-06-25,0EKbEP2L32M,Taylor Swift - Fresh Out The Slammer (Official Lyric Video),2024-04-20T00:00:00Z,PT3M36S,13970209,15336,96841,2629,10,none,public,processed,[]
2026-06-25,2CnUYMmEHrs,Taylor Swift - Snow On The Beach (Feat. More Lana Del Rey),2023-05-26T04:00:01Z,PT3M50S,18014934,15121,362932,14464,10,none,public,processed,"[""lana del rey"", ""taylor swift"", ""snow on the beach"", ""taylor swift and lana del rey"", ""snow on the beach more lana"", ""snow on the beach more lana version"", ""snow on the beach more lana del rey"", ""taylor swift lana del rey collab"", ""taylor swift midnights"", ""the til dawn edition"", ""taylor swift the til dawn edition""]"
2026-06-25,slUhVTAznMo,Taylor Swift - The Life of a Showgirl (feat. Sabrina Carpenter) (Visualizer),2025-10-03T04:01:10Z,PT4M6S,13744526,14911,238067,11044,10,none,public,processed,"[""Taylor swift"", ""taylor"", ""swift"", ""taylor swift TLOAS"", ""TS12"", ""Showgirl"", ""The Life of a Showgirl"", ""new taylor swift"", ""taylor swift album""]"
2026-06-25,Mxxswu7V1Us,Taylor Swift - Peter (Official Lyric Video),2024-04-20T00:00:14Z,PT4M50S,12046948,14808,89640,3165,10,none,public,processed,"[""taylor swift peter"", ""peter taylor swift"", ""peter taylor swift lyrics"", ""taylor swift"", ""taylor"", ""swift"", ""taylor swift ttpd"", ""tortured poets department"", ""new taylor swift"", ""taylor swift album"", ""ts ttpd"", ""ttpd anthology"", ""taylor swift tortured poets department"", ""taylor swift lyrics""]"
2026-06-25,lUvBk4owRNU,Taylor Swift - Bad Blood (Taylor's Version) (Lyric Video),2023-10-27T04:00:34Z,PT3M37S,13679250,14651,192579,5480,10,none,public,processed,"[""Taylor"", ""Swift"", ""Bad"", ""Blood"", ""(Taylor's"", ""Version)"", ""(Lyric"", ""Video)"", ""Pop"", ""Taylor swift"", ""taylor"", ""swift"", ""taylor swift 1989"", ""taylors version"", ""taylor swift music"", ""new taylor swift music"", ""1989"", ""taylor swift from the vault"", ""taylor swift vault songs"", ""1989 taylor’s version from the vault"", ""1989 from the vault""]"
2026-06-25,pRhWAXg4xek,Taylor Swift - The Story Of Us (Taylor's Version) (Lyric Video),2023-07-07T04:00:23Z,PT4M32S,15554901,14507,145584,2863,10,none,public,processed,"[""taylor swift"", ""taylor"", ""swift"", ""speak now taylors version"", ""taylor’s version"", ""speak now TV"", ""speak now taylor’s version"", ""speak now from the vault"", ""speak now vault songs"", ""speak now recrecording"", ""new taylor swift"", ""taylor swift album"", ""taylor swift speak now"", ""taylor speak now""]"
2026-06-25,tollGa3S0o8,Taylor Swift - All Too Well: The Short Film,2021-11-13T00:00:10Z,PT14M56S,112306426,14414,4895221,136095,10,none,public,processed,"[""taylor swift"", ""taylor"", ""swift"", ""red taylor’s version"", ""red"", ""taylor’s version"", ""all too well"", ""all too well taylor swift"", ""all too well ten minute version"", ""taylor swift all too well"", ""all too well official video"", ""all too well music video"", ""all too well short film"", ""all too well movie"", ""all too well red"", ""taylor swift red"", ""taylor swift all too well taylor’s version"", ""all too well lyrics"", ""taylor swift all too well lyrics"", ""taylor all too well"", ""all too well taylor"", ""red taylor swift""]"
2026-06-25,ukxEKY_7MOc,Taylor Swift - tolerate it (Official Lyric Video),2020-12-11T05:00:26Z,PT4M8S,25833582,14325,301259,8994,10,none,public,processed,"[""taylor swift"", ""swift"", ""taylor"", ""tolerate it"", ""taylor swift tolerate it"", ""tolerate it taylor swift"", ""willow video"", ""willow lyrics"", ""taylor swift lyrics"", ""evermore"", ""taylor swift evermore"", ""evermore taylor swift"", ""evermore album"", ""taylor swift album"", ""ever more"", ""taylor swift evermore album"", ""taylor swift new music"", ""evermore lyrics"", ""ever more lyrics"", ""evermore album lyrics"", ""ever more album lyrics""]"
2026-06-25,LZ34LlaIk88,Taylor Swift - Ours,2011-12-06T08:00:00Z,PT4M4S,116651306,13958,824566,40466,10,none,public,processed,"[""Taylor"", ""Swift"", ""Ours"", ""Big"", ""Machine"", ""Records"", ""LLC"", ""Country""]"
2026-06-25,gp1MR2WAAXY,Taylor Swift - Out Of The Woods (Taylor's Version) (Lyric Video),2023-10-27T04:00:33Z,PT4M2S,12993077,13783,160509,3927,10,none,public,processed,"[""Taylor"", ""Swift"", ""Out"", ""The"", ""Woods"", ""(Taylor's"", ""Version)"", ""(Lyric"", ""Video)"", ""Pop"", ""Taylor swift"", ""taylor"", ""swift"", ""taylor swift 1989"", ""taylors version"", ""taylor swift music"", ""new taylor swift music"", ""1989"", ""taylor swift from the vault"", ""taylor swift vault songs"", ""1989 taylor’s version from the vault"", ""1989 from the vault""]"
2026-06-25,o5SQIECedTY,Taylor Swift - exile (folklore: the long pond studio sessions | Disney+) ft. Bon Iver,2020-11-25T08:00:07Z,PT4M40S,28959154,13561,508431,19552,10,none,public,processed,"[""taylor swift"", ""taylor"", ""swift"", ""exile"", ""exile taylor swift"", ""taylor swift exile"", ""bon iver"", ""taylor swift bon iver"", ""exile official video"", ""exile music video"", ""long pond sessions"", ""exile long pond"", ""folklore"", ""taylor swift folklore"", ""exile lyrics"", ""taylor swift exile lyrics"", ""taylor exile"", ""exile taylor"", ""folklore taylor swift"", ""folk lore"", ""taylor swift new album"", ""taylor swift new music"", ""folk lore taylor swift"", ""taylor swift folk lore"", ""disneyplus"", ""taylor disney""]"
2026-06-25,_f4yoKJL7IQ,Taylor Swift - Hits Different,2023-05-26T04:00:19Z,PT3M56S,15180445,13427,207349,7527,10,none,public,processed,"[""taylor swift"", ""midnights"", ""hits different"", ""new taylor swift"", ""taylor swift midnights"", ""taylor swift new song"", ""taylor swift midnights deluxe"", ""taylor swift till dawn edition"", ""taylor swift the til dawn edition"", ""the til dawn edition""]"
2026-06-25,Pb-K2tXWK4w,Taylor Swift - Fifteen,2009-11-24T08:00:54Z,PT5M4S,172887757,13380,687993,65444,10,none,public,processed,"[""Taylor"", ""Swift"", ""Big"", ""Machine"", ""Records"", ""LLC"", ""Country""]"
2026-06-25,N-FYySSy0rM,Taylor Swift - Dear John (Taylor's Version) (Lyric Video),2023-07-07T04:00:14Z,PT6M50S,14758008,13093,163877,4675,10,none,public,processed,"[""taylor swift"", ""taylor"", ""swift"", ""speak now taylors version"", ""taylor’s version"", ""speak now TV"", ""speak now taylor’s version"", ""speak now from the vault"", ""speak now vault songs"", ""speak now recrecording"", ""new taylor swift"", ""taylor swift album"", ""taylor swift speak now"", ""taylor speak now""]"
2026-06-25,2s5xdY6MCeI,Taylor Swift - the last great american dynasty (Official Lyric Video),2020-07-24T04:00:01Z,PT3M52S,31808230,12939,369562,11911,10,none,public,processed,"[""Taylor"", ""Swift"", ""taylor swift the last great american dynasty"", ""the last great american dynasty"", ""taylor the last great american dynasty"", ""the last great american dynasty lyric video"", ""taylor swift"", ""tlgad"", ""swifties"", ""taylor swift lyric video""]"
2026-06-25,Atdzfj8LcuY,Taylor Swift - The Smallest Man Who Ever Lived (Official Lyric Video),2024-04-20T00:00:09Z,PT4M10S,19916002,12599,122832,3875,10,none,public,processed,"[""taylor swift"", ""taylor"", ""swift"", ""taylor swift ttpd"", ""tortured poets department"", ""new taylor swift"", ""taylor swift album"", ""ts ttpd"", ""ttpd anthology"", ""taylor swift tortured poets department"", ""taylor swift lyrics"", ""the tortured poets department""]"
2026-06-25,osmzwWw4RYM,Taylor Swift - Timeless (Taylor’s Version) (From The Vault) (Lyric Video),2023-07-07T04:00:27Z,PT5M25S,11285003,12504,163608,4640,10,none,public,processed,"[""taylor swift"", ""taylor"", ""swift"", ""speak now taylors version"", ""taylor’s version"", ""speak now TV"", ""speak now taylor’s version"", ""speak now from the vault"", ""speak now vault songs"", ""speak now recrecording"", ""new taylor swift"", ""taylor swift album"", ""taylor swift speak now"", ""taylor speak now""]"
2026-06-25,SVY8I46dkb0,Taylor Swift - Live at the 2019 American Music Awards,2019-11-27T04:39:20Z,PT11M40S,119678510,12321,2228547,75872,10,none,public,processed,"[""AMAs"", ""AMA Performance"", ""Taylor Swift AMA"", ""한글자막"", ""日本語字幕"", ""subtítulos en español"", ""Türkçe Altyazılı"", ""Phụ đề tiếng Việt"", ""Subtitles in Tagalog"", ""Teks dalam Bahasa Indonesia"", ""उपशीर्षक हिंदी में"", ""Sarikata Dalam Bahasa Malaysia"", ""คำบรรยายภาษาไทย"", ""テイラー・スウィフト"", ""테일러 스위프트"", ""泰勒絲"", ""泰勒斯威夫特""]"
2026-06-25,RamgJyJsep4,Taylor Swift and Robbie Williams - Angels - reputation Stadium Tour,2018-06-24T23:44:04Z,PT1M36S,8632971,12133,103879,4228,10,none,public,processed,"[""taylor swift"", ""angels"", ""robbie williams"", ""reputation"", ""reputation stadium tour"", ""wembley""]"
2026-06-25,B-MfwP_RmHY,"Taylor Swift - Would've, Could've, Should've (Official Lyric Video)",2022-10-22T00:00:13Z,PT4M24S,23815458,11982,239214,5778,10,none,public,processed,"[""taylor swift"", ""taylor"", ""swift"", ""midnights"", ""taylor swift new music"", ""taylor swift midnights"", ""taylor swift album"", ""taylor swift new album"", ""swifties"", ""taylors version"", ""taylor swift lyrics"", ""official taylor swift video"", ""taylor swift challenge"", ""anti hero challenge"", ""taylor swift tiktok"", ""taylor swift deluxe""]"
2026-06-25,bqOfdv9i4sE,ME! (feat. Brendon Urie of Panic! At The Disco) (Live From The Billboard Music Awards / 2019),2019-05-02T05:32:27Z,PT4M17S,79993838,11792,1631527,54931,10,none,public,processed,"[""Taylor Swift"", ""Brendon Urie"", ""ME live"", ""BBMAs"", ""ME BBMAs"", ""ME!"", ""Taylor"", ""テイラー・スウィフト"", ""테일러 스위프트"", ""泰勒絲"", ""泰勒斯威夫特"", ""한글자막"", ""日本語字幕"", ""subtítulos en español"", ""Phụ đề tiếng Việt"", ""Subtitles in Tagalog"", ""Teks dalam Bahasa Indonesia"", ""उपशीर्षक हिंदी में"", ""Sarikata Dalam Bahasa Malaysia"", ""คำบรรยายภาษาไทย""]"
2026-06-25,7EvwIw4gIyk,Taylor Swift - willow (Official Lyric Video),2020-12-11T05:00:01Z,PT3M41S,20042275,11485,245414,5022,10,none,public,processed,"[""taylor swift"", ""swift"", ""taylor"", ""willow"", ""taylor swift willow"", ""willow taylor swift"", ""willow video"", ""willow lyrics"", ""taylor swift lyrics"", ""evermore"", ""taylor swift evermore"", ""evermore taylor swift"", ""evermore album"", ""taylor swift album"", ""ever more"", ""taylor swift evermore album"", ""taylor swift new music"", ""evermore lyrics"", ""ever more lyrics"", ""evermore album lyrics"", ""ever more album lyrics""]"
2026-06-25,RQMz4JDbtmI,Taylor Swift - The Tortured Poets Department (Official Lyric Video),2024-04-20T00:00:24Z,PT4M58S,19541793,11389,167768,5606,10,none,public,processed,"[""taylor swift"", ""taylor"", ""swift"", ""taylor swift ttpd"", ""tortured poets department"", ""new taylor swift"", ""taylor swift album"", ""ts ttpd"", ""ttpd anthology"", ""taylor swift tortured poets department"", ""taylor swift lyrics"", ""the tortured poets department""]"
2026-06-25,6-x1AlDudZw,Taylor Swift - Foolish One (Taylor’s Version) (From The Vault) (Lyric Video),2023-07-07T04:00:03Z,PT5M13S,10772519,11337,141583,4947,10,none,public,processed,"[""taylor swift"", ""taylor"", ""swift"", ""speak now taylors version"", ""taylor’s version"", ""speak now TV"", ""speak now taylor’s version"", ""speak now from the vault"", ""speak now vault songs"", ""speak now recrecording"", ""new taylor swift"", ""taylor swift album"", ""taylor swift speak now"", ""taylor speak now""]"
2026-06-25,O3wlMR0y4a4,Taylor Swift - How Did It End? (Official Lyric Video),2024-04-20T00:00:10Z,PT4M3S,11331692,11323,83412,2296,10,none,public,processed,"[""How Did It End?"", ""taylor swift how it end?"", ""taylor swift"", ""taylor"", ""swift"", ""taylor swift ttpd"", ""tortured poets department"", ""new taylor swift"", ""taylor swift album"", ""ts ttpd"", ""ttpd anthology"", ""taylor swift tortured poets department""]"
2026-06-25,JlZnvyBqceY,Taylor Swift - Speak Now (Taylor's Version) (Lyric Video),2023-07-07T04:00:10Z,PT4M6S,17016328,11236,222096,7996,10,none,public,processed,"[""taylor swift"", ""taylor"", ""swift"", ""speak now taylors version"", ""taylor’s version"", ""speak now TV"", ""speak now taylor’s version"", ""speak now from the vault"", ""speak now vault songs"", ""speak now recrecording"", ""new taylor swift"", ""taylor swift album"", ""taylor swift speak now"", ""taylor speak now""]"
2026-06-25,r0yq_yXFQhg,Taylor Swift - All Too Well (Sad Girl Autumn Version) - Recorded at Long Pond Studios,2021-11-18T01:35:50Z,PT10M1S,17012149,11215,556085,18487,10,none,public,processed,"[""Taylor"", ""Swift"", ""All"", ""Too"", ""Well"", ""(Sad"", ""Girl"", ""Autumn"", ""Version)"", ""Recorded"", ""Long"", ""Pond"", ""Studios"", ""Pop"", ""テイラー・スウィフト"", ""테일러 스위프트"", ""泰勒絲"", ""泰勒斯威夫特"", ""한글자막"", ""日本語字幕"", ""subtítulos en español"", ""Phụ đề tiếng Việt"", ""Subtitles in Tagalog"", ""Teks dalam Bahasa Indonesia"", ""उपशीर्षक हिंदी में"", ""Sarikata Dalam Bahasa Malaysia"", ""คำบรรยายภาษาไทย""]"
2026-06-25,mNLVMDF9mUo,Taylor Swift - Love Story (Live on Letterman),2010-12-08T04:22:20Z,PT4M3S,29008549,11207,305338,8946,10,none,public,processed,"[""Taylor"", ""Swift"", ""Love"", ""Story"", ""(Live"", ""Letterman)"", ""Country"", ""Pop"", ""テイラー・スウィフト"", ""테일러 스위프트"", ""泰勒絲"", ""泰勒斯威夫特"", ""한글자막"", ""日本語字幕"", ""subtítulos en español"", ""Phụ đề tiếng Việt"", ""Subtitles in Tagalog"", ""Teks dalam Bahasa Indonesia"", ""उपशीर्षक हिंदी में"", ""Sarikata Dalam Bahasa Malaysia"", ""คำบรรยายภาษาไทย""]"
2026-06-25,tbEekLA7J3Y,Taylor Swift - The Man (Lyric Video),2020-02-07T17:00:20Z,PT3M20S,35839240,11118,692502,19972,10,none,public,processed,"[""Taylor"", ""Swift"", ""The"", ""Man"", ""(Lyric"", ""Video)"", ""Pop""]"
2026-06-25,pEY-GPsru_E,Taylor Swift – seven (Official Lyric Video),2020-07-24T04:00:17Z,PT3M30S,25229697,11065,327797,12264,10,none,public,processed,"[""Taylor"", ""Swift"", ""seven"", ""(Lyric"", ""Video)"", ""Alternative""]"
2026-06-25,GkD20ajVxnY,Taylor Swift - Tim McGraw,2009-06-17T00:12:30Z,PT3M52S,55970489,10953,375936,25104,10,none,public,processed,"[""Taylor"", ""Swift"", ""Big"", ""Machine"", ""Country""]"
2026-06-25,i8_w_m6HLJ0,Taylor Swift - I Can Do It With a Broken Heart (Official Lyric Video),2024-04-20T00:00:17Z,PT3M43S,35629860,10873,322776,7397,10,none,public,processed,"[""taylor swift"", ""taylor"", ""swift"", ""taylor swift ttpd"", ""tortured poets department"", ""new taylor swift"", ""taylor swift album"", ""ts ttpd"", ""ttpd anthology"", ""taylor swift tortured poets department"", ""taylor swift lyrics"", ""the tortured poets department""]"
2026-06-25,6TAPqXkZW_I,Taylor Swift – betty (Official Lyric Video),2020-07-24T04:00:03Z,PT4M56S,33512208,10638,429447,17445,10,none,public,processed,"[""Taylor"", ""Swift"", ""betty"", ""taylor swift"", ""taylor swift betty"", ""betty taylor swift""]"
2026-06-25,XzKSPRqFg9E,Taylor Swift - Bejeweled (Lyric Video),2022-10-22T00:00:16Z,PT3M19S,24471793,10320,175057,2331,10,none,public,processed,"[""taylor swift"", ""taylor"", ""swift"", ""lavender haze"", ""lavender"", ""haze"", ""midnights"", ""taylor swift new music"", ""taylor swift midnights"", ""taylor swift album"", ""taylor swift new album"", ""swifties"", ""taylors version"", ""taylor swift lyrics"", ""official taylor swift video"", ""taylor swift challenge"", ""anti hero challenge"", ""taylor swift tiktok""]"
2026-06-25,D1Xr-JFLxik,Taylor Swift - White Horse,2009-06-16T22:20:05Z,PT4M5S,163935825,10262,749854,45867,10,none,public,processed,"[""Taylor"", ""Swift"", ""Big"", ""Machine"", ""Records"", ""LLC"", ""Country""]"
2026-06-25,rg18Kf4en2o,Taylor Swift - Karma (Lyric Video),2022-10-22T00:00:29Z,PT3M30S,34375753,10155,336056,6683,10,none,public,processed,"[""taylor swift"", ""taylor"", ""swift"", ""karma"", ""midnights"", ""taylor swift new music"", ""taylor swift midnights"", ""taylor swift album"", ""taylor swift new album"", ""swifties"", ""taylors version"", ""taylor swift lyrics"", ""official taylor swift video"", ""taylor swift challenge"", ""anti hero challenge"", ""taylor swift tiktok"", ""テイラー・スウィフト"", ""테일러 스위프트"", ""泰勒絲"", ""泰勒斯威夫特""]"
2026-06-25,yCMqcFAigRg,Taylor Swift - Picture To Burn,2009-06-16T21:42:34Z,PT3M32S,126594869,10136,690268,39334,10,none,public,processed,"[""Taylor"", ""Swift"", ""Big"", ""Machine"", ""Country""]"
2026-06-25,GXODnqWPzH8,Pledge allegiance to your 👐 your 🏈 your viiiiiiiibes,2025-10-06T13:36:29Z,PT17S,403873806,10030,1943639,18288,10,none,public,processed,[]
2026-06-25,o9LcBozLplo,"“I Knew It, I Knew You” from Toy Story 5 is out everywhere now. 🤠🐴",2026-06-05T04:13:42Z,PT27S,424682,9720,28611,1199,10,none,public,processed,[]
2026-06-25,maEVfpxDB8k,Taylor Swift - Never Grow Up (Taylor's Version) (Lyric Video),2023-07-07T04:00:33Z,PT4M57S,6241835,9435,111061,3784,10,none,public,processed,"[""taylor swift"", ""taylor"", ""swift"", ""speak now taylors version"", ""taylor’s version"", ""speak now TV"", ""speak now taylor’s version"", ""speak now from the vault"", ""speak now vault songs"", ""speak now recrecording"", ""new taylor swift"", ""taylor swift album"", ""taylor swift speak now"", ""taylor speak now""]"
2026-06-25,56TZ3B8Qxsk,Taylor Swift - The Black Dog (Official Lyric Video),2024-04-20T00:10:34Z,PT4M4S,11826385,9393,100429,2983,10,none,public,processed,"[""taylor swift"", ""taylor"", ""swift"", ""taylor swift ttpd"", ""tortured poets department"", ""new taylor swift"", ""taylor swift album"", ""ts ttpd"", ""ttpd anthology"", ""taylor swift tortured poets department""]"
2026-06-25,b3hW8c9mmLQ,Taylor Swift - Father Figure (Visualizer),2025-10-03T04:17:26Z,PT3M38S,9035815,9259,104720,5577,10,none,public,processed,"[""Taylor swift"", ""taylor"", ""swift"", ""taylor swift TLOAS"", ""TS12"", ""Showgirl"", ""The Life of a Showgirl"", ""new taylor swift"", ""taylor swift album""]"
2026-06-25,nJr_8l0AEWE,Taylor Swift - All Too Well (10 Minute Version) (Live on Saturday Night Live),2021-11-14T10:37:12Z,PT10M8S,31862469,8886,881157,23695,10,none,public,processed,"[""taylor swift"", ""taylor"", ""swift"", ""red"", ""taylor swift red"", ""taylor red"", ""red taylor swift"", ""taylor swift new album"", ""taylor swift new music"", ""red deluxe"", ""deluxe red"", ""taylor swift deluxe"", ""taylor deluxe"", ""deluxe taylor swift"", ""snl"", ""taylor swift snl"", ""red snl"", ""snl live"", ""snl performance"", ""テイラー・スウィフト"", ""테일러 스위프트"", ""泰勒絲"", ""泰勒斯威夫特"", ""한글자막"", ""日本語字幕"", ""subtítulos en español"", ""Phụ đề tiếng Việt"", ""Subtitles in Tagalog"", ""Teks dalam Bahasa Indonesia"", ""उपशीर्षक हिंदी में"", ""Sarikata"", ""Dalam""]"
2026-06-25,_Usd5X5XJXM,Taylor Swift - All You Had To Do Was Stay (Taylor's Version) (Lyric Video),2023-10-27T04:00:20Z,PT3M19S,9920013,8791,99414,1920,10,none,public,processed,"[""Taylor"", ""Swift"", ""All"", ""You"", ""Had"", ""Was"", ""Stay"", ""(Taylor's"", ""Version)"", ""(Lyric"", ""Video)"", ""Pop"", ""Taylor swift"", ""taylor"", ""swift"", ""taylor swift 1989"", ""taylors version"", ""taylor swift music"", ""new taylor swift music"", ""1989"", ""taylor swift from the vault"", ""taylor swift vault songs"", ""1989 taylor’s version from the vault"", ""1989 from the vault""]"
2026-06-25,l8Tps3PITx4,Taylor Swift - Bigger Than The Whole Sky (Lyric Video),2022-10-22T00:00:21Z,PT3M44S,12190313,8767,167803,4407,10,none,public,processed,"[""taylor swift"", ""taylor"", ""swift"", ""midnights"", ""taylor swift new music"", ""taylor swift midnights"", ""taylor swift album"", ""taylor swift new album"", ""swifties"", ""taylors version"", ""taylor swift lyrics"", ""official taylor swift video"", ""taylor swift challenge"", ""anti hero challenge"", ""taylor swift tiktok"", ""taylor swift deluxe"", ""bigger than the whole sky"", ""テイラー・スウィフト"", ""테일러 스위프트"", ""泰勒絲"", ""泰勒斯威夫特""]"
2026-06-25,3K0RzZGpyds,Taylor Swift - Look What You Made Me Do (Lyric Video),2017-08-25T03:44:23Z,PT3M35S,155256852,8692,2206051,196747,10,none,public,processed,"[""Taylor Swift"", ""Look What You Made Me Do"", ""Reputation"", ""taylor look what you made me do"", ""Look what you made me do lyrics"", ""look what you made me do lyric video"", ""taylor swift lyrics"", ""taylor swift look what you made me do"", ""look what you made me do taylor swift lyrics"", ""taylor swift - look what you made me do""]"
2026-06-25,hHWOAUjnmjQ,Taylor Swift - Come Back...Be Here (Taylor's Version) (Lyric Video),2021-11-12T05:00:14Z,PT3M46S,11862582,8682,145051,2492,10,none,public,processed,"[""taylor swift"", ""taylor"", ""swift"", ""come back...be here"", ""come back...be here taylor swift"", ""taylor swift come back...be here"", ""come back...be here official video"", ""come back...be here music video"", ""red"", ""taylor swift red"", ""come back...be here lyrics"", ""taylor swift come back...be here lyrics"", ""taylor come back...be here"", ""come back...be here taylor"", ""red taylor swift"", ""taylor swift new album"", ""taylor swift new music"", ""red deluxe"", ""deluxe red"", ""taylor swift deluxe""]"
2026-06-25,3-BcH7KowGE,Taylor Swift - New Romantics (Taylor's Version) (Lyric Video),2023-10-27T04:00:01Z,PT3M56S,11941221,8304,160186,5417,10,none,public,processed,"[""Taylor"", ""Swift"", ""New"", ""Romantics"", ""(Taylor's"", ""Version)"", ""(Lyric"", ""Video)"", ""Pop"", ""Taylor swift"", ""taylor"", ""swift"", ""taylor swift 1989"", ""taylors version"", ""taylor swift music"", ""new taylor swift music"", ""1989"", ""taylor swift from the vault"", ""taylor swift vault songs"", ""1989 taylor’s version from the vault"", ""1989 from the vault""]"
2026-06-25,Tmz1lz0zcLQ,Taylor Swift - Mastermind (Official Lyric Video),2022-10-22T00:00:14Z,PT3M15S,20143531,8200,180197,3312,10,none,public,processed,"[""taylor swift"", ""taylor"", ""swift"", ""mastermind"", ""master"", ""mind"", ""midnights"", ""taylor swift new music"", ""taylor swift midnights"", ""taylor swift album"", ""taylor swift new album"", ""swifties"", ""taylors version"", ""taylor swift lyrics"", ""official taylor swift video"", ""taylor swift challenge"", ""anti hero challenge"", ""taylor swift tiktok""]"
2026-06-25,gOtOWeD9YJk,Taylor Swift - Chloe or Sam or Sophia or Marcus (Official Lyric Video),2024-04-20T00:00:18Z,PT3M39S,7227306,7929,60714,1740,10,none,public,processed,"[""taylor swift"", ""taylor"", ""swift"", ""taylor swift ttpd"", ""tortured poets department"", ""new taylor swift"", ""taylor swift album"", ""ts ttpd"", ""ttpd anthology"", ""taylor swift tortured poets department"", ""Chloe or Sam or Sophia or Marcus""]"
2026-06-25,ShsfUTynzQU,Taylor Swift - Actually Romantic (Visualizer),2025-10-03T04:00:37Z,PT2M48S,8146146,7902,111691,8171,10,none,public,processed,"[""Taylor swift"", ""taylor"", ""swift"", ""taylor swift TLOAS"", ""TS12"", ""Showgirl"", ""The Life of a Showgirl"", ""new taylor swift"", ""taylor swift album""]"
2026-06-25,qrxsceexTBw,"Taylor Swift - ""Slut!"" (Taylor's Version) (From The Vault) (Lyric Video)",2023-10-27T04:00:30Z,PT3M6S,17101700,7825,284814,5859,10,none,public,processed,"[""Taylor"", ""Swift"", ""Slut!"", ""(Taylor's"", ""Version)"", ""(From"", ""The"", ""Vault)"", ""(Lyric"", ""Video)"", ""Pop"", ""Taylor swift"", ""taylor"", ""swift"", ""taylor swift 1989"", ""taylors version"", ""taylor swift music"", ""new taylor swift music"", ""1989"", ""taylor swift from the vault"", ""taylor swift vault songs"", ""1989 taylor’s version from the vault"", ""1989 from the vault""]"
2026-06-25,p1cEvNn88jM,Taylor Swift - I Forgot That You Existed (Official Audio),2019-08-23T04:00:06Z,PT2M52S,31535107,7811,343360,8386,10,none,public,processed,"[""Taylor"", ""Swift"", ""Forgot"", ""That"", ""You"", ""Existed"", ""(Visualizer)"", ""Pop""]"
2026-06-25,YPlNBb6I8qU,Taylor Swift - cowboy like me (Official Lyric Video),2020-12-11T05:00:23Z,PT4M40S,14789042,7783,184576,7116,10,none,public,processed,"[""taylor swift"", ""swift"", ""taylor"", ""cowboy like me"", ""taylor swift cowboy like me"", ""willow taylor swift"", ""willow video"", ""willow lyrics"", ""taylor swift lyrics"", ""evermore"", ""taylor swift evermore"", ""evermore taylor swift"", ""evermore album"", ""taylor swift album"", ""ever more"", ""taylor swift evermore album"", ""taylor swift new music"", ""evermore lyrics"", ""ever more lyrics"", ""evermore album lyrics"", ""ever more album lyrics""]"
2026-06-25,uEssK8o3jKg,Taylor Swift - Florida!!! (feat. Florence + The Machine) (Official Lyric Video),2024-04-20T00:00:31Z,PT3M40S,16196514,7667,121536,3714,10,none,public,processed,"[""taylor"", ""swift"", ""taylor swift ttpd"", ""tortured poets department"", ""new taylor swift"", ""taylor swift album"", ""ts ttpd"", ""ttpd anthology"", ""taylor swift tortured poets department"", ""taylor swift lyrics"", ""the tortured poets department""]"
2026-06-25,rnwD7veCoFQ,Taylor Swift - How You Get The Girl (Taylor's Version) (Lyric Video),2023-10-27T04:00:34Z,PT4M13S,8793586,7562,109702,2275,10,none,public,processed,"[""Taylor"", ""Swift"", ""How"", ""You"", ""Get"", ""The"", ""Girl"", ""(Taylor's"", ""Version)"", ""(Lyric"", ""Video)"", ""Pop"", ""Taylor swift"", ""taylor"", ""swift"", ""taylor swift 1989"", ""taylors version"", ""taylor swift music"", ""new taylor swift music"", ""1989"", ""taylor swift from the vault"", ""taylor swift vault songs"", ""1989 taylor’s version from the vault"", ""1989 from the vault""]"
2026-06-25,GTEFSuFfgnU,Taylor Swift - Death By A Thousand Cuts (Official Audio),2019-08-23T04:00:03Z,PT3M20S,19381593,7464,188019,4423,10,none,public,processed,"[""Taylor"", ""Swift"", ""Death"", ""Thousand"", ""Cuts"", ""(Visualizer)"", ""Pop""]"
2026-06-25,rn0brgg2BpI,Taylor Swift - Sweet Nothing (Official Lyric Video),2022-10-22T00:00:34Z,PT3M13S,13841718,7387,158049,2620,10,none,public,processed,"[""taylor swift"", ""taylor"", ""swift"", ""sweet nothing"", ""sweet"", ""nothing"", ""midnights"", ""taylor swift new music"", ""taylor swift midnights"", ""taylor swift album"", ""taylor swift new album"", ""swifties"", ""taylors version"", ""taylor swift lyrics"", ""official taylor swift video"", ""taylor swift challenge"", ""anti hero challenge"", ""taylor swift tiktok""]"
2026-06-25,bAi80EylyXQ,Taylor Swift - The Bolter (Official Lyric Video),2024-04-20T00:00:26Z,PT4M3S,7729192,7363,62477,1622,10,none,public,processed,"[""taylor swift the bolter"", ""the bolter taylor swift"", ""the bolter lyrics"", ""taylor swift"", ""taylor"", ""swift"", ""taylor swift ttpd"", ""tortured poets department"", ""new taylor swift"", ""taylor swift album"", ""ts ttpd"", ""ttpd anthology"", ""taylor swift tortured poets department"", ""taylor swift lyrics"", ""taylor swift songs""]"
2026-06-25,eMcMbWl0fDk,Taylor Swift - Everything Has Changed (Taylor's Version) (Lyric Video) ft. Ed Sheeran,2021-11-12T05:00:12Z,PT4M9S,11441873,7220,203729,3727,10,none,public,processed,"[""taylor swift"", ""taylor"", ""swift"", ""everything has changed"", ""everything has changed taylor swift"", ""taylor swift everything has changed"", ""everything has changed official video"", ""everything has changed music video"", ""everything has changed red"", ""red"", ""taylor swift red"", ""everything has changed lyrics"", ""taylor swift everything has changed lyrics"", ""taylor everything has changed"", ""everything has changed taylor"", ""red taylor swift"", ""taylor swift new album""]"
2026-06-25,svcboYY81wU,Taylor Swift - The Fate of Ophelia (Visualizer),2025-10-03T04:01:14Z,PT3M50S,16209929,7212,247972,11088,10,none,public,processed,"[""Taylor swift"", ""taylor"", ""swift"", ""taylor swift TLOAS"", ""TS12"", ""Showgirl"", ""The Life of a Showgirl"", ""new taylor swift"", ""taylor swift album""]"
2026-06-25,3xGvCApIEQY,Taylor Swift - Cornelia Street (Live From Paris),2020-05-18T02:00:00Z,PT4M58S,9358532,6936,133013,4840,10,none,public,processed,"[""Taylor"", ""Swift"", ""Cornelia"", ""Street"", ""(Live"", ""From"", ""Paris"", ""Audio)"", ""Pop""]"
2026-06-25,IEPomqor2A8,"Taylor Swift - no body, no crime (Official Lyric Video) ft. HAIM",2020-12-11T05:00:10Z,PT3M38S,29275105,6872,446296,14693,10,none,public,processed,"[""taylor swift"", ""swift"", ""taylor"", ""willow"", ""taylor swift willow"", ""willow taylor swift"", ""willow video"", ""willow lyrics"", ""taylor swift lyrics"", ""evermore"", ""taylor swift evermore"", ""evermore taylor swift"", ""evermore album"", ""taylor swift album"", ""ever more"", ""taylor swift evermore album"", ""taylor swift new music"", ""evermore lyrics"", ""ever more lyrics"", ""evermore album lyrics"", ""ever more album lyrics"", ""haim"", ""taylor swift haim"", ""taylor swift haim song"", ""new haim song"", ""body""]"
2026-06-25,Ij6SgmK8KGQ,Taylor Swift - CANCELLED! (Visualizer),2025-10-03T04:00:24Z,PT3M36S,7761319,6754,110333,7269,10,none,public,processed,"[""Taylor swift"", ""taylor"", ""swift"", ""taylor swift TLOAS"", ""TS12"", ""Showgirl"", ""The Life of a Showgirl"", ""new taylor swift"", ""taylor swift album""]"
2026-06-25,n0cde-Km05o,Taylor Swift - The Best Day (Taylor's Version) (Official Music Video),2021-04-30T04:00:30Z,PT4M9S,7089718,6695,255004,8415,10,none,public,processed,"[""Taylor"", ""Swift"", ""The"", ""Best"", ""Day"", ""(Taylor’s"", ""Version)"", ""Country""]"
2026-06-25,9nIOx-ezlzA,Taylor Swift - ivy (Official Lyric Video),2020-12-11T05:00:06Z,PT4M19S,18281324,6650,223827,7375,10,none,public,processed,"[""taylor swift"", ""swift"", ""taylor"", ""ivy"", ""taylor swift ivy"", ""ivy taylor swift"", ""willow video"", ""ivy lyrics"", ""taylor swift lyrics"", ""evermore"", ""taylor swift evermore"", ""evermore taylor swift"", ""evermore album"", ""taylor swift album"", ""ever more"", ""taylor swift evermore album"", ""taylor swift new music"", ""evermore lyrics"", ""ever more lyrics"", ""evermore album lyrics"", ""ever more album lyrics""]"
2026-06-25,zI4DS5GmQWE,Taylor Swift - dorothea (Official Lyric Video),2020-12-11T05:00:33Z,PT3M45S,13618499,6625,266758,9261,10,none,public,processed,"[""taylor swift"", ""swift"", ""taylor"", ""dorothea"", ""taylor swift dorothea"", ""dorothea taylor swift"", ""willow video"", ""willow lyrics"", ""taylor swift lyrics"", ""evermore"", ""taylor swift evermore"", ""evermore taylor swift"", ""evermore album"", ""taylor swift album"", ""ever more"", ""taylor swift evermore album"", ""taylor swift new music"", ""evermore lyrics"", ""ever more lyrics"", ""evermore album lyrics"", ""ever more album lyrics""]"
2026-06-25,9boiT64sm0Q,Taylor Swift - 22 (Taylor's Version) (Lyric Video),2021-11-12T05:00:04Z,PT3M52S,15508898,6466,292410,8777,10,none,public,processed,"[""taylor swift"", ""taylor"", ""swift"", ""22 taylor swift"", ""taylor swift 22"", ""22 official video"", ""22 music video"", ""22 red"", ""red"", ""taylor swift red"", ""22 lyrics"", ""taylor swift 22 lyrics"", ""taylor 22"", ""22 taylor"", ""red taylor swift"", ""taylor swift new album"", ""taylor swift new music"", ""red deluxe"", ""deluxe red"", ""taylor swift deluxe"", ""taylor deluxe"", ""deluxe taylor swift""]"
2026-06-25,EXLgZZE072g,Taylor Swift - evermore (Official Lyric Video) ft. Bon Iver,2020-12-11T05:00:02Z,PT5M5S,23407194,6452,369352,11999,10,none,public,processed,"[""taylor swift"", ""swift"", ""taylor"", ""bon iver"", ""taylor swift bon iver"", ""bon iver taylor swift"", ""willow video"", ""willow lyrics"", ""taylor swift lyrics"", ""evermore"", ""taylor swift evermore"", ""evermore taylor swift"", ""evermore album"", ""taylor swift album"", ""ever more"", ""taylor swift evermore album"", ""taylor swift new music"", ""evermore lyrics"", ""ever more lyrics"", ""evermore album lyrics"", ""ever more album lyrics"", ""bon iver evermore"", ""bon iver ever more"", ""bone iver""]"
2026-06-25,Uoey4W_3bos,Taylor Swift - Vigilante Shit (Official Lyric Video),2022-10-22T00:00:15Z,PT2M50S,19900699,6220,256869,4303,10,none,public,processed,"[""taylor swift"", ""taylor"", ""swift"", ""vigilante shit"", ""midnights"", ""taylor swift new music"", ""taylor swift midnights"", ""taylor swift album"", ""taylor swift new album"", ""swifties"", ""taylors version"", ""taylor swift lyrics"", ""official taylor swift video"", ""taylor swift challenge"", ""anti hero challenge"", ""taylor swift tiktok""]"
2026-06-25,yfWgXcrNQIw,Taylor Swift - Love Story (Live from New York City),2012-11-06T00:00:25Z,PT4M4S,19054047,6133,258408,6094,10,none,public,processed,"[""Taylor"", ""Swift"", ""Love"", ""Story"", ""(Live"", ""Letterman)"", ""Big"", ""Machine"", ""Records"", ""LLC"", ""Pop"", ""Country""]"
2026-06-25,WuvhOD-mP8M,Taylor Swift - ‘tis the damn season (Official Lyric Video),2020-12-11T05:00:05Z,PT3M56S,18345211,6090,234545,6149,10,none,public,processed,"[""taylor swift"", ""swift"", ""taylor"", ""willow"", ""taylor swift willow"", ""willow taylor swift"", ""willow video"", ""willow lyrics"", ""taylor swift lyrics"", ""evermore"", ""taylor swift evermore"", ""evermore taylor swift"", ""evermore album"", ""taylor swift album"", ""ever more"", ""taylor swift evermore album"", ""taylor swift new music"", ""evermore lyrics"", ""ever more lyrics"", ""evermore album lyrics"", ""ever more album lyrics"", ""tis the season""]"
2026-06-25,X0Jti9F-oQA,Taylor Swift - Dear Reader (Official Lyric Video),2022-10-22T00:00:18Z,PT3M49S,7645008,6064,109574,2157,10,none,public,processed,"[""taylor swift"", ""taylor"", ""swift"", ""midnights"", ""taylor swift new music"", ""taylor swift midnights"", ""taylor swift album"", ""taylor swift new album"", ""swifties"", ""taylors version"", ""taylor swift lyrics"", ""official taylor swift video"", ""taylor swift challenge"", ""anti hero challenge"", ""taylor swift tiktok"", ""taylor swift deluxe"", ""dear reader""]"
2026-06-25,ptSjNWnzpjg,Taylor Swift - Fearless,2010-02-26T17:13:59Z,PT4M11S,65833067,6005,303791,18574,10,none,public,processed,"[""Taylor"", ""Swift"", ""Big"", ""Machine"", ""Records"", ""LLC"", ""Country""]"
2026-06-25,AccGdO5XeZY,I Bet You Think About Me (Taylor's Version) (From The Vault) (Lyric Video),2021-11-12T05:00:04Z,PT4M49S,11202194,5979,129513,2858,10,none,public,processed,"[""taylor swift"", ""taylor"", ""swift"", ""bet you think about me"", ""bet you think about me taylor swift"", ""taylor swift bet you think about me"", ""bet you think about me official video"", ""bet you think about me music video"", ""bet you think about me red"", ""red"", ""taylor swift red"", ""bet you think about me lyrics"", ""taylor swift bet you think about me lyrics"", ""taylor bet you think about me"", ""bet you think about me taylor"", ""red taylor swift"", ""new""]"
2026-06-25,2hBLC7E8v3A,Share your “fortnight” recap with #ForAFortnightChallenge 🤍 brought to you by YouTube Shorts,2024-04-20T00:02:45Z,PT16S,125519756,5830,4499542,47148,10,none,public,processed,[]
2026-06-25,orXAg5dIMa8,Taylor Swift - betty (Live from the 2020 Academy of Country Music Awards),2020-09-17T06:00:03Z,PT5M17S,26169185,5567,614006,29230,10,none,public,processed,"[""Taylor Swift"", ""Taylor Swift live"", ""ACM"", ""ACM Awards"", ""Taylor ACM"", ""betty"", ""betty live"", ""betty ACM"", ""Taylor Swift betty"", ""Taylor betty"", ""country live"", ""folklore"", ""folklore live"", ""folklore betty"", ""Academy of Country Music Awards""]"
2026-06-25,Pz-f9mM3Ms8,Taylor Swift - gold rush (Official Lyric Video),2020-12-11T05:00:03Z,PT3M9S,19807205,5558,284047,8926,10,none,public,processed,"[""taylor swift"", ""swift"", ""taylor"", ""gold rush"", ""taylor swift gold rush"", ""gold rush taylor swift"", ""gold rush video"", ""willow lyrics"", ""taylor swift lyrics"", ""evermore"", ""taylor swift evermore"", ""evermore taylor swift"", ""evermore album"", ""taylor swift album"", ""ever more"", ""taylor swift evermore album"", ""taylor swift new music"", ""evermore lyrics"", ""ever more lyrics"", ""evermore album lyrics"", ""ever more album lyrics""]"
2026-06-25,JhICcmiIE80,Taylor Swift - Wonderland (Taylor's Version) (Lyric Video),2023-10-27T04:00:08Z,PT4M11S,7576979,5477,109225,2550,10,none,public,processed,"[""Taylor"", ""Swift"", ""Wonderland"", ""(Taylor's"", ""Version)"", ""(Lyric"", ""Video)"", ""Pop"", ""Taylor swift"", ""taylor"", ""swift"", ""taylor swift 1989"", ""taylors version"", ""taylor swift music"", ""new taylor swift music"", ""1989"", ""taylor swift from the vault"", ""taylor swift vault songs"", ""1989 taylor’s version from the vault"", ""1989 from the vault""]"
2026-06-25,2d1wKn-oJnA,Taylor Swift - I Think He Knows (Official Audio),2019-08-23T04:00:01Z,PT2M55S,21111646,5455,220355,5843,10,none,public,processed,"[""Taylor"", ""Swift"", ""taylor swift"", ""taylor swift i think he knows"", ""i think he knows taylor"", ""i think he knows taylor swift"", ""taylor swift lover""]"
2026-06-25,QuijXg8wm28,Taylor Swift - The Last Time ft. Gary Lightbody,2013-11-16T01:06:06Z,PT3M48S,51867802,5315,380945,11101,10,none,public,processed,"[""Taylor Swift"", ""The Last Time"", ""Big Machine"", ""Records"", ""LLC"", ""Pop"", ""Gary Lightbody"", ""Snow Patrol"", ""duet"", ""live"", ""Red tour"", ""new song"", ""new video""]"
2026-06-25,pCH4QrSx2Jg,Taylor Swift - The Last Time (Taylor's Version) (Lyric Video) ft. Gary Lightbody,2021-11-12T05:00:15Z,PT5M,12261000,5128,178615,3550,10,none,public,processed,"[""taylor swift"", ""taylor"", ""swift"", ""the last time"", ""the last time taylor swift"", ""taylor swift the last time"", ""the last time official video"", ""the last time music video"", ""the last time red"", ""red"", ""taylor swift red"", ""the last time lyrics"", ""taylor swift the last time lyrics"", ""taylor the last time"", ""the last time taylor"", ""red taylor swift"", ""taylor swift new album"", ""taylor swift new music"", ""red deluxe"", ""deluxe red"", ""taylor swift deluxe"", ""taylor deluxe"", ""deluxe taylor swift""]"
2026-06-25,qsUK-BG5OQQ,Taylor Swift - Breathe (Taylor's Version) (Lyric Video) ft. Colbie Caillat,2021-04-09T04:00:30Z,PT4M26S,10862820,5108,164502,5404,10,none,public,processed,"[""taylor swift"", ""taylor"", ""swift"", ""colbie caillat"", ""colbie"", ""callait"", ""breathe"", ""breathe taylor swift"", ""taylor breathe"", ""breathe taylor’s version"", ""taylor’s version"", ""taylors version"", ""taylor swift new album"", ""taylor swift new music"", ""fearless taylor’s version"", ""fearless taylors version"", ""official taylor swift lyrics"", ""taylor rerecord"", ""taylor reissue"", ""taylor new version"", ""fearless rerecord"", ""fearless remaster"", ""fearless new version"", ""taylor swift fearless""]"
2026-06-25,BpkmUfv1I4Q,Taylor Swift - I Hate It Here (Official Lyric Video),2024-04-20T00:10:39Z,PT4M8S,8657615,5051,110022,5214,10,none,public,processed,"[""taylor swift i hate it here"", ""i hate it here taylor swift"", ""taylor swift"", ""taylor"", ""swift"", ""taylor swift ttpd"", ""tortured poets department"", ""new taylor swift"", ""taylor swift album"", ""ts ttpd"", ""ttpd anthology"", ""taylor swift tortured poets department""]"
2026-06-25,EH70M5OeS4o,Taylor Swift - Better Than Revenge (Taylor's Version) (Lyric Video),2023-07-07T04:00:14Z,PT3M44S,11487568,5016,184286,6151,10,none,public,processed,"[""taylor swift"", ""taylor"", ""swift"", ""speak now taylors version"", ""taylor’s version"", ""speak now TV"", ""speak now taylor’s version"", ""speak now from the vault"", ""speak now vault songs"", ""speak now recrecording"", ""new taylor swift"", ""taylor swift album"", ""taylor swift speak now"", ""taylor speak now""]"
2026-06-25,T62maKYX9tU,Taylor Swift - ...Ready For It? (Audio),2017-09-03T12:07:45Z,PT3M29S,68826767,4911,613194,43778,10,none,public,processed,"[""Taylor Swift"", ""reputation"", ""...Ready For It?"", ""Ready For It"", ""Ready For It?""]"
2026-06-25,0jTGzm-6cYE,Taylor Swift - I Know Places (Taylor's Version) (Lyric Video),2023-10-27T04:00:00Z,PT3M21S,7889855,4867,117595,3266,10,none,public,processed,"[""Taylor"", ""Swift"", ""Know"", ""Places"", ""(Taylor's"", ""Version)"", ""(Lyric"", ""Video)"", ""Pop"", ""Taylor swift"", ""taylor"", ""swift"", ""taylor swift 1989"", ""taylors version"", ""taylor swift music"", ""new taylor swift music"", ""1989"", ""taylor swift from the vault"", ""taylor swift vault songs"", ""1989 taylor’s version from the vault"", ""1989 from the vault""]"
2026-06-25,rqQHa2HcGtM,Taylor Swift - long story short (Official Lyric Video),2020-12-11T05:00:11Z,PT3M41S,13991947,4846,211994,5237,10,none,public,processed,"[""taylor swift"", ""swift"", ""taylor"", ""long story short"", ""taylor swift long story short"", ""long story short taylor swift"", ""willow video"", ""willow lyrics"", ""taylor swift lyrics"", ""evermore"", ""taylor swift evermore"", ""evermore taylor swift"", ""evermore album"", ""taylor swift album"", ""ever more"", ""taylor swift evermore album"", ""taylor swift new music"", ""evermore lyrics"", ""ever more lyrics"", ""evermore album lyrics"", ""ever more album lyrics""]"
2026-06-25,-qee6dFKlw4,Taylor Swift - High Infidelity (Official Lyric Video),2022-10-22T00:00:00Z,PT3M57S,11252865,4814,132731,3344,10,none,public,processed,"[""taylor swift"", ""taylor"", ""swift"", ""midnights"", ""taylor swift new music"", ""taylor swift midnights"", ""taylor swift album"", ""taylor swift new album"", ""swifties"", ""taylors version"", ""taylor swift lyrics"", ""official taylor swift video"", ""taylor swift challenge"", ""anti hero challenge"", ""taylor swift tiktok"", ""taylor swift deluxe"", ""high infidelity""]"
2026-06-25,c_p_TBaHvos,Taylor Swift - coney island (Lyric Video) ft. The National,2020-12-11T05:00:08Z,PT4M38S,14848544,4780,184861,6541,10,none,public,processed,"[""taylor swift"", ""swift"", ""taylor"", ""coney island"", ""taylor swift coney island"", ""willow taylor swift"", ""willow video"", ""willow lyrics"", ""taylor swift lyrics"", ""evermore"", ""taylor swift evermore"", ""evermore taylor swift"", ""evermore album"", ""taylor swift album"", ""ever more"", ""taylor swift evermore album"", ""taylor swift new music"", ""evermore lyrics"", ""ever more lyrics"", ""evermore album lyrics"", ""ever more album lyrics"", ""the national taylor swift"", ""the national taylor swift coney island""]"
2026-06-25,w1AV_35zVwU,Taylor Swift - I Almost Do (Taylor's Version) (Lyric Video),2021-11-12T05:00:21Z,PT4M5S,8732841,4775,139312,3062,10,none,public,processed,"[""taylor swift"", ""taylor"", ""swift"", ""amost do"", ""amost do taylor swift"", ""taylor swift amost do"", ""amost do official video"", ""amost do music video"", ""amost do red"", ""red"", ""taylor swift red"", ""amost do lyrics"", ""taylor swift amost do lyrics"", ""taylor amost do"", ""almost do taylor"", ""red taylor swift"", ""taylor swift new album"", ""taylor swift new music"", ""red deluxe"", ""deluxe red"", ""taylor swift deluxe"", ""taylor deluxe"", ""deluxe taylor swift""]"
2026-06-25,4cC6fw8EqWU,Taylor Swift - Haunted (Taylor's Version) (Lyric Video),2023-07-07T04:00:03Z,PT4M9S,8896435,4744,146230,4939,10,none,public,processed,"[""taylor swift"", ""taylor"", ""swift"", ""speak now taylors version"", ""taylor’s version"", ""speak now TV"", ""speak now taylor’s version"", ""speak now from the vault"", ""speak now vault songs"", ""speak now recrecording"", ""new taylor swift"", ""taylor swift album"", ""taylor swift speak now"", ""taylor speak now""]"
2026-06-25,Uzii44SDYFA,Taylor Swift - cardigan / august / willow (Live From The 63rd GRAMMYs ® / 2021),2021-03-15T23:44:03Z,PT5M25S,11445225,4690,593544,28130,10,none,public,processed,"[""Taylor swift"", ""taylor swift grammys"", ""taylor grammys"", ""swift"", ""grammys live"", ""grammys performance"", ""evermore"", ""taylor swift evermore"", ""folklore"", ""taylor swift folklore"", ""fearless"", ""taylor swift fearless"", ""cardigan"", ""taylor swift cardigan"", ""willow"", ""taylor swift willow"", ""august"", ""taylor swift august"", ""taylor live"", ""taylor swift live""]"
2026-06-25,2Shv-eeNmY4,The Opalite video is out now. Visit TaylorSwift.com for more,2026-02-06T13:16:08Z,PT24S,4358462,4651,127604,2967,10,none,public,processed,[]
2026-06-25,ySZGZrcqvr4,Taylor Swift - Paris (Official Lyric Video),2022-10-22T00:00:37Z,PT3M20S,10860163,4628,126056,2184,10,none,public,processed,"[""taylor swift"", ""taylor"", ""swift"", ""midnights"", ""taylor swift new music"", ""taylor swift midnights"", ""taylor swift album"", ""taylor swift new album"", ""swifties"", ""taylors version"", ""taylor swift lyrics"", ""official taylor swift video"", ""taylor swift challenge"", ""anti hero challenge"", ""taylor swift tiktok"", ""taylor swift deluxe"", ""paris""]"
2026-06-25,DNaSlUYIXBg,Taylor Swift - You're Not Sorry (Taylor's Version) (Lyric Video),2021-04-09T04:00:03Z,PT4M23S,10702678,4494,183392,5110,10,none,public,processed,"[""taylor swift"", ""taylor"", ""swift"", ""you’re not sorry"", ""you’re not sorry taylor swift"", ""taylor you’re not sorry"", ""you’re not sorry taylor’s version"", ""taylor’s version"", ""taylor swift new album"", ""taylor swift new music"", ""taylor swift lyrics"", ""fearless"", ""fearless taylor’s version"", ""fearless taylors version"", ""official taylor swift lyrics"", ""taylor rerecord"", ""taylor reissue"", ""taylor new version"", ""fearless rerecord"", ""fearless remaster"", ""fearless new version""]"
2026-06-25,xxrf_QBD5DE,Taylor Swift - Question...? (Official Lyric Video),2022-10-22T00:00:35Z,PT3M35S,16082104,4448,158982,2758,10,none,public,processed,"[""taylor swift"", ""taylor"", ""swift"", ""question"", ""midnights"", ""taylor swift new music"", ""taylor swift midnights"", ""taylor swift album"", ""taylor swift new album"", ""swifties"", ""taylors version"", ""taylor swift lyrics"", ""official taylor swift video"", ""taylor swift challenge"", ""anti hero challenge"", ""taylor swift tiktok""]"
2026-06-25,6DP4q_1EgQQ,Taylor Swift – mad woman (Official Lyric Video),2020-07-24T04:00:02Z,PT3M59S,15410033,4262,263388,8500,10,none,public,processed,"[""Taylor"", ""Swift"", ""mad"", ""woman"", ""(Lyric"", ""Video)"", ""Alternative""]"
2026-06-25,fcVUbmdQfaE,Taylor Swift - Clara Bow (Official Lyric Video),2024-04-20T00:00:17Z,PT3M42S,7289570,4190,60156,1611,10,none,public,processed,"[""taylor swift"", ""taylor"", ""swift"", ""taylor swift ttpd"", ""tortured poets department"", ""new taylor swift"", ""taylor swift album"", ""ts ttpd"", ""ttpd anthology"", ""taylor swift tortured poets department"", ""taylor swift lyrics"", ""the tortured poets department""]"
2026-06-25,OGDkg3QiJmk,"Taylor Performs ""Wildest Dreams"" at The GRAMMY Museum",2016-01-05T02:34:16Z,PT4M6S,24875034,4175,432245,14102,10,none,public,processed,"[""Taylor Swift"", ""GRAMMY Museum"", ""1989"", ""Wildest Dreams""]"
2026-06-25,p1Zt47V3pPw,"Taylor performs ""Blank Space"" at The GRAMMY Museum",2016-01-07T21:03:14Z,PT5M57S,24683993,4173,482247,13879,10,none,public,processed,"[""Taylor Swift"", ""Blank Space"", ""1989 Album"", ""1989"", ""Acoustic"", ""GRAMMY Museum""]"
2026-06-25,ZGBPKYbzSXs,Taylor Swift - Suburban Legends (Taylor's Version) (From The Vault) (Lyric Video),2023-10-27T04:00:19Z,PT2M57S,6417537,4164,95979,2424,10,none,public,processed,"[""Taylor"", ""Swift"", ""Suburban"", ""Legends"", ""(Taylor's"", ""Version)"", ""(From"", ""The"", ""Vault)"", ""(Lyric"", ""Video)"", ""Pop"", ""Taylor swift"", ""taylor"", ""swift"", ""taylor swift 1989"", ""taylors version"", ""taylor swift music"", ""new taylor swift music"", ""1989"", ""taylor swift from the vault"", ""taylor swift vault songs"", ""1989 taylor’s version from the vault"", ""1989 from the vault""]"
2026-06-25,rc6NKSVv2fw,Taylor Swift - Eldest Daughter (Visualizer),2025-10-03T04:01:08Z,PT4M11S,6274689,4148,115146,4837,10,none,public,processed,"[""Taylor swift"", ""taylor"", ""swift"", ""taylor swift TLOAS"", ""TS12"", ""Showgirl"", ""The Life of a Showgirl"", ""new taylor swift"", ""taylor swift album""]"
2026-06-25,rVuyi-dPMIc,Taylor Swift - The Very First Night (Taylor's Version) (From The Vault) (Lyric Video),2021-11-12T05:00:19Z,PT3M23S,11683251,4134,171712,3545,10,none,public,processed,"[""taylor swift"", ""taylor"", ""swift the very first night"", ""the very first night taylor swift"", ""taylor swift the very first night"", ""the very first night official video"", ""the very first night music video"", ""the very first night red"", ""red"", ""taylor swift red"", ""the very first night lyrics"", ""taylor swift the very first night lyrics"", ""taylor the very first night"", ""red taylor swift"", ""taylor swift new album"", ""taylor swift new music"", ""red deluxe"", ""deluxe red"", ""swift""]"
2026-06-25,tMhiHrL7rPE,Taylor Swift - Hey Stephen (Taylor's Version) (Lyric Video),2021-04-09T04:00:23Z,PT4M17S,10113044,4132,171787,5759,10,none,public,processed,"[""taylor swift"", ""taylor"", ""swift"", ""hey stephen"", ""taylor hey stephen"", ""hey stephen taylor’s version"", ""taylor’s version"", ""taylors version"", ""taylor swift new album"", ""taylor swift new music"", ""taylor swift lyrics"", ""fearless"", ""fearless taylor’s version"", ""fearless taylors version"", ""official taylor swift lyrics"", ""taylor rerecord"", ""taylor reissue"", ""taylor new version"", ""fearless rerecord"", ""fearless remaster"", ""fearless new version"", ""taylor swift fearless"", ""taylor swift rerecord""]"
2026-06-25,vUHDR6Rg3Y4,Taylor Swift - Jump Then Fall (Taylor's Version) (Lyric Video),2021-04-09T04:00:27Z,PT3M58S,6208476,4072,112068,2951,10,none,public,processed,"[""taylor swift"", ""taylor"", ""swift"", ""jump then fall"", ""taylor jump then fall"", ""jump then fall taylor’s version"", ""taylor’s version"", ""taylors version"", ""taylor swift new album"", ""taylor swift new music"", ""taylor swift lyrics"", ""fearless"", ""fearless taylor’s version"", ""fearless taylors version"", ""official taylor swift lyrics"", ""taylor rerecord"", ""taylor reissue"", ""taylor new version"", ""fearless rerecord"", ""fearless remaster"", ""fearless new version"", ""taylor swift fearless""]"
2026-06-25,m3fWCRvz5JA,Nothing New (Taylor's Version) (From The Vault) (Lyric Video),2021-11-12T05:00:17Z,PT4M23S,11384922,4062,200502,4535,10,none,public,processed,"[""taylor swift"", ""taylor"", ""swift"", ""nothing new"", ""nothing new acoustic taylor swift"", ""taylor swift nothing new acoustic"", ""nothing new acoustic official video"", ""nothing new acoustic music video"", ""nothing new acoustic red"", ""red"", ""taylor swift red"", ""nothing new acoustic lyrics"", ""taylor swift nothing new lyrics"", ""taylor nothing new acoustic"", ""nothing new acoustic taylor"", ""red taylor swift"", ""taylor swift new album"", ""taylor swift new music"", ""red deluxe"", ""deluxe red""]"
2026-06-25,tP4TTgt4nb0,Taylor Swift - happiness (Official Lyric Video),2020-12-11T05:00:22Z,PT5M18S,11974930,4051,213574,6882,10,none,public,processed,"[""taylor swift"", ""swift"", ""taylor"", ""happiness"", ""taylor swift happiness"", ""happiness taylor swift"", ""happiness video"", ""happiness lyrics"", ""taylor swift lyrics"", ""evermore"", ""taylor swift evermore"", ""evermore taylor swift"", ""evermore album"", ""taylor swift album"", ""ever more"", ""taylor swift evermore album"", ""taylor swift new music"", ""evermore lyrics"", ""ever more lyrics"", ""evermore album lyrics"", ""ever more album lyrics""]"
2026-06-25,g_meC49cN5k,Back in the office… 😎 #MiamiTSTheErasTour,2024-10-18T14:20:25Z,PT18S,3926158,3980,249127,14512,10,none,public,processed,[]
2026-06-25,89aQIli8aVU,Taylor Swift - I Wish You Would (Taylor's Version) (Lyric Video),2023-10-27T04:00:03Z,PT3M33S,6156446,3877,82639,1650,10,none,public,processed,"[""Taylor"", ""Swift"", ""Wish"", ""You"", ""Would"", ""(Taylor's"", ""Version)"", ""(Lyric"", ""Video)"", ""Pop"", ""Taylor swift"", ""taylor"", ""swift"", ""taylor swift 1989"", ""taylors version"", ""taylor swift music"", ""new taylor swift music"", ""1989"", ""taylor swift from the vault"", ""taylor swift vault songs"", ""1989 taylor’s version from the vault"", ""1989 from the vault""]"
2026-06-25,9Sx8MWI8qTU,Taylor Swift - Honey (Visualizer),2025-10-03T04:00:11Z,PT3M6S,5224780,3814,89274,4031,10,none,public,processed,"[""Taylor swift"", ""taylor"", ""swift"", ""taylor swift TLOAS"", ""TS12"", ""Showgirl"", ""The Life of a Showgirl"", ""new taylor swift"", ""taylor swift album""]"
2026-06-25,yX2kZ8OIsfU,Taylor Swift - The Fate of Ophelia (The Chainsmokers Remix) (Visualizer),2025-11-28T05:01:16Z,PT3M,1968860,3776,42482,2126,10,none,public,processed,"[""Taylor swift"", ""taylor"", ""swift"", ""taylor swift TLOAS"", ""TS12"", ""Showgirl"", ""The Life of a Showgirl"", ""new taylor swift"", ""taylor swift album""]"
2026-06-25,ryLGxpjwAhM,Taylor Swift – hoax (Official Lyric Video),2020-07-24T04:00:21Z,PT3M42S,14848756,3725,281106,8985,10,none,public,processed,"[""Taylor"", ""Swift"", ""hoax"", ""(Lyric"", ""Video)"", ""TS/Republic"", ""Alternative""]"
2026-06-25,IVQqOzFKN2M,"It’s me, 👋 sharing ALL the problems. Join the #TSAntiHeroChallenge brought to you by YouTube Shorts",2022-11-04T14:53:16Z,PT16S,64666769,3710,2787587,18252,10,none,public,processed,[]
2026-06-25,KZeI9I875Ig,Taylor Swift - The Best Day (Taylor's Version) (Lyric Video),2021-04-09T04:00:05Z,PT4M9S,9571772,3704,222918,8301,10,none,public,processed,"[""taylor swift"", ""taylor"", ""swift"", ""the best day"", ""taylor the best day"", ""the best day taylor’s version"", ""taylor’s version"", ""taylors version"", ""taylor swift new album"", ""taylor swift new music"", ""taylor swift lyrics"", ""fearless"", ""fearless taylor’s version"", ""fearless taylors version"", ""official taylor swift lyrics"", ""taylor rerecord"", ""taylor reissue"", ""taylor new version"", ""fearless rerecord"", ""fearless remaster"", ""fearless new version"", ""taylor swift fearless""]"
2026-06-25,tOHcAc3r2kw,Taylor Swift - the lakes (Official Lyric Video),2020-08-18T07:00:15Z,PT3M31S,14692143,3655,359904,15978,10,none,public,processed,"[""Taylor"", ""Swift"", ""the"", ""lakes"", ""(Lyric"", ""Video)"", ""Alternative""]"
2026-06-25,mkR_Qwix4Ho,Taylor Swift - Lavender Haze (Official Lyric Video),2022-10-22T00:00:34Z,PT3M27S,26396876,3429,308229,4912,10,none,public,processed,"[""taylor swift"", ""taylor"", ""swift"", ""lavender haze"", ""lavender"", ""haze"", ""midnights"", ""taylor swift new music"", ""taylor swift midnights"", ""taylor swift album"", ""taylor swift new album"", ""swifties"", ""taylors version"", ""taylor swift lyrics"", ""official taylor swift video"", ""taylor swift challenge"", ""anti hero challenge"", ""taylor swift tiktok""]"
2026-06-25,4wOsiM2T_xc,Taylor Swift - The Albatross (Official Lyric Video),2024-04-20T00:00:03Z,PT3M9S,5209569,3399,49916,1140,10,none,public,processed,"[""The Albatross"", ""taylor swift the albatross"", ""taylor swift"", ""taylor"", ""swift"", ""taylor swift ttpd"", ""tortured poets department"", ""new taylor swift"", ""taylor swift album"", ""ts ttpd"", ""ttpd anthology"", ""taylor swift tortured poets department""]"
2026-06-25,-mrC5tRkxrY,Taylor Swift - State Of Grace (Taylor's Version) (Lyric Video),2021-11-12T05:00:01Z,PT5M,10640078,3308,215673,7614,10,none,public,processed,"[""taylor swift"", ""taylor"", ""swift"", ""state of grace"", ""state of grace taylor swift"", ""taylor swift state of grace"", ""state of grace official video"", ""state of grace music video"", ""state of grace red"", ""red"", ""taylor swift red"", ""state of grace lyrics"", ""taylor swift state of grace lyrics"", ""taylor state of grace"", ""state of grace taylor"", ""red taylor swift"", ""taylor swift new album"", ""taylor swift new music"", ""red deluxe"", ""deluxe red"", ""taylor swift deluxe"", ""taylor deluxe"", ""deluxe""]"
2026-06-25,HpxX4ZE4KWE,Taylor Swift – peace (Official Lyric Video),2020-07-24T04:00:10Z,PT3M55S,11457814,3286,207011,6721,10,none,public,processed,"[""Taylor"", ""Swift"", ""peace"", ""(Lyric"", ""Video)"", ""Alternative""]"
2026-06-25,OKWfv-x2rdU,Taylor Swift - I Can Fix Him (No Really I Can) (Official Lyric Video),2024-04-20T00:00:16Z,PT2M41S,6811041,3284,53156,1256,10,none,public,processed,"[""taylor swift"", ""taylor"", ""swift"", ""taylor swift ttpd"", ""tortured poets department"", ""new taylor swift"", ""taylor swift album"", ""ts ttpd"", ""ttpd anthology"", ""taylor swift tortured poets department"", ""taylor swift lyrics"", ""the tortured poets department""]"
2026-06-25,DUnDkI7l9LQ,Taylor Swift – epiphany (Official Lyric Video),2020-07-24T04:00:02Z,PT4M51S,13664505,3248,239742,9877,10,none,public,processed,"[""Taylor"", ""Swift"", ""epiphany"", ""(Lyric"", ""Video)"", ""TS/Republic"", ""Alternative""]"
2026-06-25,CUr_UwUUXzU,Taylor Swift - Wildest Dreams (Taylor’s Version) (Official Audio),2021-09-17T22:04:01Z,PT3M41S,35281741,3106,740997,21384,10,none,public,processed,"[""taylor swift"", ""taylor"", ""swift"", ""wildest dreams"", ""wildest dreams taylor swift"", ""taylor swift wildest dreams"", ""wildest dreams official video"", ""wildest dreams music video"", ""wildest dreams 1989"", ""1989"", ""taylor swift 1989"", ""wildest dreams lyrics"", ""taylor swift wildest dreams lyrics"", ""taylor wildest dreams"", ""wildest dreams taylor"", ""1989 taylor swift"", ""taylor swift new album"", ""taylor swift new music"", ""taylor’s version"", ""wildest dreams taylor’s version"", ""taylor’s"", ""dreams""]"
2026-06-25,6HIA7ouBfGY,Taylor Swift - I Look in People's Windows (Official Lyric Video),2024-04-20T00:00:02Z,PT2M18S,4189818,2992,47278,1235,10,none,public,processed,"[""I Look in People's Windows"", ""taylor swift i look in people's windows""]"
2026-06-25,erilCNjng-g,Taylor Swift - Wood (Visualizer),2025-10-03T04:00:47Z,PT2M35S,5474739,2934,86318,4622,10,none,public,processed,"[""Taylor swift"", ""taylor"", ""swift"", ""taylor swift TLOAS"", ""TS12"", ""Showgirl"", ""The Life of a Showgirl"", ""new taylor swift"", ""taylor swift album""]"
2026-06-25,8AR1dKawCi8,Taylor Swift - Mean (Taylor's Version) (Lyric Video),2023-07-07T04:00:05Z,PT4M3S,6186534,2929,110983,2733,10,none,public,processed,"[""Taylor Swift"", ""Taylor Swift Re-record"", ""Country""]"
2026-06-25,V80A8qN4fR8,Castles Crumbling (Taylor’s Version) (From The Vault) (Lyric Video),2023-07-07T04:00:19Z,PT5M10S,6095046,2881,110213,3455,10,none,public,processed,"[""taylor swift"", ""taylor"", ""swift"", ""speak now taylors version"", ""taylor’s version"", ""speak now TV"", ""speak now taylor’s version"", ""speak now from the vault"", ""speak now vault songs"", ""speak now recrecording"", ""new taylor swift"", ""taylor swift album"", ""taylor swift speak now"", ""taylor speak now""]"
2026-06-25,PdMdbiY6-lE,Taylor Swift - The Fate of Ophelia (Alone In My Tower Acoustic Version) (Visualizer),2025-10-31T04:00:38Z,PT3M50S,2455262,2813,87196,3472,10,none,public,processed,[]
2026-06-25,rLCol1C3ouc,Taylor Swift - Fifteen (Taylor's Version) (Lyric Video),2021-04-09T04:00:12Z,PT4M55S,9644396,2796,224673,9382,10,none,public,processed,"[""taylor swift"", ""taylor"", ""swift"", ""fifteen"", ""fifteen taylor swift"", ""taylor fifteen"", ""fifteen taylor’s version"", ""taylor’s version"", ""taylors version"", ""taylor swift new album"", ""taylor swift new music"", ""taylor swift lyrics"", ""fearless"", ""fearless taylor’s version"", ""fearless taylors version"", ""official taylor swift lyrics"", ""taylor rerecord"", ""taylor reissue"", ""taylor new version"", ""fearless rerecord"", ""fearless remaster"", ""fearless new version"", ""taylor swift fearless""]"
2026-06-25,PH8Uc0Z_KRY,Taylor Swift - Ours (Taylor’s Version) (Lyric Video),2023-07-07T04:00:13Z,PT4M,3384074,2794,65706,1563,10,none,public,processed,"[""taylor swift"", ""taylor"", ""swift"", ""speak now taylors version"", ""taylor’s version"", ""speak now TV"", ""speak now taylor’s version"", ""speak now from the vault"", ""speak now vault songs"", ""speak now recrecording"", ""new taylor swift"", ""taylor swift album"", ""taylor swift speak now"", ""taylor speak now""]"
2026-06-25,GJU-S1t2r1M,Taylor Swift - Only The Young (Featured in Miss Americana / Lyric Video),2020-01-31T09:00:06Z,PT2M39S,14584723,2769,402168,16600,10,none,public,processed,"[""Taylor"", ""Swift"", ""Only"", ""The"", ""Young"", ""(Lyric"", ""Video)"", ""Pop""]"
2026-06-25,oaBJlKXBvjk,Taylor Swift - thanK you aIMee (Official Lyric Video),2024-04-20T00:00:20Z,PT4M30S,6516641,2674,80228,4064,10,none,public,processed,"[""taylor swift"", ""taylor"", ""swift"", ""taylor swift ttpd"", ""tortured poets department"", ""new taylor swift"", ""taylor swift album"", ""ts ttpd"", ""ttpd anthology"", ""taylor swift tortured poets department"", ""thanK you aIMee"", ""taylor swift thanK you aIMee""]"
2026-06-25,1iRbIYkccgw,Taylor Swift - it’s time to go (Official Lyric Video),2021-01-07T05:00:01Z,PT4M18S,12643109,2660,306068,10416,10,none,public,processed,"[""taylor swift"", ""taylor"", ""swift"", ""it's time to go"", ""it's time to go taylor swift"", ""taylor swift it's time to go"", ""it's time to go official video"", ""it's time to go music video"", ""it's time to go evermore"", ""evermore"", ""taylor swift evermore"", ""it's time to go lyrics"", ""taylor swift it's time to go lyrics"", ""taylor it's time to go"", ""it's time to go taylor"", ""evermore taylor swift"", ""ever more"", ""taylor swift new album"", ""taylor swift new music"", ""ever more taylor swift""]"
2026-06-25,T-41vMWQTUA,Taylor Swift - Forever & Always (Taylor's Version) (Lyric Video),2021-04-09T04:00:06Z,PT3M46S,7533387,2629,136177,3354,10,none,public,processed,"[""taylor swift"", ""taylor"", ""swift"", ""forever and always"", ""taylor forever and always"", ""forever and always taylor’s version"", ""taylor’s version"", ""taylors version"", ""taylor swift new album"", ""taylor swift new music"", ""taylor swift lyrics"", ""fearless taylor’s version"", ""fearless taylors version"", ""official taylor swift lyrics"", ""taylor rerecord"", ""taylor reissue"", ""taylor new version"", ""fearless rerecord"", ""fearless remaster"", ""fearless new version"", ""taylor swift fearless""]"
2026-06-25,vio0RidOMUM,Taylor Swift - Back To December (Live on Letterman),2010-12-08T04:19:32Z,PT5M3S,14263484,2624,147513,5445,10,none,public,processed,"[""Taylor"", ""Swift"", ""Back"", ""December"", ""(Live"", ""Letterman)"", ""Country"", ""Pop""]"
2026-06-25,425n1NoRtgA,Taylor Swift - The Other Side Of The Door (Taylor’s Version) (Lyric Video),2021-04-09T04:00:03Z,PT3M58S,4942004,2596,93704,2656,10,none,public,processed,"[""taylor swift"", ""taylor"", ""swift"", ""the other side of the door"", ""the other side of the door taylor swift"", ""taylor the other side of the door"", ""the other side of the door taylor’s version"", ""taylor’s version"", ""taylors version"", ""taylor swift new album"", ""taylor swift new music"", ""taylor swift lyrics"", ""fearless"", ""fearless taylor’s version"", ""fearless taylors version"", ""official taylor swift lyrics"", ""taylor rerecord"", ""taylor reissue"", ""taylor new version"", ""fearless rerecord""]"
2026-06-25,GWtfOHBF1_w,Taylor Swift - You Need To Calm Down (Lyric Video),2019-06-14T04:00:04Z,PT2M58S,35791271,2557,827762,50737,10,none,public,processed,"[""taylor swift"", ""you need to calm down"", ""calm down taylor swift"", ""you need to calm down taylor swift"", ""taylor swift songs"", ""lover"", ""lover album"", ""taylor you need to calm down"", ""you need to calm down lyrics"", ""swifties"", ""taylor lyrics"", ""taylor swift lyrics"", ""lyrics taylor swift"", ""lover taylor swift""]"
2026-06-25,egxyRSb_XtI,Taylor Swift - Carolina (From The Motion Picture “Where The Crawdads Sing” / Lyric Video),2022-06-24T04:00:18Z,PT2M54S,7864066,2455,304435,10741,10,none,public,processed,"[""taylor swift"", ""taylor"", ""swift"", ""carolina"", ""taylor swift song"", ""taylor swift new song"", ""taylor swift music"", ""new taylor swift music"", ""taylor swift crawdads"", ""where the crawdads sing"", ""taylor swift original song crawdads"", ""crawdads movie""]"
2026-06-25,Vgt1d3eAm7A,Taylor Swift - Cornelia Street (Live From Paris),2020-06-22T10:00:21Z,PT5M2S,14674381,2426,291438,11242,10,none,public,processed,"[""Taylor"", ""Swift"", ""Cornelia"", ""Street"", ""(Live"", ""From"", ""Paris)"", ""Pop""]"
2026-06-25,hMPK2vNXr-E,Electric Touch (Taylor’s Version) (From The Vault) (Lyric Video),2023-07-07T04:00:31Z,PT4M31S,5534967,2352,107947,3051,10,none,public,processed,"[""taylor swift"", ""taylor"", ""swift"", ""speak now taylors version"", ""taylor’s version"", ""speak now TV"", ""speak now taylor’s version"", ""speak now from the vault"", ""speak now vault songs"", ""speak now recrecording"", ""new taylor swift"", ""taylor swift album"", ""taylor swift speak now"", ""taylor speak now""]"
2026-06-25,-c9Cg0l__fo,There truly was magic in the *eras*✨ watch starting TOMORROW on @d@disneyplust 12am PT / 3am ET,2025-12-11T15:35:30Z,PT31S,1392048,2317,65542,2903,10,none,public,processed,[]
2026-06-25,iY6Qhlua8Zw,Taylor Swift - The Manuscript (Official Lyric Video),2024-04-20T00:00:26Z,PT3M49S,3122260,2313,46243,1267,10,none,public,processed,"[""taylor swift the manuscript"", ""the manuscript taylor swift"", ""taylor swift"", ""taylor"", ""swift"", ""taylor swift ttpd"", ""tortured poets department"", ""new taylor swift"", ""taylor swift album"", ""ts ttpd"", ""ttpd anthology"", ""taylor swift tortured poets department"", ""taylor swift lyrics"", ""the tortured poets department""]"
2026-06-25,xSWVPqnKcXQ,Taylor Swift - Today Was A Fairytale (Taylor's Version) (Lyric Video),2021-04-09T04:00:30Z,PT4M3S,4617993,2309,117501,3848,10,none,public,processed,"[""taylor swift"", ""taylor"", ""swift"", ""today was fairytale"", ""today was fairytale taylor swift"", ""taylor today was fairytale"", ""today was fairytale taylor’s version"", ""taylor’s version"", ""taylors version"", ""taylor swift new album"", ""taylor swift new music"", ""taylor swift lyrics"", ""fearless"", ""fearless taylor’s version"", ""fearless taylors version"", ""official taylor swift lyrics"", ""taylor reissue"", ""taylor new version"", ""fearless rerecord"", ""fearless remaster"", ""new""]"
2026-06-25,HZIg5sQrPAM,Taylor Swift - Fortnight (feat. Post Malone) (Acoustic),2024-07-09T04:00:14Z,PT3M49S,2693999,2274,88320,5059,10,none,public,processed,"[""taylor swift"", ""post malone"", ""taylor swift acoustic"", ""taylor swift ttpd"", ""ttpd acoustic""]"
2026-06-25,B1jYllE0T-k,Taylor Swift - Change,2009-06-16T21:53:38Z,PT4M33S,52332268,2267,200306,16761,10,none,public,processed,"[""Taylor"", ""Swift"", ""Big"", ""Machine"", ""Records"", ""LLC"", ""Country""]"
2026-06-25,jOD86iMAEY0,Taylor Swift - I Can See You (Taylor’s Version) (From The Vault) (Lyric Video),2023-07-07T04:00:21Z,PT4M37S,6011946,2245,119398,3784,10,none,public,processed,"[""taylor swift"", ""taylor"", ""swift"", ""speak now taylors version"", ""taylor’s version"", ""speak now TV"", ""speak now taylor’s version"", ""speak now from the vault"", ""speak now vault songs"", ""speak now recrecording"", ""new taylor swift"", ""taylor swift album"", ""taylor swift speak now"", ""taylor speak now""]"
2026-06-25,u1D1AgDfreg,Taylor Swift - Treacherous (Taylor's Version) (Lyric Video),2021-11-12T05:00:22Z,PT4M1S,6717654,2242,136916,2833,10,none,public,processed,"[""aylor swift"", ""taylor"", ""swift"", ""treacherous"", ""treacherous taylor swift"", ""taylor swift treacherous"", ""treacherous official video"", ""treacherous music video"", ""treacherous red"", ""red"", ""taylor swift red"", ""treacherous lyrics"", ""taylor swift treacherous lyrics"", ""taylor treacherous"", ""treacherous taylor"", ""red taylor swift"", ""taylor swift new album"", ""taylor swift new music"", ""red deluxe"", ""deluxe red"", ""taylor swift deluxe"", ""taylor deluxe"", ""deluxe taylor swift""]"
2026-06-25,lPvcwgEuKTg,Taylor Swift - Starlight (Taylor's Version) (Lyric Video),2021-11-12T05:00:30Z,PT3M44S,4871767,2179,124889,2794,10,none,public,processed,"[""taylor swift"", ""taylor"", ""swift"", ""starlight"", ""starlight taylor swift"", ""taylor swift starlight"", ""starlight official video"", ""starlight music video"", ""starlight red"", ""red"", ""taylor swift red"", ""starlight lyrics"", ""taylor swift starlight lyrics"", ""taylor starlight"", ""starlight taylor"", ""red taylor swift"", ""taylor swift new album"", ""taylor swift new music"", ""red deluxe"", ""deluxe red"", ""taylor swift deluxe"", ""taylor deluxe"", ""deluxe taylor swift""]"
2026-06-25,0hYY86DmqPY,Taylor Swift - Cassandra (Official Lyric Video),2024-04-20T00:00:00Z,PT4M6S,3847362,2131,53361,2074,10,none,public,processed,"[""Cassandra"", ""taylor swift cassandra"", ""taylor swift"", ""taylor"", ""swift"", ""taylor swift ttpd"", ""tortured poets department"", ""new taylor swift"", ""taylor swift album"", ""ts ttpd"", ""ttpd anthology"", ""taylor swift tortured poets department""]"
2026-06-25,IYqgVYjN3Go,Taylor Swift - When Emma Falls in Love (Taylor’s Version) (Lyric Video),2023-07-07T04:00:15Z,PT4M17S,5055532,2116,99129,3133,10,none,public,processed,"[""taylor swift"", ""taylor"", ""swift"", ""speak now taylors version"", ""taylor’s version"", ""speak now TV"", ""speak now taylor’s version"", ""speak now from the vault"", ""speak now vault songs"", ""speak now recrecording"", ""new taylor swift"", ""taylor swift album"", ""taylor swift speak now"", ""taylor speak now""]"
2026-06-25,vO6JqQpJboY,Taylor Swift - Innocent (Taylor's Version) (Lyric Video),2023-07-07T04:00:35Z,PT5M5S,4728181,2105,93651,2706,10,none,public,processed,"[""Taylor"", ""Swift"", ""Innocent"", ""(Taylor's"", ""Version)"", ""(Lyric"", ""Video)"", ""Re-record"", ""Country""]"
2026-06-25,JSD4XCBWzvs,Taylor Swift - Daylight (Live From Paris),2020-05-18T02:00:03Z,PT4M24S,3103001,2080,72025,2283,10,none,public,processed,"[""Taylor"", ""Swift"", ""Daylight"", ""(Live"", ""From"", ""Paris"", ""Audio)"", ""Pop""]"
2026-06-25,kjD3LoXp-Pw,"Taylor Swift - ""False God"" (Live on Saturday Night Live / 2019)",2019-10-07T20:54:40Z,PT4M3S,6537220,2058,218352,5446,10,none,public,processed,"[""Taylor Swift"", ""Taylor Swift Live"", ""Taylor Swift SNL"", ""False God SNL""]"
2026-06-25,vZJXqv48lIc,Taylor Swift - Opalite (BUNT. Remix) (Visualizer),2026-02-23T19:30:18Z,PT3M35S,752350,2017,31689,1845,10,none,public,processed,"[""Taylor swift"", ""taylor"", ""swift"", ""taylor swift TLOAS"", ""TS12"", ""Showgirl"", ""The Life of a Showgirl"", ""new taylor swift"", ""taylor swift album""]"
2026-06-25,wNYl89BsIyg,Taylor Swift - Opalite (Ely Oaks Remix) (Visualizer),2026-02-23T19:30:06Z,PT3M30S,203971,1947,8565,664,10,none,public,processed,"[""Taylor swift"", ""taylor"", ""swift"", ""taylor swift TLOAS"", ""TS12"", ""Showgirl"", ""The Life of a Showgirl"", ""new taylor swift"", ""taylor swift album""]"
2026-06-25,AlTfYj7q5gQ,Taylor Swift - I'm Only Me When I'm With You,2009-06-16T21:44:50Z,PT3M39S,42494070,1928,191699,10771,10,none,public,processed,"[""Taylor"", ""Swift"", ""Big"", ""Machine"", ""Country""]"
2026-06-25,HzsQHfBA3MY,Taylor Swift - Fortnight (feat Post Malone) (Official Lyric Video),2024-04-20T00:00:07Z,PT3M54S,4094261,1852,49087,1008,10,none,public,processed,[]
2026-06-25,3Q94kA7llGw,Taylor Swift - Carolina (From The Motion Picture “Where The Crawdads Sing” / Audio),2022-06-24T04:00:01Z,PT4M29S,4591040,1839,148765,5948,10,none,public,processed,"[""taylor swift"", ""carolina"", ""taylor swift new song"", ""taylor swift music"", ""new taylor swift music"", ""taylor swift crawdads"", ""where the crawdads sing"", ""taylor swift original song crawdads"", ""crawdads movie"", ""taylor swift carolina"", ""carolina taylor swift""]"
2026-06-25,OhJ-S9Nrh7Q,Taylor Swift - Stay Stay Stay (Taylor's Version) (Lyric Video),2021-11-12T05:00:19Z,PT3M28S,6519100,1829,133367,3536,10,none,public,processed,"[""taylor swift"", ""taylor"", ""swift"", ""stay stay stay"", ""stay stay stay taylor swift"", ""taylor swift stay stay stay"", ""stay stay stay official video"", ""stay stay stay music video"", ""stay stay stay red"", ""red"", ""taylor swift red"", ""stay stay stay lyrics"", ""taylor swift stay stay stay lyrics"", ""taylor stay stay stay"", ""stay stay stay taylor"", ""red taylor swift"", ""taylor swift new album"", ""taylor swift new music"", ""red deluxe"", ""deluxe red"", ""taylor swift deluxe"", ""taylor deluxe"", ""deluxe""]"
2026-06-25,jQfB4Gahi3I,Taylor Swift - Sad Beautiful Tragic (Taylor's Version) (Lyric Video),2021-11-12T05:00:14Z,PT4M46S,5339526,1820,108003,2241,10,none,public,processed,"[""taylor swift"", ""taylor"", ""swift"", ""sad beautiful tragic"", ""sad beautiful tragic taylor swift"", ""taylor swift sad beautiful tragic"", ""sad beautiful tragic official video"", ""sad beautiful tragic music video"", ""sad beautiful tragic red"", ""red"", ""taylor swift red"", ""sad beautiful tragic lyrics"", ""taylor swift sad beautiful tragic lyrics"", ""taylor sad beautiful tragic"", ""sad beautiful tragic taylor"", ""red taylor swift"", ""taylor swift new album"", ""taylor swift new music"", ""red deluxe""]"
2026-06-25,tMoW5G5LU08,Taylor Swift - Soon You’ll Get Better (Official Audio) ft. The Chicks,2019-08-23T04:00:05Z,PT3M23S,10766672,1786,172347,6766,10,none,public,processed,"[""Taylor"", ""Swift"", ""Soon"", ""You’ll"", ""Get"", ""Better"", ""(Visualizer)"", ""Pop""]"
2026-06-25,eaP1VswBF28,Taylor Swift - It’s Nice To Have A Friend (Official Audio),2019-08-23T04:00:06Z,PT2M32S,8452889,1773,143455,6068,10,none,public,processed,"[""Taylor"", ""Swift"", ""It’s"", ""Nice"", ""Have"", ""Friend"", ""(Visualizer)"", ""Pop""]"
2026-06-25,TkAomsYFsJw,Taylor Swift - Forever Winter (Taylor's Version) (From The Vault) (Lyric Video),2021-11-12T05:00:10Z,PT4M27S,5276654,1745,118292,3037,10,none,public,processed,"[""taylor swift"", ""taylor"", ""swift"", ""forever winter"", ""forever winter taylor swift"", ""taylor swift forever winter"", ""forever winter official video"", ""forever winter music video"", ""forever winter red"", ""red"", ""taylor swift red"", ""forever winter lyrics"", ""taylor swift forever winter lyrics"", ""taylor forever winter bet you think about me taylor"", ""red taylor swift"", ""taylor swift new album"", ""taylor swift new music"", ""red deluxe"", ""deluxe red"", ""taylor swift deluxe"", ""taylor deluxe""]"
2026-06-25,Y2a73EvnZ4s,Taylor Swift - Glitch (Official Lyric Video),2022-10-22T00:00:16Z,PT2M32S,5476278,1715,77175,1335,10,none,public,processed,"[""taylor swift"", ""taylor"", ""swift"", ""midnights"", ""taylor swift new music"", ""taylor swift midnights"", ""taylor swift album"", ""taylor swift new album"", ""swifties"", ""taylors version"", ""taylor swift lyrics"", ""official taylor swift video"", ""taylor swift challenge"", ""anti hero challenge"", ""taylor swift tiktok"", ""taylor swift deluxe"", ""glitch""]"
2026-06-25,xB-RZqcoIgo,Taylor Swift - Cruel Summer (Live from Taylor Swift | The Eras Tour),2023-10-19T00:30:25Z,PT3M55S,5263445,1699,237179,12050,10,none,public,processed,"[""cruel summer lyrics"", ""cruel summer taylor swift"", ""taylor swift cruel summer""]"
2026-06-25,4LtQxA_ooLk,Taylor Swift - The Lucky One (Taylor's Version) (Lyric Video),2021-11-12T05:00:03Z,PT3M57S,4941020,1693,141356,4711,10,none,public,processed,"[""taylor swift"", ""taylor"", ""swift"", ""the lucky one"", ""the lucky one taylor swift"", ""taylor swift the lucky one"", ""the lucky one official video"", ""the lucky one music video"", ""the lucky one red"", ""red"", ""taylor swift red"", ""the lucky one lyrics"", ""taylor swift the lucky one lyrics"", ""taylor the lucky one"", ""the lucky one taylor"", ""red taylor swift"", ""taylor swift new album"", ""taylor swift new music"", ""red deluxe"", ""deluxe red"", ""taylor swift deluxe"", ""taylor deluxe"", ""deluxe taylor swift""]"
2026-06-25,S4PuN-IWi2g,Taylor Swift - Holy Ground (Taylor's Version) (Lyric Video),2021-11-12T05:00:09Z,PT3M27S,4790811,1659,96004,2235,10,none,public,processed,"[""taylor swift"", ""taylor"", ""swift"", ""holy ground"", ""holy ground taylor swift"", ""taylor swift holy ground"", ""holy ground official video"", ""holy ground music video"", ""holy ground red"", ""red"", ""taylor swift red"", ""holy ground lyrics"", ""taylor swift holy ground lyrics"", ""taylor holy ground"", ""holy ground taylor"", ""red taylor swift"", ""taylor swift new album"", ""taylor swift new music"", ""red deluxe"", ""deluxe red"", ""taylor swift deluxe"", ""taylor deluxe"", ""deluxe taylor swift""]"
2026-06-25,cvUAzpn48xA,Taylor Swift - Lover (Official Lyric Video),2019-08-16T04:00:05Z,PT3M50S,53963558,1652,909353,42162,10,none,public,processed,"[""TaylorSwift"", ""TaylorSwiftLover"", ""LoverLyricVideo"", ""taylor swift"", ""taylor"", ""swift"", ""lover"", ""lover taylor swift"", ""taylor swift lover"", ""taylor lyrics"", ""taylor swift lyrics"", ""taylor swift songs"", ""lyrics taylor swift"", ""love story taylor swift"", ""swifties"", ""you need to calm down"", ""Taylor swift calm down"", ""lyric video""]"
2026-06-25,ZeiAo9SeDE8,Taylor Swift - Opalite (Chris Lake Remix) (Visualizer),2026-02-23T19:30:22Z,PT3M53S,534763,1621,14255,979,10,none,public,processed,"[""Taylor swift"", ""taylor"", ""swift"", ""taylor swift TLOAS"", ""TS12"", ""Showgirl"", ""The Life of a Showgirl"", ""new taylor swift"", ""taylor swift album""]"
2026-06-25,LmXn6BU16e0,Taylor Swift - The Moment I Knew (Taylor's Version) (Lyric Video),2021-11-12T05:00:08Z,PT4M44S,6052670,1619,115056,2712,10,none,public,processed,"[""taylor swift"", ""taylor"", ""swift"", ""the moment knew"", ""the moment knew taylor swift"", ""taylor swift the moment knew"", ""the moment knew official video"", ""the moment knew music video"", ""the moment knew red"", ""red"", ""taylor swift red"", ""the moment knew lyrics"", ""taylor swift the moment knew lyrics"", ""taylor the moment knew"", ""the moment knew taylor"", ""red taylor swift"", ""taylor swift new album"", ""taylor swift new music"", ""red deluxe"", ""deluxe red""]"
2026-06-25,9BTFD_gX6qQ,She’s got 4️⃣ days left to rehearse for her big moment… 😂,2025-09-29T13:14:31Z,PT31S,3665740,1609,161053,3020,10,none,public,processed,[]
2026-06-25,FQyEZZPbOb0,Taylor Swift - Robin (Official Lyric Video),2024-04-20T00:00:12Z,PT4M6S,2362295,1588,35898,1288,10,none,public,processed,"[""robin taylor swift"", ""taylor swift robin"", ""taylor swift"", ""taylor"", ""swift"", ""taylor swift ttpd"", ""tortured poets department"", ""new taylor swift"", ""taylor swift album"", ""ts ttpd"", ""ttpd anthology"", ""taylor swift tortured poets department"", ""taylor swift lyrics""]"
2026-06-25,Fn0er7H1Dm0,Taylor Swift - Superman (Taylor’s Version) (Lyric Video),2023-07-07T04:00:13Z,PT4M39S,2750245,1548,57427,1674,10,none,public,processed,"[""taylor swift"", ""taylor"", ""swift"", ""speak now taylors version"", ""taylor’s version"", ""speak now TV"", ""speak now taylor’s version"", ""speak now from the vault"", ""speak now vault songs"", ""speak now recrecording"", ""new taylor swift"", ""taylor swift album"", ""taylor swift speak now"", ""taylor speak now""]"
2026-06-25,l4_6eQm7RTQ,Taylor Swift - The Best Day,2009-06-16T21:55:48Z,PT4M36S,26366869,1530,242539,13025,10,none,public,processed,"[""Taylor"", ""Swift"", ""The"", ""Best"", ""Day"", ""Big"", ""Machine"", ""Records"", ""LLC"", ""Country""]"
2026-06-25,2obMo7y-rvA,Taylor Swift - Acoustic Performances from RED Album,2012-12-17T17:18:21Z,PT15M27S,11118136,1501,216023,11188,24,none,public,processed,"[""Taylor"", ""swift"", ""acoustic"", ""live"", ""performance"", ""red"", ""treacherous"", ""22""]"
2026-06-25,UNckfN9upqo,Taylor Swift - Girl At Home (Taylor's Version) (Lyric Video),2021-11-12T05:00:10Z,PT3M42S,3953682,1465,95500,2799,10,none,public,processed,"[""taylor swift"", ""taylor"", ""swift"", ""girl at home"", ""girl at home taylor swift"", ""taylor swift girl at home"", ""girl at home official video"", ""girl at home music video"", ""girl at home red"", ""red"", ""taylor swift red"", ""girl at home lyrics"", ""taylor swift girl at home lyrics"", ""taylor girl at home"", ""girl at home taylor"", ""red taylor swift"", ""taylor swift new album"", ""taylor swift new music"", ""red deluxe"", ""deluxe red"", ""taylor swift deluxe"", ""taylor deluxe"", ""deluxe taylor swift""]"
2026-06-25,rqsmrSyLTNM,Taylor Swift - Death By A Thousand Cuts (Live From Paris),2020-05-18T02:00:11Z,PT3M21S,4544848,1455,89569,2631,10,none,public,processed,"[""Taylor"", ""Swift"", ""Death"", ""Thousand"", ""Cuts"", ""(Live"", ""From"", ""Paris"", ""Audio)"", ""Pop""]"
2026-06-25,AIFnKqIeEdY,Taylor Swift - closure (Official Lyric Video),2020-12-11T05:00:01Z,PT3M3S,5726075,1386,140393,4717,10,none,public,processed,"[""taylor swift"", ""swift"", ""taylor"", ""closure"", ""taylor swift closure"", ""closure taylor swift"", ""closure video"", ""willow lyrics"", ""taylor swift lyrics"", ""evermore"", ""taylor swift evermore"", ""evermore taylor swift"", ""evermore album"", ""taylor swift album"", ""ever more"", ""taylor swift evermore album"", ""taylor swift new music"", ""evermore lyrics"", ""ever more lyrics"", ""evermore album lyrics"", ""ever more album lyrics""]"
2026-06-25,S--WI8PUVVo,Taylor Swift - ME! (feat. Brendon Urie of Panic! At The Disco) (Lyric Video) ft. Brendon Urie,2019-05-01T20:25:01Z,PT3M15S,11045350,1380,255134,7450,10,none,public,processed,"[""Taylor"", ""Swift"", ""ME!"", ""(feat."", ""Brendon"", ""Urie"", ""Panic!"", ""The"", ""Disco)"", ""(Lyric"", ""Video)"", ""Productions"", ""Inc."", ""All"", ""rights"", ""Reserved."", ""Alternative""]"
2026-06-25,aOa6D6ku3dM,That’s When (Taylor’s Version) (From The Vault) (Lyric Video),2021-04-09T04:00:00Z,PT3M12S,5144085,1371,127129,5006,10,none,public,processed,"[""taylor swift"", ""taylor"", ""swift"", ""that’s when"", ""that’s when taylor swift"", ""taylor that’s when"", ""that’s when taylor’s version"", ""taylor’s version"", ""taylors version"", ""taylor swift new album"", ""taylor swift new music"", ""taylor swift lyrics"", ""fearless"", ""fearless taylor’s version"", ""fearless taylors version"", ""official taylor swift lyrics"", ""taylor rerecord"", ""taylor reissue"", ""taylor new version"", ""fearless rerecord"", ""fearless remaster"", ""fearless new version""]"
2026-06-25,yJTfs8YS2w0,13 days til we return Speak Now to its mother 😝,2023-06-24T15:56:37Z,PT7S,12986612,1353,547085,12681,10,none,public,processed,[]
2026-06-25,4wUPASp2hfY,Taylor Swift - Speak Now (Live on Letterman),2010-12-08T04:41:04Z,PT4M1S,18491032,1329,138326,7281,10,none,public,processed,"[""Taylor"", ""Swift"", ""speak now"", ""taylor speak now"", ""taylor swift speak now"", ""speak now taylor"", ""speak now on letterman"", ""taylor swift letterman"", ""speak now letterman""]"
2026-06-25,RQuY8kERaU0,Taylor Swift - Mean (Live from New York City),2012-11-06T00:00:25Z,PT4M13S,6289098,1303,70005,2681,10,none,public,processed,"[""Taylor"", ""Swift"", ""Mean"", ""(Live"", ""Letterman)"", ""Big"", ""Machine"", ""Records"", ""LLC"", ""Pop"", ""Country""]"
2026-06-25,kdiBc40gW7s,Taylor Swift - Ronan (Taylor's Version) (Lyric Video),2021-11-12T05:00:15Z,PT4M41S,4364374,1292,193512,6343,10,none,public,processed,"[""taylor swift"", ""taylor"", ""swift"", ""ronan"", ""ronan acoustic taylor swift"", ""taylor swift ronan acoustic"", ""ronan acoustic official video"", ""ronan acoustic music video"", ""ronan acoustic red"", ""red"", ""taylor swift red"", ""ronan acoustic lyrics"", ""taylor swift ronan lyrics"", ""taylor ronan acoustic"", ""ronan acoustic taylor"", ""red taylor swift"", ""taylor swift new album"", ""taylor swift new music"", ""red deluxe"", ""deluxe red"", ""taylor swift deluxe"", ""taylor deluxe"", ""deluxe taylor swift""]"
2026-06-25,jwWR1cQTKyw,Taylor Swift - Change (Taylor's Version) (Lyric Video),2021-04-09T04:00:28Z,PT4M39S,4078301,1278,93857,3409,10,none,public,processed,"[""taylor swift"", ""taylor"", ""swift"", ""change"", ""change taylor swift"", ""taylor change"", ""change taylor’s version"", ""taylor’s version"", ""taylors version"", ""taylor swift new album"", ""taylor swift new music"", ""taylor swift lyrics"", ""fearless"", ""fearless taylor’s version"", ""fearless taylors version"", ""official taylor swift lyrics"", ""taylor rerecord"", ""taylor reissue"", ""taylor new version"", ""fearless rerecord"", ""fearless remaster"", ""fearless new version"", ""taylor swift fearless""]"
2026-06-25,flv8AEWrRMI,Taylor Swift - Run (Taylor's Version) (From The Vault) (Lyric Video) ft. Ed Sheeran,2021-11-12T05:00:22Z,PT4M1S,9072153,1246,244073,4296,10,none,public,processed,"[""taylor swift"", ""taylor"", ""swift"", ""run"", ""run taylor swift"", ""taylor swift run"", ""run official video"", ""run music video"", ""run red"", ""red"", ""taylor swift red"", ""run lyrics"", ""taylor swift run lyrics"", ""taylor run"", ""red taylor swift"", ""taylor swift new album"", ""taylor swift new music"", ""red deluxe"", ""deluxe red"", ""taylor swift deluxe"", ""taylor deluxe"", ""deluxe taylor swift"", ""ed sheeran"", ""テイラー・スウィフト"", ""테일러 스위프트"", ""泰勒絲"", ""泰勒斯威夫特"", ""한글자막"", ""日本語字幕"", ""subtítulos en español"", ""Phụ đề tiếng Việt"", ""में""]"
2026-06-25,cwFbq-70EwE,Taylor Swift - Tell Me Why (Taylor's Version) (Lyric Video),2021-04-09T04:00:25Z,PT3M22S,4278352,1204,93129,2391,10,none,public,processed,"[""taylor swift"", ""taylor"", ""swift"", ""tell me why"", ""taylor tell me why"", ""tell me why taylor’s version"", ""taylor’s version"", ""taylors version"", ""taylor swift new album"", ""taylor swift new music"", ""taylor swift lyrics"", ""fearless"", ""fearless taylor’s version"", ""fearless taylors version"", ""official taylor swift lyrics"", ""taylor rerecord"", ""taylor reissue"", ""taylor new version"", ""fearless rerecord"", ""fearless remaster"", ""fearless new version"", ""taylor swift fearless"", ""taylor swift rerecord""]"
2026-06-25,zudLJdajX5Y,Taylor Swift - You Belong With Me (Live on Letterman),2010-12-08T04:43:15Z,PT3M53S,7243454,1163,64197,2882,10,none,public,processed,"[""Taylor"", ""Swift"", ""You"", ""Belong"", ""With"", ""(Live"", ""Letterman)"", ""Country"", ""Pop""]"
2026-06-25,AcGbuveDwTg,Taylor Swift - Viva La Vida,2011-08-24T11:29:30Z,PT3M46S,7580007,1101,175852,6643,10,none,public,processed,"[""Taylor"", ""Swift"", ""Viva"", ""Vida"", ""Universal"", ""Music"", ""Pop"", ""Taylor Swift"", ""Fearless"", ""Speak Now"", ""Coldplay"", ""Chris Martin"", ""Guy Berryman"", ""Death and All His Friends"", ""Mylo Xyloto""]"
2026-06-25,mN3rDTAdM2o,Taylor Swift - Christmas Tree Farm,2019-12-06T05:00:10Z,PT3M45S,24357790,1080,710723,27928,10,none,public,processed,"[""Taylor"", ""Swift"", ""Christmas"", ""Tree"", ""Farm"", ""Pop""]"
2026-06-25,U1IqinpmpQE,"🫣 Join my #TSAntiHeroChallenge and share your anti-heroic traits, brought to you by YouTube Shorts.",2022-10-21T12:10:21Z,PT16S,127521163,1078,4939708,23930,10,none,public,processed,[]
2026-06-25,dHdAN4FXzmc,Taylor Swift - Don’t You (Taylor’s Version) (From The Vault) (Lyric Video),2021-04-09T04:00:09Z,PT3M32S,3599957,1078,100473,3597,10,none,public,processed,"[""taylor swift"", ""taylor"", ""swift"", ""don’t you"", ""taylor don’t you"", ""don’t you taylor’s version"", ""taylor’s version"", ""taylors version"", ""taylor swift new album"", ""taylor swift new music"", ""taylor swift lyrics"", ""fearless"", ""fearless taylor’s version"", ""fearless taylors version"", ""official taylor swift lyrics"", ""taylor rerecord"", ""taylor reissue"", ""taylor new version"", ""fearless rerecord"", ""fearless remaster"", ""fearless new version"", ""taylor swift fearless"", ""taylor swift rerecord""]"
2026-06-25,ijjGqwdXa1c,"It’s me, Benjamin 🐱 joining the #TSAntiHeroChallenge brought to you by YouTube Shorts",2022-11-11T17:04:21Z,PT16S,53271982,1052,2869900,15459,10,none,public,processed,[]
2026-06-25,BktS1hkMx_k,Taylor Swift - We Are Never Ever Getting Back Together (Live from New York City),2012-11-06T00:00:26Z,PT3M25S,13766122,1028,110240,5093,10,none,public,processed,"[""Taylor"", ""Swift"", ""Are"", ""Never"", ""Ever"", ""Getting"", ""Back"", ""Together"", ""(Live"", ""Letterman)"", ""Big"", ""Machine"", ""Records"", ""LLC"", ""Pop"", ""Country""]"
2026-06-25,KJXP13hqf2I,Taylor Swift - Fortnight (feat Post Malone) (BLOND:ISH Remix),2024-05-22T00:00:43Z,PT3M42S,3061429,1024,75298,6457,10,none,public,processed,[]
2026-06-25,VCTze4UuC9g,✨ NOW PLAYING ✨ The “I Can Do It With A Broken Heart” Music Video 🤍,2024-08-20T22:15:57Z,PT38S,4999767,996,304873,6947,10,none,public,processed,[]
2026-06-25,v9bxXO9fj98,Should've Said No,2008-06-26T15:47:41Z,PT4M22S,8145637,988,128984,10419,10,none,public,processed,"[""Taylor"", ""Swift"", ""Should've"", ""Said"", ""No""]"
2026-06-25,IsCik8wznlU,Taylor Swift - Superstar (Taylor's Version) (Lyric Video),2021-04-09T04:00:05Z,PT4M24S,2591326,982,71208,3066,10,none,public,processed,"[""taylor swift"", ""taylor"", ""swift"", ""superstar"", ""superstar taylor swift"", ""taylor superstar"", ""superstar taylor’s version"", ""taylor’s version"", ""taylors version"", ""taylor swift new album"", ""taylor swift new music"", ""taylor swift lyrics"", ""fearless"", ""fearless taylor’s version"", ""fearless taylors version"", ""official taylor swift lyrics"", ""taylor rerecord"", ""taylor reissue"", ""taylor new version"", ""fearless rerecord"", ""fearless remaster"", ""fearless new version"", ""taylor swift fearless""]"
2026-06-25,XKaMUm7YwZc,Taylor Swift ft. Maren Morris - You All Over Me (From The Vault) (Official Lyric Video),2021-03-26T04:00:06Z,PT3M43S,9997708,978,352274,21896,10,none,public,processed,"[""taylor swift"", ""taylor"", ""swift"", ""you all over me"", ""maren morris"", ""you all over me maren morris"", ""maren morris you all over me"", ""taylor swift maren morris"", ""taylor’s version"", ""taylors version"", ""taylor swift new album"", ""taylor swift new music"", ""taylor swift lyrics"", ""fearless"", ""fearless taylor’s version"", ""fearless taylors version"", ""official taylor swift lyrics"", ""taylor reissue"", ""taylor new version"", ""fearless rerecord"", ""fearless remaster"", ""fearless new version"", ""taylor swift fearless""]"
2026-06-25,tvnGBYMe9gM,Taylor Swift - You Belong With Me (Live from New York City),2012-11-06T00:00:26Z,PT3M54S,9017471,973,94639,3435,10,none,public,processed,"[""Taylor"", ""Swift"", ""You"", ""Belong"", ""With"", ""(Live"", ""Letterman)"", ""Big"", ""Machine"", ""Records"", ""LLC"", ""Pop"", ""Country""]"
2026-06-25,RcGowZ26sE0,Taylor Swift - Forever & Always (Piano Version) (Taylor's Version) (Lyric Video),2021-04-09T04:00:14Z,PT4M32S,3209136,967,85523,2686,10,none,public,processed,"[""taylor swift"", ""taylor"", ""swift"", ""forever and always"", ""forever and always piano"", ""forever and always taylor swift"", ""taylor forever and always piano"", ""forever and always piano taylor’s version"", ""taylor’s version"", ""taylors version"", ""taylor swift new album"", ""taylor swift new music"", ""taylor swift lyrics"", ""fearless"", ""fearless taylor’s version"", ""fearless taylors version"", ""official taylor swift lyrics"", ""taylor rerecord"", ""taylor reissue"", ""taylor new version"", ""new""]"
2026-06-25,pHoHDNxay3A,Taylor Swift - The Man (Official Audio),2019-08-23T04:00:11Z,PT3M12S,24410640,959,250416,7308,10,none,public,processed,"[""Taylor"", ""Swift"", ""The"", ""Man"", ""(Visualizer)"", ""Pop""]"
2026-06-25,T1d9PiRAJNM,Taylor Swift - Anti-Hero (feat. Bleachers),2022-11-08T05:00:13Z,PT3M52S,2495451,951,123418,4087,10,none,public,processed,"[""taylor swift"", ""taylor"", ""swift"", ""antihero"", ""anti hero"", ""midnights"", ""taylor swift new music"", ""taylor swift midnights"", ""taylor swift album"", ""taylor swift new album"", ""swifties"", ""taylors version"", ""taylor swift lyrics"", ""official taylor swift video"", ""taylor swift challenge"", ""anti hero challenge""]"
2026-06-25,gQ0pP2z9niw,Taylor Swift - Red (Live from New York City),2012-11-06T00:00:26Z,PT3M48S,16198317,950,141131,7330,10,none,public,processed,"[""Taylor"", ""Swift"", ""Red"", ""(Live"", ""Letterman)"", ""Big"", ""Machine"", ""Records"", ""LLC"", ""Pop"", ""Country""]"
2026-06-25,ePjcjLRHPOo,Taylor Swift - Come In With The Rain (Taylor's Version) (Lyric Video),2021-04-09T04:00:08Z,PT3M58S,2433065,940,68061,2597,10,none,public,processed,"[""taylor swift"", ""taylor"", ""swift"", ""come in with the rain"", ""come in with the rain taylor swift"", ""taylor come in with the rain"", ""come in with the rain taylor’s version"", ""taylors version"", ""taylor swift new album"", ""taylor swift new music"", ""taylor swift lyrics"", ""fearless"", ""fearless taylor’s version"", ""fearless taylors version"", ""official taylor swift lyrics"", ""taylor reissue"", ""taylor new version"", ""fearless rerecord"", ""fearless remaster"", ""fearless new version""]"
2026-06-25,cQ5tlnGg4wc,Taylor Swift - Begin Again (Live from New York City),2012-11-06T00:00:25Z,PT4M9S,4598478,932,61183,2851,10,none,public,processed,"[""Taylor"", ""Swift"", ""Begin"", ""Again"", ""(Live"", ""Letterman)"", ""Big"", ""Machine"", ""Records"", ""LLC"", ""Pop"", ""Country""]"
2026-06-25,KudedLV0tP0,TAYLOR SWIFT | THE ERAS TOUR Concert Film Official Trailer,2023-08-31T12:17:49Z,PT1M30S,15407006,908,435712,20189,10,none,public,processed,"[""the eras tour"", ""taylor swift"", ""eras tour"", ""taylor swift live"", ""the eras tour stream"", ""taylor swift concert"", ""taylor swift tour"", ""cruel summer""]"
2026-06-25,58zLBjzfd4M,The #TSSummer2025 collection. Available at store.taylorswift.com while supplies last! ☀️,2025-06-11T17:00:25Z,PT31S,1788768,907,78104,2464,10,none,public,processed,[]
2026-06-25,M0Ku_op-LXI,Taylor Swift - All Too Well: The Short Film (Behind The Scenes),2022-12-08T14:00:09Z,PT6M57S,8064536,905,434753,7506,10,none,public,processed,"[""taylor"", ""swift"", ""behind the scenes"", ""taylor swift bts"", ""all too well"", ""all too well video"", ""all too well the short film"", ""taylor swift short film"", ""short film"", ""taylor swift director"", ""dylan o’brien"", ""sadie sink"", ""taylor swift red"", ""taylor swift behind the scenes"", ""taylor swift sadie sink"", ""taylor swift dylan o’brien"", ""dylan obrien music video"", ""taylor swift music video"", ""taylor swift""]"
2026-06-25,uybMJ8cSWtA,Taylor Swift - Anti-Hero (Kungs Remix),2022-11-11T03:00:20Z,PT3M19S,1830266,867,30974,1028,10,none,public,processed,"[""anti-hero"", ""taylor swift"", ""taylor swift anti-hero"", ""kungs"", ""antihero remix"", ""anti hero remix"", ""kungs remix"", ""anti-hero kungs""]"
2026-06-25,w_DD-7_zVtw,"And, baby, that’s show business for you. New album The Life of a Showgirl. Out October 3  ❤️‍🔥",2025-08-14T05:00:58Z,PT8S,2557873,861,127128,3136,10,none,public,processed,[]
2026-06-25,xcLIGAIkztc,Taylor Swift - Mine (Live on Letterman),2010-12-08T04:25:17Z,PT4M51S,5591326,853,51221,0,10,none,public,processed,"[""Taylor"", ""Swift"", ""Mine"", ""(Live"", ""on"", ""Letterman)"", ""SB"", ""Country"", ""Pop""]"
2026-06-25,zqaLqctWP28,The Life of a Showgirl: The Tiny Bubbles in Champagne Vinyl Collection ❤️‍🔥,2025-08-25T20:02:56Z,PT16S,1660150,835,72632,2434,10,none,public,processed,[]
2026-06-25,ZwlBxvnH-So,A fortnight since TTPD 🤍 brought to you by YouTube Shorts #ForAFortnightChallenge,2024-05-03T17:31:46Z,PT16S,32306976,835,1376791,16092,10,none,public,processed,[]
2026-06-25,okPrv0o_7GQ,Summer forecast: Cruel. 😎,2023-07-21T18:56:15Z,PT26S,6087732,822,343830,7104,10,none,public,processed,[]
2026-06-25,y8tF0yRl8-w,taylor swift - the lakes (original version) [audio],2021-07-24T13:00:32Z,PT3M48S,4026730,784,212301,13555,10,none,public,processed,"[""taylor swift"", ""taylor"", ""swift"", ""folklore"", ""the lakes"", ""the lakes original version"", ""taylor swift the lakes"", ""taylor swift the lakes original version"", ""taylor the lakes original version"", ""the lakes original"", ""folklore taylor swift"", ""taylor folklore"", ""taylor’s version"", ""taylors version"", ""taylor swift new album"", ""taylor swift new music"", ""taylor swift lyrics"", ""folklore album"", ""fearless taylor’s version"", ""fearless taylors version"", ""official taylor swift lyrics""]"
2026-06-25,0Xh9s_3uRO8,The Life of a Showgirl: The Shiny Bug Vinyl Collection is available now on my site for 48 hours❤️‍🔥,2025-08-18T18:13:43Z,PT16S,1474111,774,64957,1650,10,none,public,processed,[]
2026-06-25,FeTHyZJvozc,Taylor Swift - Love Story (Elvira Remix) (Taylor’s Version) (Official Audio),2021-03-26T04:00:02Z,PT3M35S,3187375,765,157382,8563,10,none,public,processed,"[""taylor swift"", ""taylor"", ""swift"", ""love story"", ""elvira remix"", ""taylor swift elvira remix"", ""love story elvira remix"", ""taylor’s version"", ""taylor swift new album"", ""taylor swift new music"", ""taylor swift lyrics"", ""fearless"", ""fearless taylor’s version"", ""fearless taylors version"", ""official taylor swift lyrics"", ""taylor rerecord"", ""taylor reissue"", ""taylor new version"", ""fearless rerecord"", ""fearless remaster"", ""fearless new version"", ""taylor swift fearless"", ""taylor swift rerecord""]"
2026-06-25,YfPfgZjhH1w,Britain's Got Talent performance: Everything Has Changed,2013-06-12T16:20:01Z,PT6M11S,3010502,764,77485,3067,10,none,public,processed,[]
2026-06-25,yj1_GJiJovg,"October 15, 2024",2024-10-15T12:33:56Z,PT31S,2242645,752,187371,5898,10,none,public,processed,[]
2026-06-25,BLFnkfAc7iY,"The Life of a Showgirl: Baby, That’s Show Business Vinyl Collection is available now on my site❤️‍🔥",2025-08-21T18:04:53Z,PT16S,1379531,726,60340,1297,10,none,public,processed,[]
2026-06-25,GBb8vC0DeXY,Taylor Swift - Cruel Summer (LP Giobbi Remix),2023-10-19T00:30:06Z,PT3M19S,1205645,719,60135,3747,10,none,public,processed,"[""taylor swift - cruel summer lyrics"", ""cruel summer"", ""taylor swift cruel summer""]"
2026-06-25,K3jkKvnemws,Taylor Swift - Opalite (Skream Remix) (Visualizer),2026-02-23T19:30:13Z,PT3M59S,156332,717,7958,626,10,none,public,processed,"[""Taylor swift"", ""taylor"", ""swift"", ""taylor swift TLOAS"", ""TS12"", ""Showgirl"", ""The Life of a Showgirl"", ""new taylor swift"", ""taylor swift album""]"
2026-06-25,qAGef4MdPdE,Taylor Swift - willow - dancing witch version (Elvira remix),2020-12-15T03:12:53Z,PT3M6S,1969677,714,89489,4245,10,none,public,processed,"[""Taylor Swift"", ""Willow"", ""dancing witch"", ""evermore""]"
2026-06-25,KmT4Y8w1nho,Taylor Swift - Lover (First Dance Remix),2019-11-26T05:02:00Z,PT3M54S,4390607,709,171191,6744,10,none,public,processed,[]
2026-06-25,yJ_GML26Xk4,We’re the problem,2022-10-26T18:32:03Z,PT10S,3522386,695,252855,2265,10,none,public,processed,[]
2026-06-25,0GQ_QeZxdzo,Taylor Swift - Fortnight (feat. Post Malone) (Behind the Scenes),2024-06-21T13:00:00Z,PT3M40S,3808255,692,172163,7499,10,none,public,processed,[]
2026-06-25,gRo0ZtgB2io,All Too Well (Sad Girl Autumn Version) - Recorded at Long Pond Studios (Lyric Video),2021-11-18T20:43:53Z,PT10M1S,5716457,686,207758,5624,10,none,public,processed,"[""Taylor"", ""Swift"", ""All"", ""Too"", ""Well"", ""(Sad"", ""Girl"", ""Autumn"", ""Version)"", ""Recorded"", ""Long"", ""Pond"", ""Studios"", ""(Lyric"", ""Video)"", ""Pop""]"
2026-06-25,8hsVICl7d8k,Taylor Swift - Eyes Open (Lyric Version),2012-05-17T07:00:08Z,PT4M8S,18773569,684,174673,11253,10,none,public,processed,"[""Taylor"", ""Swift"", ""Eyes"", ""Open"", ""Big"", ""Machine"", ""Records"", ""LLC."", ""Country""]"
2026-06-25,ilkvTXfv2TY,accidentally going clubbing with your parents is something everyone should try at least once,2024-02-13T02:57:11Z,PT18S,4632848,681,320084,7189,10,none,public,processed,[]
2026-06-25,FTA4kzsTmxc,Taylor Swift and Jennifer Lopez: Jenny from the Block,2013-09-12T21:34:41Z,PT5M56S,13382708,673,119315,3695,10,none,public,processed,[]
2026-06-25,dmipFjOtMA8,"Taylor Swift - ""Lover"" (Live on Saturday Night Live / 2019)",2019-10-07T20:51:29Z,PT4M2S,4991088,664,177155,4687,10,none,public,processed,"[""Taylor Swift"", ""Taylor Swift Live"", ""Taylor Swift SNL"", ""Lover SNL""]"
2026-06-25,_zUCMfYkgj0,Taylor Swift - ME! (Live on The Voice / 2019) ft. Brendon Urie,2019-05-22T03:00:05Z,PT3M24S,13408212,663,417382,11981,10,none,public,processed,"[""Taylor Swift"", ""Brendon Urie"", ""ME live"", ""The Voice"", ""ME!"", ""Taylor""]"
2026-06-25,anqxTwGE_nQ,Taylor Swift - Lavender Haze (Acoustic Version),2023-03-31T04:00:01Z,PT3M,2187092,659,83914,3479,10,none,public,processed,"[""taylor swift midnights"", ""taylor swift"", ""midnights"", ""lavender haze"", ""lavender haze acoustic"", ""taylor swift acoustic"", ""taylor swift songs"", ""taylor swift single""]"
2026-06-25,yuFuwXd-B9E,Taylor Swift - Bye Bye Baby (Taylor’s Version) (From The Vault) (Lyric Video),2021-04-09T04:00:32Z,PT4M5S,3811824,659,118155,4628,10,none,public,processed,"[""taylor swift"", ""taylor"", ""swift"", ""bye bye baby"", ""bye bye baby taylor swift"", ""taylor bye bye baby"", ""bye bye baby taylor’s version"", ""taylor’s version"", ""taylors version"", ""taylor swift new album"", ""taylor swift new music"", ""taylor swift lyrics"", ""fearless"", ""fearless taylor’s version"", ""fearless taylors version"", ""official taylor swift lyrics"", ""taylor rerecord"", ""taylor reissue"", ""taylor new version"", ""fearless rerecord"", ""fearless remaster"", ""fearless new version""]"
2026-06-25,F0TUVujmtxY,A fortnight til Paris 🤍 Brought to you by YouTube Shorts #ForAFortnightChallenge,2024-04-25T21:58:39Z,PT16S,35958719,655,1924980,20310,10,none,public,processed,[]
2026-06-25,trIjpVH8h88,"Taylor Swift - Beautiful Ghosts (From The Motion Picture ""Cats"" / Lyric Video)",2019-11-15T05:00:10Z,PT4M22S,8163689,642,324630,14697,10,none,public,processed,"[""Taylor"", ""Swift"", ""Beautiful"", ""Ghosts"", ""(From"", ""The"", ""Motion"", ""Picture"", ""Cats"", ""Lyric"", ""Video)"", ""Polydor"", ""Records"", ""Soundtrack"", ""Andrew Lloyd Webber"", ""CATS"", ""Lyric Video"", ""Lover"", ""You Need to calm down"", ""Love Story"", ""Songs"", ""Shake it off"", ""London Boy"", ""Live Lounge"", ""Look what you made me do"", ""trailer"", ""movie"", ""soundtrack"", ""CATS soundtrack"", ""movie reaction"", ""behind the scenes 2019"", ""greatest showman"", ""west end"", ""musical"", ""cats musical"", ""cats film"", ""lyrics"", ""karaoke"", ""motion""]"
2026-06-25,MA0HQG9J9Yk,Taylor Swift - ME! (Live on The Graham Norton Show),2019-05-24T22:40:37Z,PT3M23S,6015088,641,167275,6790,10,none,public,processed,"[""Taylor Swift"", ""ME live"", ""ME!"", ""Taylor"", ""Brendon Urie"", ""The Graham Norton Show"", ""taylor swift me live"", ""taylor swift graham norton 2019"", ""graham Norton"", ""Taylor Swift ME!"", ""Taylor swift me"", ""brendon urie"", ""panic!"", ""panic! at the disco"", ""taylor swift brendon urie"", ""music video"", ""me music video"", ""me official video""]"
2026-06-25,TEpTNFHHjNg,Taylor Swift - Shake It Off Outtakes Video #1 - The Cheerleaders (Behind The Scenes Video),2014-09-12T04:01:00Z,PT3M52S,18670205,635,168735,3968,10,none,public,processed,"[""taylor swift"", ""Shake It Off"", ""shake it off Outtakes Video #1"", ""The Cheerleaders"", ""1989 album"", ""Behind The Scenes""]"
2026-06-25,i50QUXDeC80,Taylor Swift - cardigan (cabin in candlelight version / Visualizer),2020-07-30T04:00:12Z,PT3M48S,4731264,625,245877,2978,10,none,public,processed,"[""Taylor"", ""Swift"", ""cardigan"", ""(cabin"", ""candlelight"", ""version"", ""Visualizer)"", ""Alternative""]"
2026-06-25,AtDCWnV_Vzo,A fortnight making TTPD 🤍 Brought to you by YouTube Shorts #ForAFortnightChallenge,2024-04-22T20:30:56Z,PT16S,36386044,603,1903908,19621,10,none,public,processed,[]
2026-06-25,D3mJe28un4M,Taylor Swift - State Of Grace (Acoustic Version) (Taylor's Version) (Lyric Video),2021-11-12T05:00:04Z,PT5M20S,2295075,603,64943,1421,10,none,public,processed,"[""taylor swift"", ""taylor"", ""swift"", ""state of grace acoustic"", ""state of grace acoustic taylor swift"", ""taylor swift state of grace acoustic"", ""state of grace acoustic official video"", ""state of grace acoustic music video"", ""state of grace acoustic red"", ""red"", ""taylor swift red"", ""state of grace acoustic lyrics"", ""taylor swiftstate of grace acoustic lyrics"", ""taylor state of grace acoustic"", ""state of grace acoustic taylor"", ""red taylor swift"", ""taylor swift new album""]"
2026-06-25,9Wx2It8SbLs,"😺 Join my #TSAntiHeroChallenge and share your anti-heroic traits, brought to you by YouTube Shorts.",2022-10-21T12:10:06Z,PT16S,106541524,601,4605428,16270,10,none,public,processed,[]
2026-06-25,eocfbbyIUn8,Taylor Swift - Back To December,2012-09-07T23:42:41Z,PT5M11S,37857794,599,275869,8707,10,none,public,processed,"[""Taylor"", ""Swift"", ""Back"", ""December"", ""Universal"", ""Music"", ""Pop"", ""Christmas"", ""Christmas Music"", ""Christmas Songs"", ""Xmas"", ""Xmas Music"", ""Xmas Songs"", ""Top Christmas songs"", ""Christmas Classics"", ""Winter"", ""Santa"", ""Rudolph"", ""Holly"", ""Snow"", ""Noel"", ""Navidad"", ""Holiday Music"", ""Festive Christmas""]"
2026-06-25,F3aXpa1rQEY,Taylor Swift - The Man (Live From Paris),2020-02-18T05:00:02Z,PT3M44S,9065632,589,325989,9376,10,none,public,processed,"[""Taylor"", ""Swift"", ""The"", ""Man"", ""(Live"", ""From"", ""Paris"", ""2019)"", ""Pop""]"
2026-06-25,Hoi-PI8QpTU,Taylor Swift ft. Ice Spice - Karma (Official Visualizer),2023-05-26T04:00:09Z,PT3M22S,5407906,586,281586,13857,10,none,public,processed,"[""Taylor"", ""Swift"", ""Karma"", ""(Visualizer)"", ""Pop""]"
2026-06-25,mCWRjuhRRYg,Taylor Swift - Message In A Bottle (Fat Max G Remix) (Taylor’s Version) (Visualizer),2022-01-21T05:00:17Z,PT3M46S,4159276,569,164445,7726,10,none,public,processed,"[""taylor swift"", ""taylorswift"", ""taylor"", ""swift"", ""red taylor’s version"", ""red"", ""taylor’s version"", ""message in bottle"", ""message in bottle taylor swift"", ""taylor swift message in bottle"", ""message in bottle official video"", ""message in bottle music video"", ""message in bottle red"", ""taylor swift red"", ""taylor swift message in bottle taylor’s version"", ""message in bottle lyrics"", ""taylor swift message in bottle lyrics"", ""taylor message in bottle"", ""message""]"
2026-06-25,7yRXgL7SaV0,Album tonight. Fortnight music video tomorrow at 8pm et.,2024-04-19T00:02:59Z,PT6S,3346901,552,264183,4932,10,none,public,processed,[]
2026-06-25,seU5y5EgIwk,Taylor Swift - We Were Happy (Taylor’s Version) (From The Vault),2021-04-09T04:00:31Z,PT4M4S,2981146,541,105735,4147,10,none,public,processed,"[""taylor swift"", ""taylor"", ""swift"", ""we were happy"", ""we were happy taylor swift"", ""taylor we were happy"", ""we were happy taylor’s version"", ""taylor’s version"", ""taylors version"", ""taylor swift new album"", ""taylor swift new music"", ""taylor swift lyrics"", ""fearless"", ""fearless taylor’s version"", ""fearless taylors version"", ""official taylor swift lyrics"", ""taylor rerecord"", ""taylor reissue"", ""taylor new version"", ""fearless rerecord"", ""fearless remaster"", ""fearless new version""]"
2026-06-25,H9rBt-8jiBE,Taylor Swift - willow (lonely witch version) - [yule log],2020-12-17T20:45:11Z,PT3M8S,756699,519,26255,1028,10,none,public,processed,[]
2026-06-25,3fUS9GAMxv4,🕰 #TSAntiHeroChallenge. Coming October 21. Brought to you by YouTube Shorts.,2022-10-18T04:00:03Z,PT8S,2082186,496,156088,1777,10,none,public,processed,[]
2026-06-25,lM1P2JwZ5jE,Total surprise 😉 Share yours with  #TSAntiHeroChallenge brought to you by YouTube Shorts.,2022-11-01T12:31:39Z,PT16S,79828653,495,3346228,24532,10,none,public,processed,[]
2026-06-25,GhXsnvmUQrg,Entering the Phantom Clear TTPD vinyl into evidence. Available exclusively at Target now,2024-04-19T23:00:42Z,PT31S,2308685,479,237808,3178,10,none,public,processed,[]
2026-06-25,uhjx7FemU6o,"Hits Different really hits different, plus it’s got one of my fav bridges 😆 only avail at Target",2022-11-04T13:42:37Z,PT11S,4627188,452,346340,4189,10,none,public,processed,[]
2026-06-25,gcMn_Eu-XTE,Taylor Swift - We Are Never Ever Getting Back Together (Lyric Video),2012-08-14T16:42:22Z,PT3M16S,38719138,448,273868,35347,10,none,public,processed,"[""Taylor"", ""Swift"", ""Are"", ""Never"", ""Ever"", ""Getting"", ""Back"", ""Together"", ""(Lyric"", ""Video)"", ""Big"", ""Machine"", ""Records"", ""LLC."", ""Pop""]"
2026-06-25,0GeyBM6NS5s,Bejeweled (Behind the Scenes with Dita Von Teese),2024-12-13T15:04:04Z,PT3M12S,2124321,441,82512,2000,10,none,public,processed,"[""taylor swift"", ""bejeweled"", ""dita von teese""]"
2026-06-25,a4iTHPwioEc,Taylor Swift - Lover (Live From Paris),2020-05-18T02:00:00Z,PT3M51S,1227418,420,39284,1437,10,none,public,processed,"[""Taylor"", ""Swift"", ""Lover"", ""Taylor lover"", ""taylor lover live from paris"", ""lover live from paris"", ""taylor swift lover"", ""taylor swift lover live from paris""]"
2026-06-25,zz9YgUoisOA,"Rent on demand starting … you guessed it, December 13 🫶💋",2023-11-27T20:21:45Z,PT1M1S,4746737,415,325948,13536,10,none,public,processed,[]
2026-06-25,nF4Jc9sPPug,Taylor Swift - Anti-Hero (ILLENIUM Remix),2022-11-18T05:00:32Z,PT4M32S,2025717,412,55598,2481,10,none,public,processed,"[""illenium"", ""illenium remix"", ""taylor swift illenium"", ""taylor swift remix"", ""anti hero remix"", ""antihero remix"", ""midnights remix"", ""taylor swift midnights"", ""midnights"", ""taylor swift"", ""ts midnights"", ""ts anti-hero""]"
2026-06-25,CYHt7_RANiY,Taylor Swift - willow (lonely witch version) - music video behind the scenes,2020-12-15T05:52:57Z,PT3M35S,2807898,412,147401,4653,10,none,public,processed,"[""Taylor Swift"", ""Willow"", ""evermore"", ""evermore album""]"
2026-06-25,3CUM7Z3TSmY,Taylor Swift - willow (dancing witch version) - storyboards from the willow music video,2020-12-15T18:09:59Z,PT3M8S,1225363,407,69637,2628,10,none,public,processed,"[""taylor swift"", ""evermore"", ""willow""]"
2026-06-25,NbS4s_6jYTg,The Anti Hero (Roosevelt remix) makes me feel hyped enough for an imaginary funeral brawl,2022-11-09T21:05:35Z,PT16S,3652790,377,189536,1875,10,none,public,processed,[]
2026-06-25,vaRGgiGfsw4,✨🫶 My name is Taylor and I was born in 1989 🫶✨,2023-10-31T20:08:57Z,PT19S,3341894,371,291717,8074,10,none,public,processed,[]
2026-06-25,RlDSGLHcZy0,The TTPD Timetable,2024-04-17T00:04:53Z,PT26S,1934030,367,203233,3914,10,none,public,processed,[]
2026-06-25,QBllgPHa8aQ,A message for the department 🤍#ForAFortnightChallenge coming soon to YouTube Shorts,2024-04-19T03:23:41Z,PT29S,1937197,349,157560,1937,10,none,public,processed,[]
2026-06-25,GZeza5xTeuM,Taylor Swift - …Ready for It? (BloodPop® Remix) (Audio),2017-12-06T20:03:12Z,PT3M10S,3947226,334,47174,2175,10,none,public,processed,[]
2026-06-25,fxeEYfVDaJI,"The official music video for “The Fate of Ophelia” is available now, only on YouTube ❤️‍🔥",2025-10-05T23:14:46Z,PT1M7S,641457,327,25482,401,10,none,public,processed,[]
2026-06-25,KzNLM4nmRak,The Eras Tour concert film is now officially coming to theaters WORLDWIDE on Oct 13! 🩵,2023-09-26T11:58:51Z,PT31S,2714332,325,250192,6097,10,none,public,processed,[]
2026-06-25,HqDZxtMIx0M,Meet me at midnight…for the Lavender Haze music video premiere (!!!!!!!!!!!!!),2023-01-26T13:10:08Z,PT10S,2452829,323,200924,2632,10,none,public,processed,[]
2026-06-25,d_2WyBcFbFY,Taylor Swift - The Archer (Live From Paris),2020-05-18T02:00:03Z,PT3M32S,982353,304,28921,1041,10,none,public,processed,"[""Taylor"", ""Swift"", ""The"", ""Archer"", ""(Live"", ""From"", ""Paris"", ""Audio)"", ""Pop""]"
2026-06-25,US0OipWyYro,"Thank you for making these reveals so much chaotic fun (which is the best kind of fun, after all 😜)",2023-09-20T22:13:54Z,PT29S,2126792,296,185306,2890,10,none,public,processed,[]
2026-06-25,a5gXfaAFPOM,Taylor Swift - The Man (Becoming The Man: Behind The Scenes),2020-03-06T13:15:00Z,PT3M15S,4331798,291,206793,6646,10,none,public,processed,"[""Taylor"", ""Swift"", ""Taylor Swift The Man"", ""The Man Taylor Swift"", ""taylor the man"", ""becoming the man taylor swift"", ""the man taylor swift behind the scenes""]"
2026-06-25,kE31ShDEOwg,Taylor Swift - Lavender Haze (Snakehips Remix),2023-03-03T05:00:29Z,PT3M11S,928413,289,20394,900,10,none,public,processed,"[""lavender haze"", ""taylor swift"", ""taylor swift lavender haze"", ""lavender haze remix"", ""taylor swift remix"", ""taylor swift midnights remix"", ""midnights songs"", ""midnights remix"", ""taylor swift midnights""]"
2026-06-25,MvIwx0JThsk,"Taylor Swift, BloodPop® - ...Ready For It?",2017-12-14T16:00:02Z,PT3M13S,10032355,279,304287,11359,10,none,public,processed,"[""Taylor Swift"", ""…Ready For It?"", ""BloodPop®"", ""Remix"", ""reputation""]"
2026-06-25,0FZULHCZKBc,Pre order 1989 (Taylor’s Version) now on my site 🩵😎🩵,2023-08-10T06:26:11Z,PT16S,2697819,278,222692,5330,10,none,public,processed,[]
2026-06-25,GPQdWYNi8Wc,Taylor Swift - The Making of 'cardigan' | Vevo Footnotes,2020-08-17T16:00:31Z,PT4M36S,3069602,272,126862,4357,10,none,public,processed,"[""Taylor Swift"", ""Taylor Swift videos"", ""new Taylor Swift video"", ""The Making of cardigan"", ""Footnotes"", ""Vevo Footnotes"", ""Taylor"", ""Swift"", ""Alternative"", ""Taylor Swift cardigan"", ""cardigan"", ""behind the scenes cardigan"", ""secrets about cardigan"", ""Taylor fun facts"", ""video fun facts"", ""Vevo videos"", ""Vintage tee"", ""brand new phone High heels on cobblestones When you are young"", ""they assume you know nothing Sequin smile"", ""black lipstick Sensual politics When you are young"", ""they""]"
2026-06-25,dSSqCoCiQVs,"The End of an Era"", a 6-episode docuseries, streams on @Disneyplus beginning Dec 12 🫶",2025-11-13T13:35:48Z,PT2M32S,479324,271,42738,1982,10,none,public,processed,[]
2026-06-25,fHjxp-rpUGw,Just 11 days until the final show of The Eras Tour is all yours ✨🎂,2025-12-02T01:41:18Z,PT1M38S,447081,268,26122,2409,10,none,public,processed,[]
2026-06-25,dDO6HnY7h24,Taylor Swift - Lover's Lounge (Live),2019-08-22T21:47:44Z,PT33M43S,16390653,263,,4602,10,none,public,processed,"[""Taylor Swift - Lover's Lounge (Live)"", ""Taylor Swift"", ""Lover's Lounge"", ""Lover"", ""Lovers Lounge"", ""Taylor Swift Lover"", ""Live"", ""YouTube Originals event"", ""ME!"", ""You Need To Calm Down"", ""The Archer"", ""Taylor"", ""Swift"", ""Taylor Swift Live"", ""Livestream"", ""YouTube Originals""]"
2026-06-25,P0haCYjysUs,Anti-Hero (Behind The Scenes with The Ghosts In The Room),2024-12-13T17:24:03Z,PT3M23S,1464394,262,84252,6008,10,none,public,processed,"[""taylor swift"", ""midnights"", ""anti hero"", ""behind the scenes""]"
2026-06-25,BKCmxyohzww,Look What You Made Me Do - Zombie Transformation,2017-09-21T13:16:00Z,PT5M31S,7454995,253,139321,3962,10,none,public,processed,[]
2026-06-25,kO9PkyWTZNw,Taylor Swift - Love Story (Pop Mix / Audio),2020-04-14T20:15:15Z,PT3M55S,228612,252,2178,122,10,none,public,processed,"[""Taylor"", ""Swift"", ""Love"", ""Story"", ""(Pop"", ""Mix"", ""Audio)"", ""Big"", ""Machine"", ""Records"", ""LLC"", ""Country""]"
2026-06-25,Jo-8VaRU4ok,Mark your calendars! Meet the Midnights Manifest 📜,2022-10-20T04:15:55Z,PT31S,1873471,250,149621,1350,10,none,public,processed,[]
2026-06-25,eQVhAN7-IAw,The Making of a Song: “Delicate” – watch more on Taylor Swift NOW,2017-11-15T03:43:47Z,PT3M53S,5128801,249,200279,5162,10,none,public,processed,"[""DIRECTV"", ""DIRECTVNOW"", ""ATT"", ""AT&T"", ""The Making of a Song"", ""Taylor Swift NOW"", ""Taylor Swift"", ""Swifties"", ""Delicate"", ""Reputation""]"
2026-06-25,YvyeAwoZ76w,It fills me with such pride & joy to announce that my version of Speak Now will be out July 7 💜💜💜,2023-05-06T04:06:59Z,PT7S,1428269,241,188062,3619,10,none,public,processed,[]
2026-06-25,_9RWI5JBew0,"Taylor Swift - Mine (Live, BBC Radio 2 Session)",2011-08-24T11:29:30Z,PT4M20S,1888069,237,26082,1502,10,none,public,processed,"[""Taylor"", ""Taylor Swift"", ""taylor swift mine"", ""mine taylor swift"", ""taylor swift bbc radio 2"", ""BBC Radio 2 Taylor Swift""]"
2026-06-25,YF6jaBeBMIk,December 12th on @DisneyPlus,2025-10-13T12:23:45Z,PT1M40S,1039516,235,97611,4797,10,none,public,processed,[]
2026-06-25,VN55tCajFYg,I Bet You Think About Me (Taylor's Version) (From The Vault) (Lyric Video),2021-11-12T05:00:10Z,PT4M49S,1432891,225,48846,1343,10,none,public,processed,"[""taylor swift"", ""taylor"", ""swift"", ""bet you think about me"", ""bet you think about me taylor swift"", ""taylor swift bet you think about me"", ""bet you think about me official video"", ""bet you think about me music video"", ""bet you think about me red"", ""red"", ""taylor swift red"", ""bet you think about me lyrics"", ""taylor swift bet you think about me lyrics"", ""taylor bet you think about me"", ""bet you think about me taylor"", ""red taylor swift"", ""new""]"
2026-06-25,MBR2kxt7RK8,Taylor Swift - Delicate (Vertical Version),2018-05-15T21:02:41Z,PT3M55S,7792881,219,246381,10050,10,none,public,processed,"[""Taylor"", ""Swift"", ""Delicate"", ""Big"", ""Machine"", ""Records"", ""LLC"", ""Pop""]"
2026-06-25,MUf1ili4Zew,ME! Behind The Scenes: The Story of Benjamin Button,2019-04-30T10:11:11Z,PT3M9S,7244330,217,314495,10949,10,none,public,processed,"[""Taylor Swift"", ""Brendon Urie"", ""Panic At The Disco"", ""ME!"", ""Behind The Scenes"", ""ME! Video"", ""Taylor Swift ME!"", ""Taylor Swift Brendon Urie"", ""Taylor Swift Panic at the Disco"", ""Taylor Swift Me Music Video"", ""Me official music video"", ""Me music video"", ""Taylor swift new song"", ""Taylor swift songs"", ""Taylor swift tour 2019"", ""Taylor swift album"", ""Me!"", ""Panic at the disco songs"", ""taylor swift vevo"", ""taylor swift me reaction"", ""taylor swift me lyrics"", ""Swift"", ""taylor swift cats"", ""Taylor Swift New Cat""]"
2026-06-25,6DdAzVDVBpw,Taylor Swift - Lavender Haze (Felix Jaehn Remix),2023-02-10T05:00:05Z,PT2M57S,815864,216,39424,2127,10,none,public,processed,[]
2026-06-25,Ozk8xq0Lp1g,Taylor Swift - Christmas Tree Farm (Lyric Video),2019-12-06T05:00:06Z,PT3M48S,4654447,207,138321,4335,10,none,public,processed,"[""Taylor"", ""Swift"", ""Christmas"", ""Tree"", ""Farm"", ""(Lyric"", ""Video)"", ""Pop""]"
2026-06-25,ZwK7hrDC5UM,Karma (feat. Ice Spice) (Behind the Scenes),2024-12-13T15:02:32Z,PT3M14S,880904,205,79137,3153,10,none,public,processed,"[""taylor swift"", ""karma"", ""behind the scenes""]"
2026-06-25,V9ED1fR21U0,The Life of a Showgirl: The Crowd is Your King Edition only at Target,2025-09-30T19:57:21Z,PT31S,1045568,202,72202,2405,10,none,public,processed,"[""taylor swift"", ""the life of a showgirl""]"
2026-06-25,eSLO-HpSWD0,Taylor Swift - Anti-Hero (Roosevelt Remix),2022-11-11T03:00:30Z,PT5M4S,757678,177,28675,1507,10,none,public,processed,"[""taylor swift"", ""taylor swift anti hero"", ""anti hero"", ""antihero roosevelt remix"", ""roosevelt"", ""taylor swift roosevelt remix"", ""antihero remix"", ""anti hero remix"", ""midnights remix"", ""midnights""]"
2026-06-25,bs5SZOHowHI,Taylor Swift - Shake It Off Outtakes Video #6 - The Ribbon Dancers (Behind The Scenes Video),2014-10-01T04:01:01Z,PT3M40S,5014334,166,46251,1465,10,none,public,processed,"[""Taylor Swift"", ""Shake It Off Outtakes Video #6 The Ribbon Dancers (Behind The Scenes Video)"", ""Outtakes"", ""taylor swift shake it off"", ""shake it off outtakes"", ""shake it off bts"", ""shake it off taylor swift""]"
2026-06-25,GSvyRVw366k,Taylor Swift on 60 Minutes - Nov 20 @ 7/6c CBS,2011-11-17T23:12:02Z,PT42S,306297,166,5383,550,24,none,public,processed,"[""taylor"", ""swift"", ""60"", ""minutes"", ""sixty"", ""interview"", ""country"", ""singer"", ""pop"", ""cbs""]"
2026-06-25,pCH19_8E4Hw,Taylor Swift - Lavender Haze (Behind The Scenes),2023-03-03T04:56:53Z,PT3M32S,2061749,165,130752,3744,10,none,public,processed,"[""taylor swift"", ""lavender haze"", ""taylor swift lavender haze"", ""behind the scenes"", ""taylor swift behind the scenes"", ""taylor swift bts"", ""bts laveneder haze"", ""lavender haze music video"", ""midnights BTS"", ""taylor swift music video""]"
2026-06-25,UAtpbCEsJlA,"Bejeweled (Behind the Scenes with Jack Antonoff, HAIM & Pat McGrath)",2024-12-13T15:03:50Z,PT2M31S,750261,161,50937,1285,10,none,public,processed,"[""taylor swift"", ""haim"", ""jack antonoff"", ""pat mcgrath""]"
2026-06-25,HIb_TlK2HAI,Taylor Swift reputation Stadium Tour | Official Trailer | Netflix,2018-12-13T13:08:05Z,PT1M23S,5812237,160,216143,14955,10,none,public,processed,"[""Taylor Swift"", ""reputation"", ""reputation stadium tour"", ""Taylor Swift reputation stadium tour"", ""rep tour"", ""netflix""]"
2026-06-25,-ddfFsLHNQs,"Anti-Hero (Behind the Scenes with Mike Birbiglia, John Early & Mary Elizabeth Ellis)",2024-12-13T15:04:17Z,PT3M21S,692085,158,52710,1809,10,none,public,processed,"[""taylor swift"", ""antihero"", ""midnights""]"
2026-06-25,w04K8z_nfDI,"Fortnight (Behind the Scenes with Post Malone, Ethan Hawke & Josh Charles)",2024-12-13T15:03:06Z,PT3M49S,934600,158,79897,4552,10,none,public,processed,[]
2026-06-25,pPrdGE4w9ZM,All Too Well (10 Minute Version) (Taylor's Version) (From The Vault) (Karaoke),2021-11-15T23:22:49Z,PT10M13S,1728584,154,95455,2962,10,none,public,processed,"[""Taylor"", ""Swift"", ""All"", ""Too"", ""Well"", ""(10"", ""Minute"", ""Version)"", ""(Taylor's"", ""(From"", ""The"", ""Vault)"", ""(Karaoke)"", ""Pop""]"
2026-06-25,sEr7bAtZ8rY,Delicate Music Video Dance Rehearsal Part 1,2018-03-13T21:28:05Z,PT1M1S,9079469,154,184503,4023,10,none,public,processed,"[""taylor swift"", ""delicate"", ""delicate music video"", ""reputation""]"
2026-06-25,kY-_D-IptZE,Taylor Swift - Shake It Off Outtakes Video #2 - The Ballerinas (Behind The Scenes Video),2014-09-12T04:01:00Z,PT3M44S,10495946,153,90879,2040,10,none,public,processed,"[""Taylor"", ""Swift"", ""Shake"", ""Off"", ""Outtakes"", ""Video"", ""The"", ""Ballerinas"", ""Big"", ""Machine"", ""Pop""]"
2026-06-25,pA1dPsnfams,:-),2008-06-26T20:51:09Z,PT34S,1094559,153,38144,2894,10,none,public,processed,"[""Taylor"", ""Swift"", ""Kellie"", ""Pickler"", ""Funny""]"
2026-06-25,AFzzgQ7uCw4,"I Can See You (From The Vault) (Behind the Scenes with Joey King, Taylor Lautner & Presley Cash)",2024-12-13T15:02:50Z,PT3M22S,768533,152,72202,3159,10,none,public,processed,"[""taylor swift"", ""speak now taylors version"", ""joey king"", ""taylor lautner""]"
2026-06-25,7XLW5CvDQ7E,Taylor Swift - willow (moonlit witch version),2020-12-16T01:02:30Z,PT3M29S,1671558,152,89868,3063,10,none,public,processed,"[""taylor swift"", ""willow"", ""evermore""]"
2026-06-25,K-8dOw7yuPo,Bejeweled (Behind the Scenes with Laura Dern),2024-12-13T15:03:35Z,PT4M7S,725932,147,56714,1319,10,none,public,processed,"[""taylor swift"", ""bejeweled"", ""Laura Dern""]"
2026-06-25,iM_j8_AZJW4,"Official ""Look What You Made Me Do"" Video Teaser Clip",2017-08-25T12:34:35Z,PT21S,4959575,147,115129,5834,10,none,public,processed,"[""Taylor Swift"", ""reputation"", ""Look What You Made Me Do""]"
2026-06-25,wFcFQP8XKuY,Taylor Swift - Love Story (Digital Dog Remix / Audio),2020-04-14T20:21:47Z,PT5M56S,194599,135,2063,133,10,none,public,processed,"[""Taylor"", ""Swift"", ""Love"", ""Story"", ""(Digital"", ""Dog"", ""Remix"", ""Audio)"", ""Big"", ""Machine"", ""Records"", ""LLC"", ""Country""]"
2026-06-25,ZZtamrXjB_w,Taylor Swift - Lavender Haze (Tensnake Remix),2023-03-03T05:00:16Z,PT3M38S,354431,124,16681,776,10,none,public,processed,"[""lavender haze"", ""taylor swift"", ""taylor swift lavender haze"", ""lavender haze remix"", ""taylor swift remix"", ""taylor swift midnights remix"", ""midnights songs"", ""midnights remix"", ""taylor swift midnights""]"
2026-06-25,XdalCja4TK8,"Taylor Swift - #VEVOCertified, Pt. 7: Love Story (Taylor Commentary)",2012-10-29T15:45:07Z,PT4M31S,1085020,124,14151,926,10,none,public,processed,"[""Taylor"", ""Swift"", ""#VEVOCertified"", ""Pt."", ""Love"", ""Story"", ""(Taylor"", ""Commentary)"", ""Big"", ""Machine"", ""Records"", ""LLC."", ""Country"", ""Pop""]"
2026-06-25,P6gFma4H7fA,Taylor Swift Web Chat and G+ Hangout,2012-08-14T00:09:50Z,PT24M55S,2041129,119,29044,1522,10,none,public,processed,"[""taylor"", ""swift"", ""web"", ""chat"", ""google"", ""plus"", ""hangout"", ""live"", ""stream"", ""event"", ""nashville""]"
2026-06-25,XF_ARz7jTUw,Look What You Made Me Do: Taylor Mountain,2017-09-20T20:03:01Z,PT7M4S,8268855,114,208437,4780,10,none,public,processed,"[""taylor swift"", ""lwymmd"", ""reputation"", ""transformation"", ""old taylor"", ""old taylors"", ""tswift"", ""taylor"", ""swift""]"
2026-06-25,PQTA-EVc5DI,Taylor Swift - Fortnight (feat. Post Malone) (Cults Remix),2024-07-09T04:00:20Z,PT3M20S,1470609,112,35877,5045,10,none,public,processed,"[""taylor swift"", ""fortnight"", ""taylor swift remix"", ""post malone remix""]"
2026-06-25,DIMDgq_MYJs,Taylor Swift - ME! (Live From Paris),2020-05-18T02:00:02Z,PT3M35S,776821,112,32954,1413,10,none,public,processed,"[""Taylor"", ""Swift"", ""ME!"", ""(Live"", ""From"", ""Paris"", ""Audio)"", ""Pop""]"
2026-06-25,lj2mZ8zDToY,ME! Behind The Scenes: Je Suis Calme,2019-05-01T19:25:22Z,PT3M17S,5295778,111,210514,6080,10,none,public,processed,"[""Taylor Swift"", ""Taylor Swift ME!"", ""ME!"", ""Taylor swift me"", ""brendon urie"", ""panic!"", ""panic! at the disco"", ""taylor swift brendon urie"", ""taylor swift cat"", ""funny"", ""taylor swift funny"", ""music video"", ""me music video"", ""me official video"", ""behind the scenes"", ""me behind the scenes"", ""taylor swift behind the scenes"", ""brendon urie behind the scenes"", ""bredon urie funny"", ""official music video"", ""taylor swift panic at the disco"", ""brendon urie panic at the disco""]"
2026-06-25,ve_o2kq4_jY,Thank you.,2011-04-04T05:00:50Z,PT32S,3569750,109,206713,8395,24,none,public,processed,"[""taylor"", ""swift"", ""acm"", ""awards"", ""thank"", ""you""]"
2026-06-25,b6zPqm0lLQs,Taylor Swift - I Can Do It With A Broken Heart (Dombresky Remix),2024-09-13T04:00:26Z,PT3M11S,1039036,107,46446,4683,10,none,public,processed,[]
2026-06-25,mxtUnuldKgc,Taylor Swift - The Man (Behind The Scenes: Directing),2020-03-10T12:45:00Z,PT4M10S,2207366,106,111365,3354,10,none,public,processed,"[""Taylor"", ""Swift"", ""The"", ""Man"", ""(Behind"", ""Scenes:"", ""Directing)"", ""Pop""]"
2026-06-25,kGOmPmILndU,The reputation Secret Sessions,2017-11-07T13:30:04Z,PT2M46S,3460284,101,155264,6440,10,none,public,processed,[]
2026-06-25,j3yyF31jbKo,Taylor Swift's Gift Giving of 2014 | SWIFTMAS,2014-12-31T18:14:42Z,PT6M12S,20152723,101,187600,16689,10,none,public,processed,"[""SWIFTMAS"", ""TayLurking"", ""1989"", ""Taylor swift"", ""Taylor Swift's Gift Giving of 2014""]"
2026-06-25,PQp643val70,cardigan (behind the scenes - forest & ocean),2024-12-13T15:26:29Z,PT2M27S,912142,100,71323,2757,10,none,public,processed,[]
2026-06-25,EKnl7STzSMU,"1989 Secret Sessions, Behind The Scenes!",2014-10-16T23:09:25Z,PT4M34S,3822726,100,92604,5139,10,none,public,processed,"[""Taylor Swift (Celebrity)""]"
2026-06-25,Zmv26eqduSg,Asia! (my February video blog),2011-02-23T06:28:38Z,PT9M29S,2546837,91,100902,8891,10,none,public,processed,"[""taylor"", ""swift"", ""video"", ""blog"", ""asia"", ""singapore"", ""hong"", ""kong"", ""japan"", ""china"", ""seoul"", ""south"", ""korea"", ""tokyo""]"
2026-06-25,O2Irnn7F1PM,Taylor Swift - The Making Of Christmas Tree Farm,2019-12-23T14:00:49Z,PT4M43S,2801602,90,132963,5324,10,none,public,processed,"[""Taylor Swift"", ""Christmas Tree Farm"", ""Behind The Scenes""]"
2026-06-25,TXJlB9riS1Y,Taylor Swift - Out Of The Woods – The Making Of,2016-02-09T16:55:00Z,PT4M56S,8573635,90,216558,7700,10,none,public,processed,"[""Taylor"", ""Swift"", ""Out"", ""The"", ""Woods"", ""Making"", ""Big"", ""Machine"", ""Pop""]"
2026-06-25,SYd0pYqOJqA,You Need To Calm Down Behind The Scenes: Friends & Neighbors,2019-07-18T15:50:29Z,PT3M2S,2323464,85,102806,2372,10,none,public,processed,"[""taylor swift"", ""you need to calm down"", ""behind the scenes"", ""taylor swift behind the scenes"", ""YNTCD"", ""taylor swift lover"", ""lover album"", ""lover""]"
2026-06-25,C7I3_yFQYkc,Wannabe,2008-06-26T21:02:39Z,PT3M45S,1356946,84,25556,1944,10,none,public,processed,"[""Taylor"", ""Swift"", ""Wannabe"", ""Spice"", ""Girls""]"
2026-06-25,hNHBVaFueYw,How To Be A Cat,2019-12-16T18:43:56Z,PT2M34S,1841506,82,172157,4864,10,none,public,processed,[]
2026-06-25,np4Nw0tBun8,Look What You Made Me Do - Looks,2017-10-17T21:32:17Z,PT2M46S,2123195,82,90788,1831,10,none,public,processed,"[""taylor swift"", ""reputation"", ""look what you made me do"", ""behind the scenes""]"
2026-06-25,IgZY0frgysw,Demonstrating my fine athletic skills. And more.,2010-04-26T19:58:31Z,PT5M33S,5861863,82,179131,10876,24,none,public,processed,"[""taylor"", ""swift"", ""video"", ""blog"", ""athletic"", ""skills"", ""vegas"", ""katy"", ""perry""]"
2026-06-25,s4MN_hGvTCA,You Need To Calm Down Behind The Scenes: Morning Routine,2019-07-09T13:42:45Z,PT3M1S,3533429,81,146071,4339,10,none,public,processed,"[""taylor swift"", ""you need to calm down"", ""you need to calm down behind the scenes"", ""behind the scenes"", ""lover"", ""YNTCD""]"
2026-06-25,J1LMp-jEH_k,Surprising Gena,2014-04-16T22:44:24Z,PT4M31S,3590934,81,59491,3742,10,none,public,processed,"[""Taylor Swift (Musical Artist)"", ""Bridal Shower""]"
2026-06-25,Uxg-ivPGusQ,Taylor Swift - You Need To Calm Down (Live From Paris),2020-05-18T02:00:02Z,PT3M25S,643904,79,26974,1053,10,none,public,processed,"[""Taylor"", ""Swift"", ""You"", ""Need"", ""Calm"", ""Down"", ""(Live"", ""From"", ""Paris"", ""Audio)"", ""Pop""]"
2026-06-25,71QPEkD9PhM,Look What You Made Me Do - Stream Co.,2017-09-27T14:51:30Z,PT1M37S,892693,78,23945,508,10,none,public,processed,"[""taylor"", ""swift"", ""taylor swift"", ""look what you made me do"", ""reputation"", ""rep"", ""steam"", ""streaming"", ""cats"", ""meredith"", ""olivia""]"
2026-06-25,zdYy6-P_ggQ,Taylor Swift - Shake It Off Outtakes Video #3 - The Modern Dancers (Behind The Scenes Video),2014-09-12T04:01:00Z,PT4M1S,5302441,77,56998,1092,10,none,public,processed,"[""taylor swift"", ""Shake It Off"", ""shake it off Outtakes Video #3"", ""The Modern Dancers"", ""Behind The Scenes Video""]"
2026-06-25,UDzPTerKZn8,Taylor Swift - All Too Well (Taylor's Version) (Karaoke),2021-11-15T23:10:09Z,PT5M31S,792561,74,54287,3006,10,none,public,processed,"[""Taylor"", ""Swift"", ""All"", ""Too"", ""Well"", ""(Taylor's"", ""Version)"", ""(Karaoke)"", ""Pop""]"
2026-06-25,6MLzSp0OJL0,You Need To Calm Down Behind The Scenes: Pop Queen Pageant,2019-06-20T15:00:01Z,PT2M55S,3237808,74,165999,4463,10,none,public,processed,"[""you need to calm down taylor swift"", ""You Need To Calm Down"", ""behind the scenes"", ""bts"", ""You Need To Calm Down BTS"", ""taylor swift"", ""Todrick Hall"", ""Pop Queen Pageant"", ""Lover"", ""Trinity Taylor"", ""Trinity K Bonet"", ""Tatianna"", ""Riley Knoxx"", ""Jade Jolie"", ""Delta Work"", ""Adore Delano"", ""A'keria Davenport"", ""taylor swift you need to calm down""]"
2026-06-25,ZU4o7vvrrPI,Taylor Swift - Santa Baby (Audio),2019-12-07T01:19:23Z,PT2M43S,473215,71,3807,281,10,none,public,processed,"[""Taylor"", ""Swift"", ""Santa"", ""Baby"", ""(Audio)"", ""Big"", ""Machine"", ""Records"", ""LLC"", ""Country""]"
2026-06-25,40RsbcFRwNA,Miss Americana | Official Trailer,2020-01-22T15:45:12Z,PT2M3S,8204141,70,392744,14410,10,none,public,processed,"[""taylor swift"", ""Miss Americana"", ""Official Trailer"", ""Miss Americana | Official Trailer"", ""taylor swift documentary"", ""taylor swift documentary trailer"", ""netflix"", ""netflix documentary"", ""Lover"", ""Lover Taylor Swift"", ""music documentary"", ""political documentary"", ""Taylor"", ""Swift"", ""Lana Wilson""]"
2026-06-25,s8h0tZy0HqA,"Taylor Swift - Shake It Off Outtakes Video #7 - The Band, The Fans and The Extras",2014-10-08T04:00:02Z,PT4M13S,6649588,70,57050,1374,10,none,public,processed,"[""Taylor"", ""Swift"", ""Shake"", ""Off"", ""Outtakes"", ""Video"", ""The"", ""Band"", ""Fans"", ""and"", ""Extras"", ""Big"", ""Machine"", ""Pop""]"
2026-06-25,VA7Y_Psp5l4,End Game - Behind The Scenes,2018-02-09T16:01:53Z,PT5M2S,2446266,69,105385,3745,10,none,public,processed,"[""taylor swift"", ""end game"", ""end"", ""game"", ""tswift"", ""taylor"", ""swift"", ""ed sheeran"", ""future"", ""end game video""]"
2026-06-25,p-5R0u3iTiE,TRL Recap!,2008-06-26T21:15:51Z,PT3M8S,826261,67,10282,991,10,none,public,processed,"[""Taylor"", ""Swift"", ""TRL"", ""MTV"", ""Total"", ""Request"", ""Live"", ""Rihanna"", ""New"", ""York"", ""City"", ""Big"", ""Machine"", ""Records""]"
2026-06-25,GU5_g8Tmiv8,...Ready For It? Trailer,2017-10-23T14:17:17Z,PT16S,3787153,66,97344,7688,10,none,public,processed,"[""taylor swift"", ""taylor"", ""swift"", ""ready for it"", ""reputation"", ""look what you made me do"", ""goregous"", ""big machine"", ""music video"", ""music"", ""video""]"
2026-06-25,QIUWI7dfnC0,I Don't Wanna Live Forever (Fifty Shades Darker) BTS 1 - Zayn & Taylor [EXTENDED],2017-01-27T21:50:35Z,PT1M20S,6386755,65,188731,4750,10,none,public,processed,"[""ZAYN"", ""Taylor"", ""Swift"", ""Don’t"", ""Wanna"", ""Live"", ""Forever"", ""(Fifty"", ""Shades"", ""Darker)"", ""Fifty"", ""Darker"", ""Soundtrack"", ""Taylor Swift"", ""Fifty Shades"", ""Fifty Shades Darker"", ""Christian Grey"", ""Anastasia Steele"", ""Jamie Dornan"", ""Dakota Johnson""]"
2026-06-25,NZnRUnOQZWU,"""Red"" Guitar Solo from RED Tour Opening Night",2013-03-15T21:28:24Z,PT32S,491684,65,11674,863,10,none,public,processed,"[""taylor"", ""swift"", ""red"", ""tour"", ""guitar"", ""solo""]"
2026-06-25,5jKcG86bNRs,Speak Now Deluxe Edition - Only at Target,2010-10-25T20:02:56Z,PT31S,1698466,62,72944,2541,10,none,public,processed,"[""taylor"", ""swift"", ""target"", ""speak"", ""now"", ""deluxe"", ""edition""]"
2026-06-25,Mi-FBBqUuJE,First fans with my CMT Award.,2008-06-26T21:55:43Z,PT11S,382913,62,4732,304,10,none,public,processed,"[""Taylor"", ""Swift"", ""CMT"", ""Award"", ""Fans""]"
2026-06-25,qybUgW7eoZQ,Taylor Swift - willow - [yule log],2020-12-17T20:00:29Z,PT3M35S,835778,61,48081,3209,10,none,public,processed,[]
2026-06-25,y7CsaOF3S5c,Taylor Swift and Carly Simon: You're So Vain,2013-07-29T15:59:25Z,PT2M29S,1354167,61,24059,1121,10,none,public,processed,"[""Taylor Swift"", ""Carly Simon (Musical Artist)"", ""You're So Vain (Composition)""]"
2026-06-25,V3QOzyS5M4Q,Being on tour. Everyone ignores me.,2009-05-07T19:02:07Z,PT6M37S,3142395,61,183295,9985,22,none,public,processed,"[""Taylor Swift"", ""CMT Awards""]"
2026-06-25,_4AaNBf9nkU,Taylor Swift - You're Not Sorry (CSI Remix / Audio),2020-04-14T20:21:27Z,PT4M22S,50405,58,750,63,10,none,public,processed,"[""Taylor"", ""Taylor Swift"", ""taylor swift you're not sorry"", ""you're not sorry taylor swift"", ""CSI Remix"", ""taylor csi remix"", ""taylor swift CSI remix"", ""CSI remix taylor"", ""CSI remix taylor swift""]"
2026-06-25,OOPFMrF7v4Q,YouTube Presents Taylor Swift,2011-09-02T01:04:34Z,PT42M33S,2520242,58,30208,4047,10,none,public,processed,"[""taylor"", ""swift"", ""youtube"", ""presents""]"
2026-06-25,R7wjyOQw7Zw,Instructional Video,2008-06-26T22:05:00Z,PT1M6S,715094,57,12371,921,10,none,public,processed,"[""Taylor"", ""Swift"", ""Love"", ""Bracelet"", ""How-to""]"
2026-06-25,zGSneb3McDo,Delicate Music Video Dance Rehearsal Part 2,2018-03-13T21:35:45Z,PT58S,2451471,55,92642,1813,10,none,public,processed,"[""taylor swift"", ""delicate"", ""delicate music video"", ""reputation"", ""delicate video""]"
2026-06-25,DqZOcABIgTk,Taylor Swift - Shake It Off Outtakes Video #8 - The Director,2014-10-15T04:01:00Z,PT3M41S,10963880,54,91667,1984,10,none,public,processed,"[""Taylor"", ""Swift"", ""Shake"", ""Off"", ""Outtakes"", ""Video"", ""The"", ""Director"", ""Big"", ""Machine"", ""Pop""]"
2026-06-25,LSjPFdoeDD8,"Taylor Swift Speak Now Fan Video : Oranga, NSW, Australia",2011-02-14T03:04:11Z,PT3M18S,99826,53,1626,99,10,none,public,processed,"[""taylor"", ""swift"", ""speak"", ""now"", ""fan"", ""video"", ""album"", ""release"", ""bloggie"", ""sony"", ""australia""]"
2026-06-25,vMWpIfxvnWo,Taylor Swift - Shake It Off Outtakes Video #4 - The Animators (Behind The Scenes Video),2014-09-17T04:01:00Z,PT3M58S,6306807,52,56308,1493,10,none,public,processed,"[""Taylor"", ""Swift"", ""Shake"", ""Off"", ""Outtakes"", ""Video"", ""The"", ""Animators"", ""(Behind"", ""Scenes"", ""Video)"", ""Big"", ""Machine"", ""Pop""]"
2026-06-25,Nx-5bHeC6xo,"""Sparks Fly"" (acoustic) Live on the RED Tour!",2013-03-15T21:08:37Z,PT49S,782020,51,19464,945,10,none,public,processed,"[""taylor"", ""swift"", ""sparks"", ""fly"", ""live"", ""red"", ""tour"", ""omaha""]"
2026-06-25,t0Yf43ONyNo,All Too Well (The Short Film) | Official Trailer,2021-11-05T12:52:19Z,PT31S,1767708,50,200675,13174,10,none,public,processed,[]
2026-06-25,sViZJopFdYg,Taylor Swift - willow (dancing witch version) - [yule log],2020-12-17T20:45:06Z,PT3M5S,531877,49,27335,1626,10,none,public,processed,[]
2026-06-25,hKcEdTPOGGw,Lover Album Photoshoot: Behind The Scenes,2019-08-23T16:03:43Z,PT2M2S,2502905,48,62457,1757,10,none,public,processed,"[""Lover Photoshoot"", ""Taylor Swift"", ""Behind The Scenes"", ""Valheria Rocha"", ""Taylor Swift Lover Photoshoot"", ""Lover""]"
2026-06-25,-zymq4JgQ7E,Retainers.,2008-11-17T21:25:40Z,PT59S,3313283,48,76705,5138,10,none,public,processed,"[""Taylor"", ""Swift""]"
2026-06-25,jJeK0p1LanY,Look What You Made Me Do - The Birdcage,2017-09-21T14:56:22Z,PT5M28S,824008,47,25194,957,10,none,public,processed,"[""taylor swift"", ""the birdcage"", ""bird"", ""cage"", ""swift"", ""taylor"", ""tswift"", ""twsift"", ""look what you made me do"", ""look what"", ""lwymmd""]"
2026-06-25,FMDVWSqALRs,Taylor Swift - Change (Live),2009-06-16T21:48:32Z,PT4M27S,137781,47,693,73,10,none,public,processed,"[""Taylor"", ""Swift"", ""Big"", ""Machine"", ""Records"", ""LLC"", ""Country""]"
2026-06-25,IQL1vIP9sos,Taylor Swift - The Man (Behind The Scenes: The Umpire),2020-03-20T18:01:06Z,PT52S,894548,46,42663,1154,10,none,public,processed,"[""Taylor Swift"", ""The Man"", ""BTS"", ""Behind The Scenes"", ""The Umpire"", ""Lover""]"
2026-06-25,70Ps-GzbSfw,Shake It Off Outtakes Video #5 - The Twerkers and Finger Tutting (Behind-The-Scenes Video),2014-09-24T04:01:00Z,PT4M,8059553,46,60796,1843,10,none,public,processed,"[""Taylor"", ""Swift"", ""Shake"", ""Off"", ""Outtakes"", ""Video"", ""The"", ""Twerkers"", ""and"", ""Finger"", ""Tutting"", ""Big"", ""Machine"", ""Pop""]"
2026-06-25,RGJFqm1BnP4,Taylor Swift - Lover Remix Feat. Shawn Mendes (Snow Globe Lyric Video),2019-11-22T22:35:17Z,PT3M50S,2695103,45,113692,2447,10,none,public,processed,"[""Taylor"", ""Swift"", ""Lover"", ""(Remix"", ""Snow"", ""Globe"", ""Lyric"", ""Video)"", ""Pop""]"
2026-06-25,fJBFvNiJ4Kw,"First time hearing ""I Don't Wanna Live Forever (Fifty Shades Darker)"" on the radio",2017-02-01T20:03:05Z,PT49S,2949666,44,160516,4663,10,none,public,processed,"[""taylor swift"", ""zayn"", ""50 shades"", ""fifty shades darker"", ""i don't wanna live forever"", ""fifty shades""]"
2026-06-25,iTNZ-OzBoBo,Taylor Swift - willow (moonlit witch version) - [yule log],2020-12-17T21:53:54Z,PT3M29S,1007645,42,34738,1376,10,none,public,processed,[]
2026-06-25,M-M5SW8QvmY,"Taylor Swift Talks About ""Out Of The Woods""",2014-10-13T12:20:13Z,PT1M12S,1417019,40,24127,1053,10,none,public,processed,"[""Taylor Swift (Celebrity)"", ""Taylor"", ""swift"", ""out of the woods"", ""1989"", ""new single"", ""new song"", ""shake it off"", ""good morning america"", ""about out of the woods"", ""music"", ""Album"", ""New"", ""Singing"", ""Jack Antonoff (Composer)"", ""ITunes (Software)"", ""songwriting"", ""composing"", ""cut by cut"", ""track by track""]"
2026-06-25,LkkY2iaylmI,Wonderstruck Taylor Swift Chapter 2,2012-04-24T14:50:46Z,PT31S,960344,40,20080,1296,24,none,public,processed,"[""taylor"", ""swift"", ""wonderstruck"", ""fragrance"", ""perfume"", ""chapter"", ""scent""]"
2026-06-25,G2rSQF5Qx7k,FEARLESS Tour 2009,2009-04-24T21:26:31Z,PT2M23S,1063003,40,8809,1357,10,none,public,processed,"[""Taylor"", ""Swift"", ""Country"", ""FEARLESS"", ""Tour"", ""2009""]"
2026-06-25,RLmmqQNEM_I,You change your mind like a girl changes clothes.,2008-11-17T20:43:59Z,PT5M16S,1530970,40,22679,2098,10,none,public,processed,"[""Taylor"", ""Swift"", ""Kellie"", ""Pickler"", ""Katy"", ""Perry"", ""CMT"", ""Def"", ""Leppard""]"
2026-06-25,DJXfSaOJXOQ,Taylor Swift RED Tour Nashville Week,2013-10-08T22:41:00Z,PT8M48S,969200,39,16649,1088,10,none,public,processed,"[""Taylor Swift (Musical Artist)"", ""Nashville (City/Town/Village)"", ""Red Tour""]"
2026-06-25,Cd3v_pRgOp8,Taylor Swift - Anti-Hero (Jayda G Remix),2022-11-11T03:00:06Z,PT3M36S,741507,38,18608,708,10,none,public,processed,"[""taylor swift"", ""anti hero"", ""anti hero taylor swift"", ""antihero remix"", ""anti hero remix"", ""jayda g"", ""midnights remix""]"
2026-06-25,rghH6QlT5a0,"""I Knew You Were Trouble."" Behind-The-Scenes #1",2013-02-05T21:50:27Z,PT2M42S,964641,38,20118,870,10,none,public,processed,"[""taylor"", ""swift"", ""behind"", ""the"", ""scenes"", ""red"", ""album"", ""knew"", ""you"", ""were"", ""trouble"", ""when"", ""walked"", ""in"", ""music"", ""video""]"
2026-06-25,woiScNulLyE,Wonderstruck Taylor Swift Chapter 1,2011-09-29T00:24:46Z,PT33S,1699357,38,25737,2097,10,none,public,processed,"[""taylor"", ""swift"", ""wonderstruck"", ""wonder"", ""struck"", ""fragrance"", ""perfume"", ""spot"", ""commercial"", ""ad"", ""advertisement""]"
2026-06-25,J37Pitvp7RI,"Rehearsing ""I Don't Wanna Live Forever (Fifty Shades Darker)"" for DIRECTV NOW Super Saturday Night",2017-02-02T15:13:11Z,PT1M22S,1178552,37,34390,2016,10,none,public,processed,[]
2026-06-25,uhHMWLjL77U,Taylor Swift Sony TX7 Cyber-shot Camera Commercial,2010-04-26T14:44:40Z,PT31S,1559992,35,21289,1794,24,none,public,processed,"[""taylor"", ""swift"", ""sony"", ""cyber"", ""shot"", ""camera"", ""commercial""]"
2026-06-25,OsJ5RyWpY5w,I Don't Wanna Live Forever (Fifty Shades Darker) BTS 2 - Key Light? [EXTENDED],2017-01-27T21:43:14Z,PT1M36S,973135,33,31651,624,10,none,public,processed,"[""ZAYN"", ""Taylor"", ""Swift"", ""Don’t"", ""Wanna"", ""Live"", ""Forever"", ""(Fifty"", ""Shades"", ""Darker)"", ""Fifty"", ""Darker"", ""Soundtrack"", ""Taylor Swift"", ""Fifty Shades"", ""Fifty Shades Darker"", ""Christian Grey"", ""Anastasia Steele"", ""Jamie Dornan"", ""Dakota Johnson""]"
2026-06-25,6wEVDvnqQOM,Behind the scenes of Taylor Swift's week at Staples Center,2013-09-06T16:35:47Z,PT7M6S,829766,33,14736,1021,10,none,public,processed,[]
2026-06-25,AoYtgGHfsG4,Taylor Swift Ice Bucket Challenge with Jamie King,2014-10-06T20:08:47Z,PT55S,666164,32,40859,1303,29,none,public,processed,"[""Ice Bucket Challenge"", ""Taylor Swift (Celebrity)""]"
2026-06-25,DjABPXfE4Fs,Philadelphia :),2008-11-17T20:32:42Z,PT4M6S,530587,32,8616,835,10,none,public,processed,"[""Taylor"", ""Swift"", ""Philadelphia""]"
2026-06-25,1vj3YhYrULo,Wonderstruck Enchanted Taylor Swift Chapter 3,2012-09-20T20:27:33Z,PT31S,576716,31,14968,1005,24,none,public,processed,"[""wonderstruck"", ""enchanted"", ""Perfume"", ""elizabeth arden""]"
2026-06-25,m_4CSbzwPtE,"Taylor And ""Friends""",2008-08-17T22:26:08Z,PT2M17S,1051346,31,11088,1002,10,none,public,processed,"[""taylor"", ""swift"", ""friends"", ""new"", ""album"", ""video""]"
2026-06-25,1G1ES1y6AyI,My band has bad private plane manners.,2008-06-26T21:58:19Z,PT25S,872070,31,10879,614,10,none,public,processed,"[""Taylor"", ""Swift"", ""plane"", ""Grant"", ""Amos""]"
2026-06-25,kpzwfS5x068,Taylor Swift Fragrances Made Of Starlight Musical Edition,2013-12-05T21:24:59Z,PT31S,507301,29,13063,369,10,none,public,processed,[]
2026-06-25,0jWoq3COzts,London!!!,2008-11-17T19:55:46Z,PT4M46S,824194,29,11293,1341,10,none,public,processed,"[""Taylor"", ""Swift""]"
2026-06-25,nfFujEdM0_E,Taylor Swift - Lavender Haze (Jungle Remix),2023-03-03T05:00:23Z,PT3M59S,287566,28,15418,1019,10,none,public,processed,"[""lavender haze"", ""taylor swift"", ""taylor swift lavender haze"", ""lavender haze remix"", ""taylor swift remix"", ""taylor swift midnights remix"", ""midnights songs"", ""midnights remix"", ""taylor swift midnights""]"
2026-06-25,opS9a1_PuWA,Taylor Swift - Love Story (Live From Clear Channel Stripped 2008 / Audio),2020-04-24T04:00:20Z,PT3M46S,29869,28,472,76,10,none,public,processed,"[""Taylor"", ""Swift"", ""Love"", ""Story"", ""(Live"", ""From"", ""Clear"", ""Channel"", ""Stripped"", ""2008"", ""Audio)"", ""Big"", ""Machine"", ""Records"", ""LLC"", ""Country""]"
2026-06-25,1qwxqyac0Z8,Taylor Swift - The Archer First Ever Live Performance,2019-08-23T00:04:42Z,PT4M1S,428355,28,36051,1259,10,none,public,processed,"[""taylor swift archer"", ""taylor swift the archer"", ""taylor swift archer live"", ""archer live"", ""the archer live"", ""taylor swift first performance"", ""taylor swift lovers lounge"", ""taylor swift live"", ""taylor swift performance"", ""taylor swift fan show"", ""small taylor swift show"", ""intimate taylor swift show""]"
2026-06-25,FvodYNcH13Q,Meredith learns about ACM voting...,2012-03-19T16:14:35Z,PT1M39S,1958950,28,57901,4281,24,none,public,processed,"[""taylor"", ""swift"", ""vote"", ""acm"", ""awards"", ""academy"", ""country"", ""music"", ""meredith"", ""cat"", ""entertainer"", ""of"", ""the"", ""year""]"
2026-06-25,U3yPyVFKGG8,New conference table.,2010-03-12T16:10:46Z,PT31S,1361268,28,56889,2234,10,none,public,processed,"[""taylor"", ""swift"", ""conference"", ""table""]"
2026-06-25,M134RqAbiwY,I hope it's gonna make you notice.,2009-03-05T23:28:03Z,PT5M8S,2908713,28,35426,3386,22,none,public,processed,"[""Taylor Swift"", ""Fearless""]"
2026-06-25,PWdT2ONbJbc,Taylor Swift - Livestream Announcement (8/22/19 @ 5pm EST),2019-08-15T18:06:59Z,PT40S,13839132,27,78774,4711,10,none,public,processed,"[""Taylor Swift"", ""Lovers Lounge"", ""Livestream"", ""Live"", ""Taylor Swift Live"", ""Lover"", ""Taylor Swift Lover"", ""YouTube"", ""Livestream Announcement"", ""taylor"", ""swift""]"
2026-06-25,xVKTOX3vMKM,"Taylor Swift talks about ""Welcome to New York""",2014-10-20T11:51:21Z,PT58S,642981,27,11802,335,10,none,public,processed,"[""Taylor Swift (Celebrity)"", ""1989"", ""New York City (City/Town/Village)"", ""Taylor"", ""Swift"", ""New"", ""Album"", ""Songwriter (Profession)"", ""composing"", ""Shake It Off (Composition)"", ""Good Morning America (TV Program)"", ""new song"", ""new single"", ""cut by cut"", ""music"", ""ITunes (Software)"", ""Singing (Musical Instrument)"", ""about welcome to new york""]"
2026-06-25,x2hRdQnbzKQ,Your world is my world.,2009-08-19T16:34:06Z,PT6M22S,1151274,27,27459,2417,24,none,public,processed,"[""Taylor Swift"", ""Fearless"", ""Keith Urban"", ""Kiss""]"
2026-06-25,I4TIvOCa3t8,Taylor Swift Live Webcast on YouTube - 8/13 @ 7pm ET,2012-08-07T13:52:38Z,PT29S,1023574,26,10620,4936,24,none,public,processed,"[""taylor"", ""swift"", ""august"", ""13"", ""announce"", ""live"", ""on"", ""youtube"", ""google"", ""web"", ""chat"", ""fans"", ""questions"", ""announcement"", ""event"", ""#august13""]"
2026-06-25,xDJLsPd6NdY,Taylor Swift - Safe & Sound (Behind The Scenes) ft. The Civil Wars,2012-02-16T08:00:00Z,PT4M4S,1502123,26,21936,1096,10,none,public,processed,"[""Taylor"", ""Swift"", ""Safe"", ""Sound"", ""(Behind"", ""The"", ""Scenes)"", ""Universal"", ""Records"", ""Pop""]"
2026-06-25,ZMt6TFO0zn4,Taylor Swift CoverGirl NatureLuxe,2011-01-06T17:52:21Z,PT31S,978643,25,13027,1368,24,none,public,processed,"[""taylor"", ""swift"", ""covergirl"", ""cover"", ""girl"", ""nature"", ""luxe"", ""natureluxe"", ""makeup"", ""make"", ""up""]"
2026-06-25,1-oRawNFmk4,Taylor Swift - Teardrops On My Guitar (Live From Clear Channel Stripped 2008 / Audio),2020-04-24T04:00:00Z,PT3M22S,8127,24,222,19,10,none,public,processed,"[""Taylor"", ""Swift"", ""Teardrops"", ""Guitar"", ""(Live"", ""From"", ""Clear"", ""Channel"", ""Stripped"", ""2008"", ""Audio)"", ""Big"", ""Machine"", ""Records"", ""LLC"", ""Country""]"
2026-06-25,2SXLyqKAFYU,Taylor Swift - Beautiful Eyes (Live From Clear Channel Stripped 2008 / Audio),2020-04-24T04:00:02Z,PT3M2S,14332,22,354,36,10,none,public,processed,"[""Taylor"", ""Swift"", ""Country"", ""taylor swift"", ""taylor swift beautiful eyes"", ""beautiful eyes"", ""taylor beautiful eyes""]"
2026-06-25,dwdtzwua2pY,"Taylor Swift, ZAYN - I Don’t Wanna Live Forever (Fifty Shades Darker) BTS 4 – Glitter Lip [EXTENDED]",2017-02-01T18:30:00Z,PT1M30S,3155209,22,71358,2396,10,none,public,processed,"[""ZAYN"", ""Taylor"", ""Swift"", ""Don’t"", ""Wanna"", ""Live"", ""Forever"", ""(Fifty"", ""Shades"", ""Darker)"", ""Fifty"", ""Darker"", ""Soundtrack""]"
2026-06-25,UfRqjF_8IqQ,Taylor Swift RED Tour Asia announcement,2014-02-13T05:46:11Z,PT42S,276822,22,7501,1253,10,none,public,processed,"[""Taylor Swift (Musical Artist)"", ""Red Tour""]"
2026-06-25,SnN7kIqDgz0,Watching the CMA Announcements!,2009-09-09T20:04:29Z,PT3M21S,979024,22,31855,4168,10,none,public,processed,"[""Taylor"", ""Swift"", ""CMA Awards"", ""Fearless""]"
2026-06-25,8w4A1vVaNmE,"Whisper hello, I miss you quite terribly.",2009-05-08T17:02:16Z,PT4M56S,5699728,22,21083,3095,22,none,public,processed,"[""Taylor Swift"", ""CMT Awards"", ""London""]"
2026-06-25,qvcSth8LvEw,1 with a bullet.,2008-11-25T18:35:47Z,PT4M24S,821870,22,8378,1118,10,none,public,processed,"[""Taylor"", ""Swift"", ""Fearless""]"
2026-06-25,5FODVFJZlTg,"Taylor Swift - #VevoCertified, Pt. 5: You Belong With Me (Taylor Commentary)",2012-10-29T15:45:07Z,PT4M15S,1810046,21,18638,1577,10,none,public,processed,"[""Taylor"", ""Swift"", ""#VEVOCertified"", ""Pt."", ""You"", ""Belong"", ""With"", ""(Taylor"", ""Commentary)"", ""Big"", ""Machine"", ""Records"", ""LLC."", ""Country"", ""Pop""]"
2026-06-25,Tj6qU4dlKeA,Taylor Swift - Fearless (Live From Clear Channel Stripped 2008 / Audio),2020-04-24T04:00:21Z,PT3M24S,43320,20,565,63,10,none,public,processed,"[""Taylor"", ""Swift"", ""Fearless"", ""(Live"", ""From"", ""Clear"", ""Channel"", ""Stripped"", ""2008"", ""Audio)"", ""Big"", ""Machine"", ""Records"", ""LLC"", ""Country""]"
2026-06-25,AbKi_WHS9WA,Taylor Swift - Last Christmas (Audio),2019-12-09T19:45:51Z,PT3M34S,79004,20,1136,61,10,none,public,processed,"[""Taylor"", ""Swift"", ""Last"", ""Christmas"", ""(Audio)"", ""Big"", ""Machine"", ""Records"", ""LLC"", ""Country""]"
2026-06-25,VhFFAQuAUqo,Fairytale Adventures in Australia and Japan.,2010-03-01T01:21:07Z,PT5M47S,921926,20,15703,1832,10,none,public,processed,"[""taylor"", ""swift"", ""japan"", ""australia"", ""fearless"", ""video"", ""blog"", ""today was a fairytale"", ""fairytale"", ""adventures""]"
2026-06-25,rJVYkPjQf9s,Rascal Flatt's tour and Grey's Anatomy,2008-11-17T20:35:15Z,PT4M9S,367227,20,7176,687,10,none,public,processed,"[""Taylor"", ""Swift"", ""Grey's"", ""Anatomy""]"
2026-06-25,Ivz6lNNAYaE,MySpace Presents: The Fit Featuring Taylor Swift,2008-06-26T23:02:37Z,PT4M12S,699096,20,5413,567,10,none,public,processed,"[""Taylor"", ""Swift"", ""MySpace"", ""The"", ""Fit"", ""fashion"", ""seventeen"", ""cover""]"
2026-06-25,BxZi6jC2JAI,"Behind The Fragrance, Taylor Swift Incredible Things featuring Taylor Swift (Behind The Scenes)",2014-12-15T17:13:20Z,PT1M24S,518375,19,19357,601,10,none,public,processed,"[""Incredible Things"", ""Taylor Swift (Celebrity)"", ""Perfume (Product Category)"", ""Blank Space"", ""Fragrance"", ""Beauty"", ""Behind The Scenes"", ""Music"", ""1989""]"
2026-06-25,sIjKXPXjVxU,"""I Knew You Were Trouble."" Behind-The-Scenes #2",2013-02-05T21:30:26Z,PT3M54S,441916,18,10522,410,10,none,public,processed,"[""taylor"", ""swift"", ""knew"", ""you"", ""were"", ""trouble"", ""when"", ""walked"", ""in"", ""behind"", ""the"", ""scenes"", ""music"", ""video"", ""episode""]"
2026-06-25,dLfkQNnzh2o,Safe & Sound (The Hunger Games: Songs From District 12 And Beyond - The Collaboration),2012-02-29T08:00:00Z,PT4M17S,2459591,18,22520,959,10,none,public,processed,"[""Taylor"", ""Swift"", ""Safe"", ""Sound"", ""Universal"", ""Records"", ""Pop""]"
2026-06-25,mxBSpHji2oo,A Hug From Taylor Swift - Challenge #1,2010-03-25T16:19:23Z,PT3M16S,888738,18,12842,1089,24,none,public,processed,"[""taylor"", ""swift"", ""hug"", ""from"", ""challenge"", ""help"", ""old"", ""lady"", ""across"", ""the"", ""street""]"
2026-06-25,k4lGZmwk0O0,Taylor Swift - Silent Night (Audio),2019-12-07T01:17:54Z,PT3M35S,7212,17,250,34,10,none,public,processed,"[""Taylor"", ""Swift"", ""Silent"", ""Night"", ""(Audio)"", ""Big"", ""Machine"", ""Records"", ""LLC"", ""Country""]"
2026-06-25,3H21433WdtU,"""Holy Ground"" Live on the RED Tour!",2013-03-15T21:22:06Z,PT45S,362994,17,9064,683,10,none,public,processed,"[""taylor"", ""swift"", ""red"", ""tour"", ""live"", ""holy"", ""ground""]"
2026-06-25,tBEFMmkgu7s,My new favorite thing ... thank you!,2012-04-02T03:49:00Z,PT30S,1201948,17,41682,3746,10,none,public,processed,"[""taylor"", ""swift"", ""acm"", ""awards"", ""country"", ""music"", ""entertainer"", ""of"", ""the"", ""year""]"
2026-06-25,PVtlDvh74H8,A Hug From Taylor Swift - Challenge #3,2010-04-24T03:58:16Z,PT1M3S,1016001,17,8268,895,24,none,public,processed,"[""taylor"", ""swift"", ""hug"", ""from""]"
2026-06-25,QDiyzUSx288,Taylor Swift - Change (Live From Clear Channel Stripped 2008 / Audio),2020-04-24T04:00:10Z,PT4M23S,7209,16,314,110,10,none,public,processed,"[""Taylor"", ""Swift"", ""Change"", ""(Live"", ""From"", ""Clear"", ""Channel"", ""Stripped"", ""2008"", ""Audio)"", ""Big"", ""Machine"", ""Records"", ""LLC"", ""Country""]"
2026-06-25,jinbX0hwYOo,"""I Knew You Were Trouble."" Behind-The-Scenes #3",2013-02-05T21:31:21Z,PT3M37S,425324,16,10778,485,10,none,public,processed,"[""taylor"", ""swift"", ""knew"", ""you"", ""were"", ""trouble"", ""when"", ""walked"", ""in"", ""behind"", ""the"", ""scenes"", ""music"", ""video"", ""episode""]"
2026-06-25,MHDjff07l0I,Thanksgiving break and The Academy Is...,2009-03-06T00:20:07Z,PT5M23S,662288,16,8264,795,22,none,public,processed,"[""Taylor Swift"", ""Fearless"", ""Thanksgiving""]"
2026-06-25,bkADPxWSeak,Behind The Scenes @ CMA Music Festival,2008-09-02T17:53:24Z,PT1M33S,321305,16,3801,272,10,none,public,processed,"[""Taylor"", ""Swift"", ""CMA"", ""Music"", ""Festival""]"
2026-06-25,o_CgCUINYmQ,Taylor Swift - Untouchable (Live From Clear Channel Stripped 2008 / Audio),2020-04-24T04:00:17Z,PT3M49S,15355,15,323,33,10,none,public,processed,"[""Taylor"", ""Swift"", ""Untouchable"", ""(Live"", ""From"", ""Clear"", ""Channel"", ""Stripped"", ""2008"", ""Audio)"", ""Big"", ""Machine"", ""Records"", ""LLC"", ""Country""]"
2026-06-25,YoJj-5nAGpM,Taylor Swift's RED Tour Announcement!,2012-10-27T01:56:56Z,PT1M3S,531312,15,10538,3216,10,none,public,processed,"[""TS102412"", ""REDTourAnnounce"", ""V4"", ""H264""]"
2026-06-25,weQBrpLffrA,Taylor Swift Billboard Woman of the Year,2012-06-04T17:04:19Z,PT5M27S,1009913,15,37313,2044,10,none,public,processed,"[""taylor"", ""swift"", ""billboard"", ""music"", ""awards"", ""woman"", ""of"", ""the"", ""year"", ""Taylor Swift (Musical Artist)"", ""Award""]"
2026-06-25,w7p_BCIX-rw,A Hug From Taylor Swift - The Final Challenge,2010-06-02T18:44:29Z,PT5M6S,561942,15,13370,1424,24,none,public,processed,"[""hug"", ""from"", ""taylor"", ""swift"", ""final"", ""challenge"", ""auburn"", ""university""]"
2026-06-25,66kn6Dcr12E,Taylor Swift's reputation Stadium Tour - Trailer,2017-12-13T15:00:00Z,PT31S,567052,14,33425,2152,10,none,public,processed,"[""taylor swift"", ""reputation"", ""rep"", ""taylor swift's reputation stadium tour"", ""live"", ""event"", ""worldwide"", ""north america"", ""look what you made me do"", ""ready for it"", ""end game""]"
2026-06-25,LyoTb3fxEnU,Some extraordinary news...,2013-01-27T20:59:07Z,PT45S,1181141,14,19702,3135,24,none,public,processed,"[""taylor"", ""swift"", ""diet"", ""coke""]"
2026-06-25,45KfDAgw_Is,November 11th.,2008-11-17T20:58:44Z,PT5M51S,718324,14,7263,977,10,none,public,processed,"[""Taylor"", ""Swift"", ""Fearless""]"
2026-06-25,UY3UfH-ittk,Taylor’s Diary - My 13 Year Old Self (Exclusive Reading from Deluxe Edition Lover Album),2019-08-23T00:05:21Z,PT1M57S,269962,13,19877,485,10,none,public,processed,"[""taylot swift"", ""taylor swift lovers loung live"", ""lovers lounge"", ""lovers lounge live"", ""taylor swift diary""]"
2026-06-25,QQVHNOxYv5E,Taylor Swift's 'Journey to Fearless' on The Hub,2010-10-19T23:10:37Z,PT31S,404113,13,5183,542,24,none,public,processed,"[""Taylor"", ""swift"", ""the"", ""hub"", ""journey"", ""to"", ""fearless"", ""special""]"
2026-06-25,Uo6HuSCBZu4,A Hug From Taylor Swift - Challenge #2,2010-04-01T15:38:34Z,PT1M37S,1060318,13,10794,1619,24,none,public,processed,"[""taylor"", ""swift"", ""hug"", ""from""]"
2026-06-25,wzLhAZn_JMk,Behind-the-scenes in BAND HERO with Taylor!,2009-11-02T22:00:19Z,PT1M17S,941555,13,7598,643,20,none,public,processed,"[""taylor"", ""swift"", ""taylor swift"", ""band"", ""hero"", ""band hero""]"
2026-06-25,RMW3fAructY,Taylor Swift reputation Stadium Tour // Trailer 2,2018-04-05T21:06:54Z,PT31S,435955,12,29330,2088,10,none,public,processed,"[""taylor swift"", ""rep"", ""reputation"", ""reputation stadium tour"", ""camila cabello"", ""charli xcx"", ""havana"", ""delicate"", ""end game"", ""ed sheeran"", ""look what you made me do"", ""ready for it""]"
2026-06-25,cM2CXMcG5w8,#STYLEmemories Two,2015-02-19T03:15:08Z,PT15S,249570,12,10030,266,10,none,public,processed,"[""Taylor Swift (Celebrity)"", ""Taylor Swift (Musical Album)"", ""1989"", ""STYLE Music Video"", ""TS1989"", ""Music Video""]"
2026-06-25,81doBkpkdJQ,"Preview ""Welcome To New York"" by Taylor Swift",2014-10-20T11:51:39Z,PT31S,2140877,12,19013,1466,10,none,public,processed,"[""Taylor Swift (Celebrity)""]"
2026-06-25,kX6h4gDYLzM,Taylor Swift - Picture To Burn (Live From Clear Channel Stripped 2008 / Audio),2020-04-24T04:00:17Z,PT2M59S,7210,11,227,28,10,none,public,processed,"[""Taylor"", ""Swift"", ""Picture"", ""Burn"", ""(Live"", ""From"", ""Clear"", ""Channel"", ""Stripped"", ""2008"", ""Audio)"", ""Big"", ""Machine"", ""Records"", ""LLC"", ""Country""]"
2026-06-25,I2LBLztkeDc,Taylor Swift - Christmases When You Were Mine (Audio),2019-12-07T02:43:41Z,PT3M9S,8155,11,185,10,10,none,public,processed,"[""Taylor"", ""Swift"", ""Christmases"", ""When"", ""You"", ""Were"", ""Mine"", ""(Audio)"", ""Big"", ""Machine"", ""Records"", ""LLC"", ""Country""]"
2026-06-25,GVKuFZhB1e8,Taylor Swift In Band Hero,2009-10-01T18:26:46Z,PT2M3S,662680,11,7914,1861,20,none,public,processed,"[""music"", ""taylor swift"", ""taylor"", ""swift"", ""band"", ""hero"", ""band hero"", ""video games"", ""guitar hero"", ""guitar"", ""virtual""]"
2026-06-25,Y3eRmLTN7FQ,Surprise! Taylor Wins 2 Teen Choice Awards!,2009-08-11T03:49:48Z,PT3M37S,448488,11,6876,1128,10,none,public,processed,"[""Taylor"", ""Swift"", ""Country"", ""Teen"", ""Choice"", ""Awards""]"
2026-06-25,iyYhqYELWtA,Taylor Swift Answers Questions From Fans From Lover’s Lounge Live,2019-08-23T00:05:52Z,PT6M5S,316362,10,21755,626,10,none,public,processed,"[""taylor swift"", ""taylor swift questions"", ""taylor swift fan questions"", ""taylor swift q&a"", ""taylor swift lovers lounge"", ""lovers lounge"", ""taylor swift interview""]"
2026-06-25,JggOSZFlk0U,Taylor Swift's The 1989 World Tour,2014-11-03T13:39:39Z,PT15S,729020,10,10978,1050,10,none,public,processed,"[""Taylor Swift (Celebrity)"", ""Musician (Profession)"", ""Concert (TV Genre)"", ""Music (TV Genre)"", ""1989"", ""album"", ""singing""]"
2026-06-25,LGA54hn8uwU,Taylor By Taylor Swift commercial: sneak peek,2013-06-13T18:02:25Z,PT20S,350681,9,12562,987,24,none,public,processed,[]
2026-06-25,ueZmiOaDDlU,What Fans Can Expect on the RED Tour,2013-03-15T20:51:38Z,PT42S,175654,9,5050,523,10,none,public,processed,"[""taylor"", ""swift"", ""red"", ""tour""]"
2026-06-25,k2zfi4gLekU,"""All Too Well"" Song Preview from RED - Now Available",2012-10-24T18:49:35Z,PT1M42S,142403,9,3716,450,10,none,public,processed,"[""taylor"", ""swift"", ""all"", ""too"", ""well"", ""song"", ""preview"", ""lip"", ""audio"", ""red"", ""album""]"
2026-06-25,6OPPGOl7ctE,Win A Taylor Swift Performance on Your Campus!,2012-08-21T15:49:27Z,PT26S,347945,9,4994,1292,10,none,public,processed,"[""Chegg+FullBannerH264Viewer""]"
2026-06-25,1D5E5KLkfsI,Taylor Swift's Worldwide Live Stream on Yahoo - Highlights,2014-08-19T06:54:29Z,PT3M31S,428324,8,8474,317,10,none,public,processed,"[""taylor swift"", ""shake it off"", ""live stream"", ""livestream"", ""yahoo"", ""abc"", ""1989"", ""music video"", ""dance"", ""dancing"", ""fans"", ""swifties"", ""announcement"", ""new album""]"
2026-06-25,Ac7wMLgLtpY,Taylor Swift on Style: Outtakes,2013-08-16T15:57:47Z,PT1M34S,193035,8,4532,260,10,none,public,processed,[]
2026-06-25,YUSPwqd4674,Taylor by Taylor Swift Fragrance Video Part 1,2013-07-01T11:07:59Z,PT31S,655365,8,10486,1012,10,none,public,processed,[]
2026-06-25,TGslPGte8Mw,"""Stay Stay Stay"" Song Preview from RED - Now Available",2012-10-26T19:48:41Z,PT1M17S,110862,8,2312,227,10,none,public,processed,"[""taylor"", ""swift"", ""stay"", ""song"", ""single"", ""clip"", ""preview"", ""audio"", ""red"", ""album""]"
2026-06-25,KFoOCZeKgzQ,Speak Now World Tour Live CD+DVD,2011-09-21T14:27:30Z,PT1M12S,277669,8,5523,688,10,none,public,processed,"[""taylor"", ""swift"", ""speak"", ""now"", ""live"", ""tour"", ""dvd"", ""cd"", ""concert""]"
2026-06-25,9wXlz0f-2Zo,"Taylor Swift Speak Now Fan Video : Stockhold, Sweden",2011-02-14T05:32:11Z,PT3M7S,214000,8,2436,240,10,none,public,processed,"[""taylor"", ""swift"", ""speak"", ""now"", ""fan"", ""video"", ""album"", ""release"", ""bloggie"", ""stockhold"", ""sweden""]"
2026-06-25,cMXyjbxuxYQ,Taylor Swift - White Christmas (Audio),2019-12-07T01:16:54Z,PT2M38S,7944,7,147,6,10,none,public,processed,"[""Taylor"", ""Swift"", ""White"", ""Christmas"", ""(Audio)"", ""Big"", ""Machine"", ""Records"", ""LLC"", ""Country""]"
2026-06-25,gRIWxlehJVg,"Taylor’s Diary -  Discusses Getting Her First Cat Meredith Grey, Tour and Middle School",2019-08-23T00:06:18Z,PT2M4S,122338,7,8425,176,10,none,public,processed,[]
2026-06-25,bKBJhghRfEk,#STYLEmemories One,2015-02-19T03:15:26Z,PT15S,258242,7,10036,316,10,none,public,processed,"[""Taylor Swift (Celebrity)"", ""Taylor Swift (Musical Album)"", ""1989"", ""STYLE Music Video"", ""STYLE"", ""Music Video (TV Genre)""]"
2026-06-25,y9yIBAmBDtk,Taylor Swift on Style: Part 3,2013-08-12T15:13:58Z,PT1M32S,128728,7,3520,204,10,none,public,processed,[]
2026-06-25,xmauy4h3rPg,Welcome to the Official Taylor Swift YouTube Channel!,2013-07-25T14:58:57Z,PT59S,107136,7,3931,441,10,none,public,processed,"[""Taylor Swift (Musical Artist)"", ""music""]"
2026-06-25,FNWq-pr5ON8,"Taylor Swift - #VevoCertified, Pt. 6: Mine (Taylor Commentary)",2012-10-29T15:45:07Z,PT4M17S,853893,7,11669,721,10,none,public,processed,"[""Taylor"", ""Swift"", ""#VEVOCertified"", ""Pt."", ""Mine"", ""(Taylor"", ""Commentary)"", ""Big"", ""Machine"", ""Records"", ""LLC."", ""Country"", ""Pop""]"
2026-06-25,sWgxCBXn2Y0,"Taylor Swift - #VevoCertified, Pt. 1: Award Presentation",2012-10-29T15:45:07Z,PT2M14S,3552844,7,16552,1643,10,none,public,processed,"[""Taylor"", ""Swift"", ""#VEVOCertified"", ""Pt."", ""Award"", ""Presentation"", ""Big"", ""Machine"", ""Records"", ""LLC."", ""Country"", ""Pop""]"
2026-06-25,h6CRgcouLuU,"""Ours"" Behind-the-Scenes - Zach",2011-12-09T18:38:29Z,PT1M58S,187195,7,3513,242,10,none,public,processed,"[""ours"", ""music"", ""video"", ""taylor"", ""swift"", ""behind"", ""the"", ""scenes""]"
2026-06-25,beGv3NTnduo,"""Ours"" Behind-the-Scenes - We're Making a Video",2011-12-07T22:23:13Z,PT2M8S,157145,7,3509,269,10,none,public,processed,"[""ours"", ""music"", ""video"", ""taylor"", ""swift"", ""behind"", ""the"", ""scenes""]"
2026-06-25,O0Mnebw_TJc,Speak Now World Tour Live CD/DVD - Available Now!,2011-11-22T17:54:03Z,PT1M28S,254506,7,5810,772,10,none,public,processed,"[""taylor"", ""swift"", ""dvd"", ""cd"", ""blu"", ""ray"", ""disc"", ""live"", ""tour"", ""speak"", ""now"", ""available""]"
2026-06-25,urcHObkMCBE,Taylor Swift's Wonderstruck Fragrance,2011-09-16T15:11:21Z,PT50S,393097,7,9425,1108,10,none,public,processed,"[""taylor"", ""swift"", ""wonderstruck"", ""fragrance"", ""perfume"", ""enchanted""]"
2026-06-25,fTFcFeQOeLo,"Taylor Swift Speak Now Fan Video : San Diego, CA",2011-02-14T05:05:59Z,PT3M23S,118787,7,1734,140,10,none,public,processed,"[""taylor"", ""swift"", ""speak"", ""now"", ""fan"", ""video"", ""album"", ""release"", ""bloggie"", ""san"", ""diego"", ""ca"", ""california""]"
2026-06-25,FydBi2b_eoA,Taylor Swift - Should've Said No (Live From Clear Channel Stripped 2008 / Audio),2020-04-24T04:00:08Z,PT3M54S,8673,6,186,29,10,none,public,processed,"[""Taylor"", ""Swift"", ""Should've"", ""Said"", ""(Live"", ""From"", ""Clear"", ""Channel"", ""Stripped"", ""2008"", ""Audio)"", ""Big"", ""Machine"", ""Records"", ""LLC"", ""Country""]"
2026-06-25,QS-jLu3AOtU,Taylor Swift - Christmas Must Be Something More (Audio),2019-12-07T01:16:15Z,PT3M57S,8698,6,196,18,10,none,public,processed,"[""Taylor"", ""Swift"", ""Christmas"", ""Must"", ""Something"", ""More"", ""(Audio)"", ""Big"", ""Machine"", ""Records"", ""LLC"", ""Country""]"
2026-06-25,JgkCFCOAn48,The RED Tour Australia/New Zealand Announcement!,2013-05-08T13:58:36Z,PT50S,241194,6,5520,1753,10,none,public,processed,"[""Australia (Country)"", ""New Zealand (Country)"", ""REDTour""]"
2026-06-25,OZJdxFEdjSU,VH1 StoryTellers - Taylor Swift - Nov 11 @ 11/10c,2012-11-07T17:26:22Z,PT16S,202002,6,4025,268,24,none,public,processed,"[""taylor"", ""swift"", ""vh1"", ""storytellers""]"
2026-06-25,z___7lkxS0I,YouTube Presents Taylor Swift Q&A,2011-08-25T16:57:04Z,PT24S,328775,6,5450,2719,22,none,public,processed,"[""Taylor Swift"", ""Interview"", ""YouTube"", ""Q&A""]"
2026-06-25,rx86WwyoI7g,"Taylor Swift Speak Now Fan Video : Hampton, NJ",2011-02-14T04:39:17Z,PT3M57S,116873,6,1627,100,10,none,public,processed,"[""taylor"", ""swift"", ""speak"", ""now"", ""fan"", ""video"", ""album"", ""release"", ""bloggie"", ""sony"", ""hampton"", ""new"", ""jersey"", ""nj""]"
2026-06-25,KWPrDngWZSQ,"Taylor Swift Speak Now Fan Video : Minneapolis, MN",2011-02-14T04:08:07Z,PT3M1S,57107,6,2365,408,10,none,public,processed,"[""taylor"", ""swift"", ""speak"", ""now"", ""fan"", ""video"", ""album"", ""release"", ""bloggie"", ""sony"", ""minneapolis"", ""mn"", ""minnesota""]"
2026-06-25,SvEbXNgvXWY,Taylor Swift RED Tour London announcement,2013-09-30T06:05:16Z,PT50S,211169,5,4715,1208,10,none,public,processed,"[""Red Tour"", ""Taylor Swift (Musical Artist)"", ""London (City/Town/Village)"", ""Europe (Continent)"", ""The O2 Arena (Olympic Venue)""]"
2026-06-25,1hdDXzS63SY,Taylor Swift - Billboard Milestone Award,2013-05-15T17:01:30Z,PT47S,109772,5,3770,388,24,none,public,processed,"[""Billboard"", ""Music Awards"", ""Milestone""]"
2026-06-25,GDdVOpZkqRI,Vote Taylor Swift ACM Entertainer of the Year: VoteACM.com,2013-04-06T00:39:56Z,PT56S,130072,5,4128,490,10,none,public,processed,"[""acm"", ""entertainer"", ""of"", ""the"", ""year"", ""academy"", ""country"", ""music""]"
2026-06-25,KNKa1to1v6o,"""Treacherous"" Song Preview from RED - Now Available",2012-10-23T21:45:45Z,PT1M17S,188524,5,3733,469,10,none,public,processed,"[""taylor"", ""swift"", ""treacherous"", ""clip"", ""song"", ""preview"", ""red"", ""album""]"
2026-06-25,IdMI-HCO5QY,"""Ours"" Behind-the-Scenes - The Office",2011-12-19T02:51:06Z,PT4M36S,289437,5,6426,564,10,none,public,processed,"[""taylor"", ""swift"", ""ours"", ""behind"", ""the"", ""scenes"", ""music"", ""video"", ""office""]"
2026-06-25,gPJ8PFeq9Xw,"""Ours"" Behind-the-Scenes - Taylor's Look",2011-12-09T23:00:19Z,PT2M13S,200182,5,3266,352,10,none,public,processed,"[""taylor"", ""swift"", ""look"", ""music"", ""video"", ""ours"", ""behind"", ""the"", ""scenes""]"
2026-06-25,_zyYtE9di9A,"""Ours"" Behind-the-Scenes - ""The Story of the Video""",2011-12-08T21:06:20Z,PT1M50S,134292,5,2670,119,10,none,public,processed,"[""taylor"", ""swift"", ""behind"", ""the"", ""scenes"", ""footage"", ""ours"", ""music"", ""video""]"
2026-06-25,lZNJnOrwDTQ,"Taylor Talks Hugging Fans - 60 Minutes, Sunday Nov 21 @ 7/6c CBS",2011-11-19T00:11:40Z,PT1M25S,200128,5,3589,382,24,none,public,processed,"[""taylor"", ""swift"", ""60"", ""minutes"", ""fans"", ""cbs"", ""country"", ""singer""]"
2026-06-25,-CICulOcBQE,Taylor Swift WONDERSTRUCK Teaser,2011-09-21T22:10:38Z,PT40S,1209387,5,22133,1949,24,none,public,processed,"[""taylor"", ""swift"", ""wonderstruck"", ""fragrance"", ""elizabeth"", ""arden"", ""commercial"", ""teaser"", ""ad"", ""spot"", ""perfume""]"
2026-06-25,-0uRcwk818Y,"Taylor Swift Speak Now Fan Video : Nashville, TN",2011-02-14T04:33:28Z,PT3M57S,411100,5,3555,125,10,none,public,processed,"[""taylor"", ""swift"", ""speak"", ""now"", ""fan"", ""video"", ""album"", ""release"", ""bloggie"", ""sony"", ""nashville"", ""tn"", ""tennessee""]"
2026-06-25,jkin5pRLrQg,Taylor Swift Speak Now Fan Videos : Shot on a Bloggie,2011-02-14T03:00:29Z,PT4M16S,57749,5,1855,107,10,none,public,processed,"[""speak"", ""now"", ""album"", ""release"", ""sony"", ""bloggie"", ""fan"", ""videos"", ""blog"", ""vlog""]"
2026-06-25,aoYhTov8jsY,Taylor Swift reputation Stadium Tour - Official Merch,2018-05-01T23:26:41Z,PT31S,518359,4,41628,2311,10,none,public,processed,[]
2026-06-25,41Zxe-tqjoE,Taylor Swift on Style: Part 4,2013-08-14T17:23:18Z,PT1M50S,116294,4,2930,136,10,none,public,processed,[]
2026-06-25,C2giKOnk588,#HiFromTaylor Teaser,2013-07-30T14:37:58Z,PT9S,154096,4,4369,401,10,none,public,processed,[]
2026-06-25,qbx_wdqaeV0,"""Starlight"" Song Preview from RED - Now Available",2012-11-02T14:48:28Z,PT1M28S,186096,4,2911,257,10,none,public,processed,"[""STARLIGHT""]"
2026-06-25,dgzN0Puq_hE,"""Everything Has Changed"" Song Preview from RED - Now Available",2012-11-01T20:36:58Z,PT1M33S,189593,4,2385,223,10,none,public,processed,"[""EVERYTHING"", ""HAS"", ""CHANGED""]"
2026-06-25,Eo2D8Ez3WAo,"Taylor Swift - #VevoCertified, Pt. 4: Taylor Superfans aka Swifties",2012-10-29T15:45:07Z,PT3M8S,653699,4,6733,927,10,none,public,processed,"[""Taylor"", ""Swift"", ""#VEVOCertified"", ""Pt."", ""Superfans"", ""Big"", ""Machine"", ""Records"", ""LLC."", ""Country"", ""Pop""]"
2026-06-25,yBHlFJ9waVo,"""22"" Song Preview from RED - Now Available",2012-10-25T16:33:57Z,PT1M7S,201251,4,3216,361,10,none,public,processed,"[""taylor"", ""swift"", ""22"", ""song"", ""preview"", ""clip"", ""red"", ""album""]"
2026-06-25,wIvJI6mF1ME,"""Ours"" Behind-the-Scenes - Working with Taylor",2011-12-16T22:21:12Z,PT2M22S,168254,4,4842,138,10,none,public,processed,"[""taylor"", ""swift"", ""ours"", ""music"", ""video"", ""working"", ""with"", ""behind"", ""the"", ""scenes""]"
2026-06-25,HsLl-IL9c7E,"""Ours"" Behind-the-Scenes - Home Movies",2011-12-13T20:50:44Z,PT1M54S,139754,4,3313,269,10,none,public,processed,"[""taylor"", ""swift"", ""ours"", ""music"", ""video"", ""behind"", ""the"", ""scenes"", ""home"", ""movies""]"
2026-06-25,Y89k5sfHBaw,"""Ours"" Behind-the-Scenes - Locations",2011-12-09T22:47:48Z,PT2M24S,101361,4,2514,135,10,none,public,processed,"[""ours"", ""behind"", ""the"", ""scenes"", ""locations"", ""taylor"", ""swift"", ""music"", ""video""]"
2026-06-25,dlBQSxDuy2I,"Taylor Swift Speak Now Fan Video : Omaha, NE",2011-02-14T04:59:38Z,PT4M20S,57153,4,1942,312,10,none,public,processed,"[""taylor"", ""swift"", ""speak"", ""now"", ""fan"", ""video"", ""album"", ""release"", ""bloggie"", ""sony"", ""omaha"", ""ne"", ""nebraska""]"
2026-06-25,37Pc4cjk9pY,Vote Taylor: ACM Entertainer of the Year,2010-04-02T03:59:52Z,PT3M31S,344388,4,7258,806,10,none,public,processed,"[""taylor"", ""swift"", ""acm"", ""entertainer"", ""of"", ""the"", ""year""]"
2026-06-25,EuT6nQvdcpo,"Q&A with Taylor on Taylor By Taylor Swift, the fragrance",2013-08-01T22:14:56Z,PT37S,248524,3,5957,419,10,none,public,processed,[]
2026-06-25,75NpXm04S1I,"""The Lucky One"" Song Preview from RED - Now Available",2012-10-31T18:41:09Z,PT1M12S,213340,3,2234,220,10,none,public,processed,"[""taylor"", ""swift"", ""the"", ""lucky"", ""one"", ""song"", ""preview"", ""audio"", ""clip"", ""red"", ""album""]"
2026-06-25,oo1CoPXIOuI,"""Sad Beautiful Tragic"" Song Preview from RED - Now Available",2012-10-30T16:54:49Z,PT1M42S,203495,3,2056,147,10,none,public,processed,"[""taylor"", ""swift"", ""sad"", ""beautiful"", ""tragic"", ""song"", ""preview"", ""audio"", ""clip"", ""red"", ""album""]"
2026-06-25,CpwF5fw6dE0,"Taylor Swift Speak Now Fan Video : Ajalvir (Madrid), Spain",2011-02-14T05:19:09Z,PT3M19S,97998,3,2123,148,10,none,public,processed,"[""taylor"", ""swift"", ""speak"", ""now"", ""fan"", ""video"", ""album"", ""release"", ""bloggie"", ""madrid"", ""spain"", ""ajalvir""]"
2026-06-25,YcuEHj-Nr58,"Taylor Swift - #VEVOCertified, Pt. 2: Taylor On Making Music Videos",2012-10-29T15:45:07Z,PT2M43S,782574,2,10039,438,10,none,public,processed,"[""Taylor"", ""Swift"", ""#VEVOCertified"", ""Pt."", ""Making"", ""Music"", ""Videos"", ""Big"", ""Machine"", ""Records"", ""LLC."", ""Country"", ""Pop""]"
2026-06-25,TfjfzDIAIGE,"""The Last Time"" Song Preview from RED - Now Available",2012-10-26T19:48:19Z,PT1M32S,81737,2,1942,143,10,none,public,processed,"[""taylor"", ""swift"", ""red"", ""album"", ""the"", ""last"", ""time"", ""song"", ""preview"", ""audio"", ""clip""]"
2026-06-25,YszERgNNKnc,"""I Almost Do"" Song Preview from RED - Now Available",2012-10-26T15:31:35Z,PT1M7S,205876,2,2177,170,10,none,public,processed,"[""taylor"", ""swift"", ""almost"", ""do"", ""song"", ""clip"", ""audio"", ""red"", ""album"", ""record""]"
2026-06-25,QvNW_z1Y7Ls,"""Ours"" Behind-the-Scenes - That's a Wrap",2011-12-16T22:35:51Z,PT2M7S,170927,2,3280,172,10,none,public,processed,"[""taylor"", ""swift"", ""music"", ""video"", ""ours"", ""behind"", ""the"", ""scenes""]"
2026-06-25,yHqjZUxaigo,"""Ours"" Behind-the-Scenes - Message of Ours",2011-12-16T22:10:23Z,PT1M50S,271849,2,6551,290,10,none,public,processed,"[""taylor"", ""swift"", ""behind"", ""the"", ""scenes"", ""music"", ""video"", ""ours"", ""message"", ""of""]"
2026-06-25,7D6-_twz7YE,"""Ours"" Behind-the-Scenes - The Inspiration",2011-12-16T22:08:33Z,PT1M43S,120688,2,2880,106,10,none,public,processed,"[""taylor"", ""swift"", ""ours"", ""music"", ""video"", ""behind"", ""the"", ""scenes"", ""inspiration""]"
2026-06-25,xIoApJgIw8U,Taylor Swift WONDERSTRUCK In-Store Appearances,2011-11-17T17:38:19Z,PT2M3S,278322,2,5683,552,24,none,public,processed,"[""taylor"", ""swift"", ""wonderstruck"", ""appearances"", ""belk"", ""macys"", ""perfume"", ""singer"", ""guitar"", ""country"", ""video""]"
2026-06-25,91EDAPQLsXc,"Taylor Swift Speak Now Fan Video : Chicago, IL",2011-02-14T03:50:44Z,PT3M32S,120221,2,2411,153,10,none,public,processed,"[""taylor"", ""swift"", ""speak"", ""now"", ""fan"", ""video"", ""album"", ""release"", ""bloggie"", ""sony"", ""chicago"", ""illinois"", ""il""]"
2026-06-25,ehLp0cjqkRk,"Taylor Swift - #VEVOCertified, Pt. 3: Taylor Talks About Her Fans",2012-10-29T15:45:07Z,PT2M21S,811451,1,12487,840,10,none,public,processed,"[""Taylor"", ""Swift"", ""#VEVOCertified"", ""Pt."", ""Talks"", ""About"", ""Her"", ""Fans"", ""Big"", ""Machine"", ""Records"", ""LLC."", ""Country"", ""Pop""]"
2026-06-25,0Ot5C6O-KfA,"""Ours"" Behind-the-Scenes - Director Casting",2011-12-13T21:05:40Z,PT2M28S,104104,1,2775,310,10,none,public,processed,"[""taylor"", ""swift"", ""ours"", ""music"", ""video"", ""behind"", ""the"", ""scenes"", ""director"", ""casting""]"
2026-06-25,x_uxpBJQqCA,Opalite Official Music Video Extended Versions Part 1 & 2 out now at TaylorSwift.com ✨,2026-02-13T05:18:20Z,PT27S,612017,0,42141,805,10,none,public,processed,[]
2026-06-25,jgdFUoZzCI0,Taylor Swift – folklore: the long pond studio sessions | Official Trailer | Disney+,2020-11-24T13:15:46Z,PT1M57S,1574872,0,154867,11158,10,none,public,processed,"[""Taylor Swift"", ""Disney Plus"", ""Disney+"", ""folklore"", ""movie""]"
2026-06-25,oWVYzCPs3nE,TaylorSwiftVEVO Live Stream,2017-12-01T21:00:48Z,P0D,0,0,63,1,10,upcoming,public,uploaded,[]
2026-06-25,e7HLU5-0VU4,Taylor Swift Live Stream,2017-09-26T22:54:35Z,P0D,0,0,94,0,10,upcoming,public,uploaded,[]
2026-06-25,Rcex4Nw6Z9U,"""Holy Ground"" Song Preview from RED - Now Available",2012-10-29T19:21:18Z,PT1M48S,125304,0,2184,209,10,none,public,processed,"[""taylor"", ""swift"", ""holy"", ""ground"", ""song"", ""clip"", ""audio"", ""preview"", ""red"", ""album""]"
2026-06-25,AtHsg4USz8g,"""Ours"" Behind-the-Scenes - The Director",2011-12-07T23:04:15Z,PT1M56S,166140,0,3172,208,10,none,public,processed,"[""ours"", ""music"", ""video"", ""taylor"", ""swift"", ""behind"", ""the"", ""scenes""]"
